,company_name,company_url
9174,Storm Global Analytics,http://www.stormglobalanalytics.com
9175,Navistar Inc,http://www.Navistar.com
9176,"Universiti Labs, LLC",http://www.universiti.com/
9177,Ethos Search,http://www.ethossearch.com
9178,AerVision Technologies,http://www.aervision.com
9179,Talent Insights Group,http://www.talentinsights.com.au
9180,Axalon,https://axalon.io
9181,Cymax Group Technologies,https://www.cymaxgroup.com/
9182,Vivid Machines,https://www.vivid-machines.com/
9183,Media Players Ltd,http://www.mediaplayers.tech
9184,Next Pathway Inc.,http://www.nextpathway.com
9185,Clarivate,http://www.clarivate.com/
9186,VIRTIRA,http://www.virtira.com/
9187,Coeuraj,http://coeuraj.com
9188,The Motivation Agency,http://www.themotivationagency-online.com/
9189,Datapad,https://www.datapad.io
9190,iO Associates - UK/EU,https://www.ioassociates.co.uk/
9191,Sotic,http://www.sotic.net
9192,Netacea,https://www.netacea.com
9193,The Digital Maze,https://thedigitalmaze.com/
9194,Infused Solutions,https://infusedsolutions.co.uk/
9195,Learnerbly,https://www.learnerbly.com/
9196,Foster Growth ,http://www.fostergrowth.co.uk/
9197,RecruitBlock,http://www.recruitblock.io/
9198,Naut,https://sandbox.so
9199,Exscientia,https://www.exscientia.ai
9200,The Itch ,http://www.theitch.io
9201,OPMjobs,http://www.opmjobs.com
9202,Radley James,http://www.radleyjames.com
9203,Sensyne Health,http://www.sensynehealth.com
9204,Logic Engagements,http://www.lovelogic.co.uk
9205,Damia Group,http://www.damiagroup.com
9206,Sinch,http://www.sinch.com/
9207,Monterosa,https://www.monterosa.co/
9208,HM Courts & Tribunals Service (HMCTS),https://www.gov.uk/government/organisations/hm-courts-and-tribunals-service
9209,Pixie Labs,http://www.pixielabs.io
9210,OpenGoSim Ltd,http://www.opengosim.com/
9211,Edify.ac,https://www.edify.ac/
9212,thisisnoa,http://thisisnoa.com/
9213,Axoni,https://axoni.com/
9214,Vivo Talent Solutions,http://www.vivotalent.com
9215,Verto People,http://www.vertopeople.com/
9216,PODFather,http://www.thepodfather.com
9217,Taylor Hall Recruitment,http://www.taylorhallrecruitment.com
9218,Frame 25 ,http://www.frame-25.com
9219,Ticketmaster,http://www.ticketmaster.com
9220,Optima Dev,http://www.optima-cs.com/
9221,Morpheus Group,http://morpheus-group.com/
9222,Inspiretec Ltd,http://www.inspiretec.com/
9223,Sadler Recruitment,http://www.sadlerrecruitment.co.uk
9224,Memsource,http://www.memsource.com
9225,Investigo,http://www.investigo.co.uk
9226,Technicolor Creative Studios Talent,http://www.tcstalent.com/
9227,Axiom Software Solutions Limited,http://www.axiomsoftwaresolutions.com
9228,Corsearch,https://www.corsearch.com
9229,Technicolor,http://www.technicolor.com/
9230,Composable Finance,https://www.composable.finance/
9231,Qogita,https://www.qogita.com
9232,Bolt Partners,https://bolt.partners/
9233,Telicent,http://telicent.io
9234,Accent Design Group Ltd,https://accentdesign.co.uk
9235,bedigital ,http://www.bedigitaluk.com
9236,Panakeia,https://panakeia.ai/
9237,Permutive,http://permutive.com
9238,Headforwards,https://www.headforwards.com/
9239,Synergize Consulting Ltd,http://www.synergizecl.co.uk/
9240,Spinks,http://wearespinks.com
9241,Aries VR,http://www.ariesvr.com
9242,Sweep,https://sweep.biz/
9243,Tincknell Fuels,http://www.tincknellfuels.com
9244,YourCode (YCG),http://www.yourcode.co/
9245,Sona (getsona.com),https://www.getsona.com
9247,Amanda Wright Recruitment,http://www.amandawright-rec.co.uk
9248,Virtual Bridges,http://vbridges.com
9249,ChristianJobs.co.uk,http://www.christianjobs.co.uk
9250,Delkia,http://www.delkia.co.uk
9251,Kardex,https://www.kardex.com
9252,Genedata,http://www.genedata.com
9253,DMS Computer Recruitment,http://www.dmsitjobs.co.uk
9254,LKFF Arts Projects - Contemporary Art Gallery,https://lkff.gallery/
9255,Teleprompter for Video,https://scripted.video/
9256,Certara,https://www.certara.com/
9257,FJR Group,https://fjrgroup.com
9258,Catercall Ltd,http://www.catercall.co.uk
9259,Ethisys,http://www.ethisys.co.uk
9260,Shares,http://shares.io
9261,AargoTrade,https://aargo.tech/
9262,KnoWho,http://www.knowho.co.uk
9263,REDS Group,http://www.redsgroup.co.uk
9264,"Diverse Computing, Inc.",http://www.diversecomputing.com
9265,FourPointZero ,http://www.fourpointzero.io
9266,Auki Labs,http://auki.medium.com/
9267,SoftNice,http://www.softnice.com/
9268,Inspired Testing,https://www.inspiredtesting.com/?utm=licustombtn
9269,Traffic Label Limited,https://www.trafficlabel.com
9270,VeroHR,http://www.verohr.co.uk
9271,evertz.io,https://evertz.io/
9272,Eden Advanced Pest Technologies,http://www.edenpest.com
9273,Nethermind,https://nethermind.io
9274,Specialist Talent Ltd ,http://www.specialisttalent.co.uk
9275,Regency Creative,http://www.regencycreative.co.uk/
9276,ICD Executive Search,http://www.icdes.co.uk
9277,Plentific,https://www.plentific.com/
9279,Dyad,https://dyad.net
9280,Eden Smith Group,http://www.edensmith.group
9281,Huntswood,https://www.huntswood.com
9282,FourthRev,https://www.fourthrev.com
9283,TSG,http://www.tsg.com
9284,Trinnovo Group,http://www.trinnovo.com
9285,Bizcaps Software,http://www.bizcaps.com
9286,Lowell,http://www.lowell.com/
9287,iVendi,http://ivendi.com/
9288,Jumptech,http://www.jumptech.co.uk
9289,Hack The Box,https://www.hackthebox.com/
9290,HIMANYU TECHNOLOGIES LIMITED,http://www.Hitechs.co.uk
9291,Templeton and Partners - Tech Recruitment,https://www.templeton-recruitment.com
9292,Zuse Talent Solutions,http://www.zusetalent.com
9293,The Virtue Group,http://www.virtuegroup.io
9294,Provenance,http://www.provenance.org/
9295,TS Imagine,https://tsimagine.com
9296,Illusive,http://www.illusive.com/
9297,Moving Picture Company,http://www.mpcvfx.com
9298,The Progress Group,https://www.theprogress-group.co.uk/
9299,ANS Group,http://www.ans.co.uk
9300,Good Chemical Science&Technology Co.Ltd.,http://www.highnic.com.cn
9301,Arm,http://www.Arm.com
9302,Haidrun,http://www.haidrun.com
9303,CyberSmart,https://cybersmart.co.uk/
9304,CBSbutler,http://www.cbsbutler.com/
9305,Rowley Heron Associates,https://rowleyheronassociates.co.uk/
9306,Dısquıet Dog,http://www.disquietdog.com/
9307,NLA media access,http://www.nlamediaaccess.com/
9308,Preferred Choice,http://www.preferred-choice.co.uk
9309,Altruistic,https://www.altruistic.io/
9310,Redde Northgate plc,http://www.reddenorthgate.com
9311,Break The Mould (Non-Profit),https://linktr.ee/BreakTheMouldFoundation
9312,Verisk Maplecroft,http://www.maplecroft.com
9313,Arden Resourcing Limited,http://www.ardenresourcing.com
9314,Ingenta,https://www.ingenta.com/
9315,G4S,http://www.g4s.com
9316,Primis ,http://www.primis-talent.com
9317,Nutri-Link,http://www.nutri-link.co.uk
9318,RabbitMQ,http://rabbitmq.com/
9319,Qurated Network,http://www.qurated.network
9320,Youwe,https://www.youweagency.com
9321,Nine Twenty,http://www.weareninetwenty.com/
9322,CML Associates Europe,http://www.cmlassociates.co.uk
9323,Material Evolution,http://www.materialevolution.com
9324,Steadman Brown,https://www.steadmanbrown.com
9325,Christy Media Solutions,http://www.christy-media.com
9326,Vuture,https://www.vutu.re/
9327,Datapol Consultants Ltd,http://www.datapol-consultants.com
9328,Zemo Real Estate,http://www.zemorealestate.com
9329,Fab Lab ABQ,http://www.fablababq.com
9330,Patchai,http://www.patchai.io
9331,NHS Redcar and Cleveland,http://www.redcarandcleveland.nhs.uk/
9332,iPortalis,https://www.iportalis.com/
9333,Aave,http://aave.com/
9334,Hydras,https://hydrasit.com
9335,Digital Science,http://www.digital-science.com
9336,Ninety Percent of Everything (90POE),https://www.90poe.io/
9337,Push Technology,http://www.pushtechnology.com/
9338,Method Cloud,http://cloud.methodresourcing.co.uk
9339,Hancock & Parsons Ltd,http://www.hancockandparsons.co.uk
9340,Ntrinsic Consulting ,http://www.ntrinsic.net/
9341,Lean Library,https://www.leanlibrary.com
9342,Compass Life Sciences,http://www.compassls.co.uk
9343,Luno,https://www.luno.com/
9344,Unit4,https://www.unit4.com
9345,EMINENCE TECH SYSTEMS LIMITED,http://eminencetechs.com
9346,BizMarComm,http://www.bizmarcomm.com
9347,Aardvark Swift Recruitment,https://www.aswift.com
9348,Particle,http://www.particle.io
9349,Sentinel,https://sentinelit.com/
9350,nDreams,http://www.ndreams.com
9351,Hexagon Manufacturing Intelligence,http://www.hexagonmi.com/
9352,Wave Talent,http://www.wavetalent.co
9353,vCreate,https://www.vcreate.tv/
9354,Tiny Rebel Games,http://www.tinyrebelgames.com
9355,Heinen Creative,http://www.heinencreative.com
9356,Starkflow,https://starkflow.co/
9357,Hurren & Hope,https://www.hurrenandhope.com/
9358,talenty,http://www.talenty.co.uk
9359,Mind Foundry,http://mindfoundry.ai
9360,ClickHouse,https://www.clickhouse.com
9361,Unipro,http://unipro.io/
9363,"Datto, Inc.",https://www.datto.com/
9364,Versatile People,http://www.theversatilepeople.com
9365,ZAKKI,http://www.zakki.org/
9366,Cross Border Talents,http://www.cbtalents.com
9367,NeoITO,https://www.neoito.com
9368,AMS Mailing Systems,http://www.amsmailingsystems.co.uk
9369,Styra,https://www.styra.com/
9370,Sterlings,http://www.sterlings.uk.com
9371,Animate Search Ltd,http://www.animatesearch.com/
9372,JAM Staffing,https://jam-staffing.com/
9373,Argus TrueID,http://www.argustrueid.com/?utm_source=linkedin&utm_medium=social&utm_campaign=click_through&utm_content=visit_website
9374,345 Technology,https://345.technology
9375,ExP,http://www.exp-recruitment.com/
9376,Thoucentric,http://www.thoucentric.com/
9377,Administrate,http://www.getadministrate.com/
9378,Support on the Spot Limited,http://www.supportonthespot.co.uk/
9379,MAM Gruppe,http://www.mamgruppe.com
9380,ITR Partners,http://www.itrpartners.co.uk/
9381,Minutizer,http://www.minutizer.com
9382,Curio,https://curio.co
9383,Embassy of Languages,http://www.embassyoflanguages.com
9384,RecruitME,http://www.recruitmeuk.com/
9385,Aspiron Search,http://www.aspironsearch.com
9386,Ohalo,https://www.ohalo.co/
9387,wejo,https://www.wejo.com/
