,company_name,company_url
22436,eMFusion Global ,https://emfusionglobal.com/
22437,Deltatre,http://www.deltatre.com
22438,Atom Group,http://atomdrinksgroup.com/
22439,Oxford Instruments,https://www.oxinst.com/
22440,Fika Mental Fitness,https://fika.community/
22441,SilverSky,http://www.silversky.com
22442,Simply Get Results,http://www.simplygetresults.com
22443,Joseph Harry LTD,http://www.josephharry.com/
22444,Getac,https://www.getac.com/?utm_source=linkedin&utm_medium=organicsocial&utm_campaign=7013w0000023dDI&utm_content=li-organic-profile-cta
22445,LottieLab,http://www.lottielab.com
22446,Carnegie,http://www.carnegiedartlet.com
22447,Talenza,http://www.talenza.com.au
22448,Riverstrong,https://riverstrong.tech
22449,Montway Auto Transport,http://montway.com/livechat-lp
22450,Daon,http://www.daon.com/
22451,ALTEN PROEX,http://www.alten.com/
22452,Cloudkeepers London Ltd,http://www.cloud-keepers.co.uk
22453,LendSafe,https://www.linkedin.com/company/lendsafellc/about/www.lendsafecert.com
22454,Ecolab,http://www.ecolab.com
22455,Ideate Software,http://www.ideatesoftware.com
22456,Profiles,https://www.careerprofiles.com/candidates/search-jobs/?utm_source=LinkedIn&utm_medium=social&utm_campaign=linkedin-button-click
22457,Stonor Recruitment,http://www.stonorsearch.com/
22458,Atom Brands,https://www.atombrands.com/
22460,Insogna CPA,https://insognacpa.com
22461,TripleBlind,https://tripleblind.ai
22462,ObvioHealth,https://www.obviohealth.com/
22463,OpSec Security,https://www.opsecsecurity.com/
22464,GAN Integrity,https://www.ganintegrity.com
22465,Kranz Consulting,https://kranz.consulting/
22466,Acolad group,https://www.acolad.com
22467,ChurnZero,https://churnzero.net
22468,Weavr.io,https://www.weavr.io/
22469,Transform To Prosper,https://www.transformtoprosper.com/linkedin/
22470,SG Rehab Pte Ltd,http://www.sgrehab.com/
22471,Girl Friday Healthcare ,http://www.girlfridayhealthcare.com/
22472,Family Action,http://www.family-action.org.uk/
22473,Quadra Chemicals,https://www.quadra.ca/
22474,OLLY PBC,http://www.olly.com
22475,Michael Hagerty Online Consulting For Offline Businesses,http://onlineinternetmarketingconsultant.com
22476,VDX.tv,http://www.vdx.tv
22477,Pure Resourcing Limited,http://www.pureresourcing.com/
22478,Employee Centric,http://www.employeecentric.com
22479,Profusion,http://www.profusiongroup.com/
22480,Diagonal recruitment ,https://www.agencydiagonal.com/
22481,Ameresco,https://www.ameresco.com/
22482,ITAdOn,https://www.itadon.com/
22483,Wyndham Hotels & Resorts,http://wyndhamhotels.com
22484,Client Collective,http://www.clientcollective.com.au/
22485,Frank & Bear,http://www.frankandbear.com/
22486,The Talent Solution,http://www.TheTalentSolution.com
22487,Building Design+Construction Media,https://www.bdcnetwork.com
22488,Cubit Studios,http://www.cubitstudios.com
22489,Zyla Accountants,http://www.zyla.accountants
22490,Cruise Specialists,https://www.CruiseSpecialists.com
22491,Jacob Tyler Brand & Digital Agency,https://www.jacobtyler.com
22492,Player First Games,http://www.playerfirstgames.com
22493,Oarbt,http://www.oarbt.com
22494,Zentist,http://www.zentist.io/
22495,MEXC Global,#
22496,Next Level Freedom,http://www.thenextlevelfreedom.com/in
22497,DISH Network,https://careers.dish.com/?mode=job&iis=Linkedin&iisn=OrganicLinkedInProfileLink101921
22498,AVIV Group,https://www.aviv-group.com/
22499,frankie+jet,http://www.frankieandjet.com
22500,"Dexterity, Inc.",http://www.dexterity.ai
22501,ACCUR Recruiting Services,https://AccurServices.com
22502,Filed,http://www.filed.com
22503,fabric social,https://www.fabricsocial.co/
22504,Innovya Technologies,http://www.innovyatech.com
22505,Periscope,https://www.periscope.com
22506,SimVenture Learning Solutions,http://simventure.com
22507,Eastwall,https://eastwall.com
22508,The Sasha Group,https://linktr.ee/thesashagroup
22509,Scout Talent North America,https://scouttalent.ca/
22510,ASK DEEP QUESTIONS,https://www.askdeepquestions.com/
22511,World Central Kitchen,http://wck.org/
22512,Think & Grow,http://www.thinkandgrowinc.com/
22513,Dell Technologies of USA,https://www.delltechnologies.com/en-us/index.htm
22514,Hyro Management Inc.,https://www.hyromanagement.com/
22515,Tripleseat,http://www.tripleseat.com
22516,"Ocular Therapeutix, Inc.",http://www.ocutx.com
22517,ib startup,http://www.ibstartup.com/
22518,eCity Interactive,http://www.ecityinteractive.com
22519,*Intega IT Recruitment Ltd*I.T & Technology Recruitment Experts*,http://www.integait.co.uk
22520,The Moodie Davitt Report,https://www.moodiedavittreport.com
22521,Oriental,http://orientalbank.com
22522,Aston Lark,http://www.astonlark.com
22523,The Nature Conservancy,https://www.nature.org/
22524,Payroll HQ - We take the risk out of payroll,http://www.payrollhq.com.au/
22525,Shepherd Search Group® Inc. - #845.290.1900 - info@shepherdsg.com,http://www.shepherdsg.com
22526,Cion Digital,http://www.ciondigital.com
22527,SomethingNew LLC,http://www.trysomethingnewnow.com/
22528,Lucky Duck,http://luckyduck.co/
22529,Aptonet Inc,http://www.aptonet.com
22530,James Adams,http://www.jamesadamsgroup.com
22531,Virgin Experience Days,http://www.virginexperiencedays.co.uk/
22532,Liberty Hardware,http://www.libertyhardware.com/about
22533,ESM Solutions,https://www.esmsolutions.com/
22534,Otter,https://www.tryotter.com/
22535,Neo,https://www.weareneo.com
22536,Lingua Learn,http://www.lingua-learn.com
22537,Global Shares,https://www.globalshares.com/
22538,Cadence Resourcing,http://www.cadenceresourcing.com/
22540,Laiye,https://laiye.com/en/
22541,Regpack,https://www.regpacks.com/
22542,Sella.io,http://www.sella.io
22543,KTO Group,https://kto-group.com/
22544,Per Diem,http://tryperdiem.com/
22545,Virsec,https://www.virsec.com/
22546,Dynamic Talent Consulting,http://www.dynamictalentconsulting.com/
22547,Taoglas,https://www.taoglas.com
22548,Velocity Black,http://www.velocity.black
22549,VRGL,http://www.vrglwealth.com/
22550,Zetprosper,http://www.zetprosper.com
22551,Beacon Communications,http://www.beaconcom.co.jp
22552,Lipton Media,http://www.liptonmedia.com
22553,EBG,http://www.ebgsolutions.com/
22554,BAI Communications,http://www.baicommunications.com/
22555,RoleMapper ,http://www.rolemapper.tech/
22556,Ready Set Rocket,http://www.readysetrocket.com
22557,Flavour Creations,http://www.flavourcreations.com.au
22558,dormakaba Americas,http://www.dormakaba.com
22559,ELEMENTS GLOBAL SERVICES,http://www.elementsgs.com/
22560,Springbok AI,https://www.springbokai.com/
22562,Elgin Fastener Group,http://www.elginfasteners.com/
22563,N Consulting Global,https://www.n-cons.co.uk
22564,Wagstaff Media & Marketing,https://wagstaffmktg.com/
22565,E.L Blue Pty Limited,https://www.elblue.com.au/
22566,Royal Caribbean Group,http://www.rcgcareers.com
22567,FRG Technology Consulting,https://www.frgconsulting.com/
22568,Boston Imaging,http://www.bostonimaging.com
22569,Invarion Inc.,https://www.invarion.com
22570,New Albany Plain Local Schools,http://www.new-albany.k12.oh.us
22571,Brand Networks,http://bn.co/
22572,Chargent (by AppFrontier),http://www.appfrontier.com/
22573,Health Scholars,http://www.healthscholars.com
22574,CUSP Green Solutions,https://cusp.earth/
22575,VITAL BGS,http://www.vitalbgs.com
22576,Logic Digital,http://www.logicdigital.co.uk
22577,Syzl,http://syzl.io/
22578,Educate Inspire Activate (EIA),http://www.eiaorg.com
22579,Shiji Group,http://www.shijigroup.com/
22580,The Medical Affairs Company (TMAC),http://www.themedicalaffairscompany.com
22581,Red Roof Inn,http://www.redroof.com
22582,Scorpion,https://www.scorpion.co/
22583,Zelis,https://www.zelis.com/?utm_source=linkedin&utm_medium=page&utm_campaign=social
22584,Booost Education,https://www.booosteducation.com/
22585,Ayers Saint Gross,https://ayerssaintgross.com/careers/
22586,FieldRoutes,https://fieldroutes.com
22587,Modus Direct,http://www.modusdirect.com
22588,Shine On Consulting,https://shine.team/
22589,Kinsley|Sarn Executive Search,http://kinsleysarn.com
22590,Mission Drive,https://www.missiondrive.io/about-mission-drive-the-growth-agency/testimonials
22591,Dealerlogix,https://dealerlogix.com/
22592,PCH International,http://www.pchintl.com
22593,MB Attorney Search LLC,http://mbattorneysearch.com/
22594,Nuvolo,http://www.nuvolo.com/
22595,Playtime Solutions,https://www.playtimesolutions.com.au
22596,LaunchTech,http://www.welaunchtech.com
22597,Canadian Accounting Consultants [CPA Recruitment],http://www.cdnconsultants.ca
22598,UpGuard,https://bit.ly/3ftUtQe
22599,CloudSaver,http://www.cloudsaver.com
22600,Vygo,http://www.vygoapp.com
22601,Darktrace,http://www.darktrace.com/
22602,RJW&partners,http://www.rjwpartners.com
22603,MIT Sloan School of Management,http://mitsloan.mit.edu/
22604,Spiceworks Ziff Davis,https://swzd.com
22605,FUSE Autotech,https://fuseautotech.com/
22606,Calance,https://www.calanceus.com/
22607,RP- Export sp. z o.o.,http://rp-export.pl/
22608,Nucleus Global,http://www.nucleus-global.com/
22609,Digital Promise,http://www.digitalpromise.org/
22610,"Just Global, Inc.",http://www.justglobal.com
22611,AlphaBrook,http://www.AlphaBrook.com
22612,UpSkill Digital,http://www.upskilldigital.com
22613,Moneybase,https://www.moneybase.com
22614,Polarium,https://polarium.com
22615,Stone Hendricks Group,https://www.stonehendricks.com
22616,CMR Surgical,https://cmrsurgical.com
22617,Digimarc,http://www.digimarc.com/
22618,Omron Automation,http://automation.omron.com
22619,Diodes Incorporated,https://www.diodes.com
22620,Authoritas,http://bit.ly/2S4kkTa
22621,edozo,http://www.edozo.com/
22622,Enterprise Registry Solutions,http://www.ersl.ie
22623,Race Roster,https://raceroster.com
22624,SPS Commerce,https://www.spscommerce.com/
22625,Proximity Recruitment,http://proximityrecruitment.net/
22626,Aptara,http://www.aptaracorp.com/
22627,PAN Communications,https://www.pancommunications.com
22628,Bridl,https://bridl.co
22629,ThriveWell Tech,https://www.thrivewelltech.com/
22630,Trailhead Media,https://www.trailheadmedia.com/
22631,Your Future Ignited,https://www.yourfutureignited.com/
22632,First Due,http://www.firstdue.com/
22633,StreamNative,https://streamnative.io
22634,apaleo,https://apaleo.com/
22635,StudyStream,https://studystream.live
22636,WHOA,https://wh0a.com/
22637,Chace People,https://www.chacepeople.com/
22638,Imaginary Forces,https://imaginaryforces.com/about-us
22639,Saltbox Mgmt,http://saltboxmgmt.com
22640,Charta ,http://www.chartarecruitment.com
22641,MetaSearch Global,http://www.metasearchglobal.com/
22642,Classey,http://getclassey.com
22643,Remotely SA,http://www.remotely.co.za
22644,(ISSA) International Sports Sciences Association,http://www.issaonline.com
22645,Institute of Data,https://www.institutedata.com/
22646,talent.io,https://www.talent.io/
22647,The Valens Company,http://www.thevalenscompany.com/
22648,Entrepreneurs Institute,http://entrepreneursinstitute.com/
22649,Smart Talent Group,http://www.smarttalentgroup.com.au
