,company_name,company_url
12803,ASTEC,http://www.astecindustries.com
12804,T-Base Communications,https://www.tbase.com
12805,Executive Talent Partners,http://etp-talent.com
12806,"Freed Maxick CPAs, P.C.",http://www.freedmaxick.com
12807,Mercer,http://www.mercer.com/
12808,Andrew Lauren Interiors,http://www.andrewlauren.com
12809,"Wolf & Company, P.C.",https://www.wolfandco.com/
12810,State of Tennessee,http://www.tn.gov/hr
12811,Cityblock Health,http://cityblock.com/
12812,Quantum,http://www.quantum.com/
12813,Clearsulting,http://www.clearsulting.com/
12814,Axalta,http://www.axalta.com
12815,iDesign,https://www.idesignlivesimply.com/
12816,Hemster,http://www.hemster.co
12817,Sitel Group,http://www.sitel.com/?utm_medium=Organic&utm_source=LinkedIn&utm_campaign=BrandAwareness&utm_content=ButtonLinkedIn
12818,Cambium Networks,http://www.cambiumnetworks.com
12819,Hughes,https://www.hughes.com/
12820,Orbia,https://www.orbia.com
12821,Friedman LLP,http://www.friedmanllp.com
12822,Ferreri Search,http://www.ferrerisearch.com
12823,"Solution Partners, Inc.",http://www.solpart.com
12824,Upic Solutions,http://www.upicsolutions.org/
12825,Constellation Brands,http://www.cbrands.com
12826,European Wax Center,https://www.waxcenter.com/careers
12827,Business Sweden,http://www.business-sweden.com
12828,Lennar Title,https://www.lennartitle.com/
12829,GSP International,http://www.gspintl.com
12830,Bay Shore Staffing,http://www.bayshorestaffing.com
12831,SpendMend ,http://www.spendmend.com/
12832,Outcome Logix,http://outcomelogix.com/
12833,Sylvan Road Capital LLC,http://www.sylvanroad.com
12834,"Integrity Management Services, Inc.",http://www.integritym.com
12835,AIG,http://www.aig.com
12836,GIA (Gemological Institute of America),http://gia.edu
12837,RINA,http://www.rina.org/
12838,NYU Langone Health,http://jobs.nyulangone.org/
12839,Reconciled,https://reconciled.com/
12840,BPM LLP,http://www.bpmcpa.com/
12841,GE,http://www.ge.com
12842,The Mercadien Group,http://www.mercadien.com
12843,Enstar Group,http://www.enstargroup.com
12844,Tupperware Brands,http://tupperwarebrands.com
12845,Eleanor Health,http://eleanorhealth.com
12846,Taldel ,http://www.taldel.com/
12848,Celink,https://www.celink.com
12849,"Hill Search Solutions, LLC.",https://www.hillsearchsolutions.com/
12850,Aspire,https://aspire.io/
12851,Therabody,http://www.therabody.com/
12852,VentureWell,https://venturewell.org/
12853,Column,http://www.column.us/landing/
12854,Kemper,http://www.kemper.com
12855,Employment Security Department,http://www.esd.wa.gov
12856,FLEXcon,http://www.flexcon.com
12857,ITEGRITI Corporation,https://www.itegriti.com/
12858,Fragomen,https://www.fragomen.com/trending/worldwide-immigration-trends-reports/index.html
12859,"Inspire Security Solutions, LLC",https://www.inspiresecuritysolutions.com
12860,Gallagher Bassett,http://www.gallagherbassett.com
12861,Semperis,http://semperis.com/
12862,CohnReznick LLP,http://www.cohnreznick.com
12863,LifeCenter Northwest,http://www.lcnw.org/
12864,Support.com,http://corporate.support.com
12865,Agfa Offset & Inkjet Solutions,https://www.agfa.com
12866,Opportunity Consulting,https://www.opportunityconsulting.com
12867,Poseidon,http://www.poseidon.partners
12868,Adient,https://www.adient.com
12869,Ravin Consultants,http://www.ravinconsultants.com
12870,VIP,https://wearevip.com
12871,Centric Software,http://www.centricsoftware.com/
12872,"iBio, Inc.",http://www.ibioinc.com
12873,"Gardner Resources Consulting, LLC",http://www.grgc.com
12874,Mechanics Bank,https://www.mechanicsbank.com
12875,"Goldstone Partners, Inc.",http://goldstonepartners.com
12876,WhiteCap Search,http://www.whitecapsearch.com
12877,Summit ,http://www.summitholdings.com
12878,"Host Healthcare, Inc.",http://www.hosthealthcare.com
12879,WESCO Distribution,http://www.wesco.com
12880,TCL Marketing,https://tclmarketing.com/
12881,EDGE PURSUIT,http://www.edgepursuit.com
12882,Cox Automotive Australia,http://www.coxautoinc.com.au/
12883,The Project Foundry,http://www.theprojectfoundry.com
12884,"Crest Solutions, a CXV Global company",https://cxvglobal.com/
12885,Property Valuation Services Corporation,http://www.pvsc.ca
12886,Eclipse Foundation,http://www.eclipse.org
12887,Bayshore HealthCare,https://www.bayshore.ca/
12888,Indigo,https://www.chapters.indigo.ca/en-ca/
12889,Soulect,https://www.soulect.co/
12890,Supercritical,https://supercritical.solutions/
12891,HouseCanary,https://www.housecanary.com/
12892,Lee Enterprises,http://www.lee.net/
12893,cognaize ,https://cognaize.com/
12894,Neat,https://neat.no/?utm_source=linkedin&utm_medium=profile
12895,cenegenics,https://cenegenics.com/
12896,NAVY EXCHANGE SERVICE COMMAND (NEXCOM),http://www.nexcomjobs.org/
12897,Goodwin Recruiting,http://goodwinrecruiting.com
12898,Mengali Accountancy,http://www.mengali.com
12899,Veeco,https://www.veeco.com
12900,POWER Engineers,http://www.powereng.com/?utm_medium=button&utm_source=pli&utm_campaign=pwreng&utm_term=lihomebutton
12901,BigApple Accounting Tax & Advisory LLC,https://www.bigappleaccountingcpa.com/
12902,"Milhouse Engineering & Construction, Inc.",http://www.milhouseinc.com
12903,Westfield,http://www.westfieldinsurance.com/
12904,Kim White Coaching,https://www.kimwhitecoaching.com/
12905,Kennison & Associates,http://kennison.com/
12906,Crum & Forster,http://www.cfins.com
12907,Payroll Office of America (POA),http://www.poausa.com
12908,Eco,https://www.eco.com/
12909,ExecOnline,http://www.execonline.com
12910,Healthesystems,https://healthesystems.com/
12911,"Gineris & Associates, Ltd.",http://ginerisltd.com
12912,American Physical Society (APS Physics),http://www.aps.org/
12913,"The CFO Suite, LLC",http://www.cfosuite.com/
12914,Doorvest,https://doorvest.com?utm_campaign=LinkedIn&utm_source=linkedin&utm_medium=social&utm_term=ButtonClick
12915,Sonida Senior Living,http://sonidaseniorliving.com
12916,Tractor Supply Company,https://tractorsupply.jobs/
12917,LeaseAccelerator,https://www.leaseaccelerator.com
12918,"Dragos, Inc.",http://www.dragos.com
12919,DreamHost,https://www.dreamhost.com/
12920,Pratt & Whitney,https://prattwhitney.com/
12921,IEEE,http://www.ieee.org
12922,Azenta Life Sciences,https://www.azenta.com/
12923,"JK Executive Strategies, LLC",http://www.jkexec.com
12924,TWO MEN AND A TRUCK®,http://www.twomenandatruck.com/
12925,Signature Analytics,https://signatureanalytics.com/
12926,automotiveMastermind Inc.,http://www.automotiveMastermind.com
12927,Digital.ai,https://digital.ai
12928,Hitachi,https://www.hitachi.com
12929,85SIXTY,http://www.85sixty.com/
12930,Family Office,http://www.pricliadv.com
12931,Springboard Collaborative,http://www.springboardcollaborative.org
12932,Evernest,https://www.evernest.co/
12933,Twin Eagle,http://www.twineagle.com
12934,LIXIL Water Technology Americas,https://www.lixil.com/en/business/water.html
12936,Hanami International,http://www.hanamiinternational.com
12937,Wine Enthusiast,https://www.winemag.com/
12938,American Society of Plastic Surgeons (ASPS),https://www.plasticsurgery.org
12939,Big Brothers Big Sisters of America,http://www.bbbs.org/
12940,RecruitHook,http://www.recruithook.com
12941,Arrow Search Partners,http://www.arrowsearchpartners.com
12942,Unqork,https://www.unqork.com/
12943,TransTech IT Staffing - A Mitchell Martin Company,http://www.transtechitstaffing.com/
12944,"Gettry Marcus CPA, P.C.",http://www.gettrymarcus.com
12945,Treadwell Consulting Group,http://www.treadwellconsultinggroup.com
12946,Main Line Health,http://www.mainlinehealth.org
12947,"Custom Communications, Inc.",https://ccicustom.com
12948,Everactive,http://www.everactive.com
12949,Parr3 LLC,http://parr3llc.com
12950,Ferrellgas,http://www.ferrellgas.com
12951,Georgia-Pacific LLC,https://www.gp.com
12952,Ryan,https://www.ryan.com/
12953,Vitta Solutions,http://www.vittasolutions.com
12954,Logistec Corporation,http://www.logistec.com
12955,Genius Solutions,http://www.geniuserp.com
12956,The Carter Benette Group Canada/CBG Canada,https://www.carterbenette.com
12957,Six Degrees,http://www.6dg.co.uk
12958,LeapXpert,https://www.leap.expert/
12959,International Justice Mission,http://www.ijm.org
12960,DOCS,http://www.iconplc.com/fsp
12961,Deep Science Ventures,http://dsv.io
12962,Learning Skills Partnership,https://www.learningskillspartnership.com/
12963,MoreLife (UK) Ltd.,http://www.more-life.co.uk
12964,elemed,http://www.elemed.eu
12965,Woven,https://wearewoven.com/
12966,Harper James,https://harperjames.co.uk/
12967,Vault Platform,http://www.vaultplatform.com
12968,Just Mortgages Self Employed Group,http://www.justmortgages.co.uk
12969,LavasourceHR,http://www.lavasourcehr.com/
12970,Oxford Nanopore Technologies,http://www.nanoporetech.com
12971,Mental Health at Work,https://mentalhealthatwork.com/
12972,Brave Human Capital Group Limited,https://www.bravehcg.co.uk/
12973,Bupa,https://www.bupa.com
12974,EP UK Investments Ltd,https://www.epuki.co.uk/
12975,Peach Training Solutions,http://peachorator.co.uk
12976,Avicenna ,http://www.avicenna.org
12977,Ofcom,http://ofcom.org.uk
12978,Valorum Care Group,https://www.valorumcaregroup.com/
12979,Cielo Talent,http://cielotalent.com
12980,Cameron Kennedy,http://www.cameronkennedy.com
12981,ExecuPharm,http://www.execupharm.com
12982,The Gym Group,http://www.thegymgroup.com/
12983,Snook,https://wearesnook.com/
12984,University of Portsmouth,http://www.port.ac.uk/
12985,Energise,http://www.energise.com/
12986,DVV Solutions Third Party Risk Management,https://www.dvvs.co.uk/
12987,everyLIFE Technologies,http://www.everylifetechnologies.com/
12988,Ark,http://www.arkonline.org
12989,IWG plc,http://www.iwgplc.com/
12990,Optionis Group,http://www.optionis.co.uk
12991,YouFibre,https://youfibre.com/
12992,Service Innovation Group UK,https://sigeurope.co.uk/contact-us/
12993,PSI CRO AG,http://www.psi-cro.com/
12994,Digital Space,http://www.digitalspace.co.uk/
12995,Calibrate Consulting,http://www.calibrateconsulting.com/
12996,Integrate ERP,https://www.integrate-erp.com/
12997,Turner Property Recruitment,http://www.turnerpropertyrecruitment.com/
12998,Celerion,http://www.celerion.com
12999,CEPI (Coalition for Epidemic Preparedness Innovations),http://www.cepi.net/
13000,HSB | UK and Ireland,http://www.hsbeil.com
13001,Motive Offshore Group Ltd,http://www.motive-offshore.com/
13002,Prism Digital,http://www.prism-digital.com
13003,The Huntsman Group,http://www.thehuntsmangroup.co.uk
13004,Smith+Nephew,http://www.smith-nephew.com
13005,InMoment,https://inmoment.com
13007,Alcon,http://www.alcon.com/
13008,SCOPE Eyecare & Healthcare,http://www.aboutscope.net/
13009,Saviynt,http://www.saviynt.com
13010,BigID,https://bigid.com
13011,Bureau Veritas Group,http://www.bureauveritas.com
13012,Five Guys Europe,https://jobs.fiveguys.co.uk/jobs
13013,Huntsman Corporation,http://www.huntsman.com
13014,B. Braun Group,https://www.bbraun.com/en/change-country-or-region.html
13015,BHBIA,http://www.bhbia.org.uk
13016,Zenith Vehicles,http://www.zenith.co.uk
