,company_name,company_url
21580,Global & Collective,https://globalandcollective.com
21581,KMK Recruitment,http://www.kmkrecruitment.co.uk
21582,Trustonic,https://www.trustonic.com
21583,EcoOnline Global,https://www.ecoonline.com
21584,Omio,http://www.omio.com/
21585,SSQ,http://www.ssq.com
21586,The Openwork Partnership,https://www.theopenworkpartnership.com
21587,Fragrance Du Bois,http://www.fragrancedubois.com
21588,NHS Supply Chain,https://www.supplychain.nhs.uk
21589,XSERVICE S.R.L.,http://www.xservice-mi.it
21590,Henderson Drake,http://www.hendersondrake.com
21591,Magna Housing Ltd,http://www.magna.org.uk/
21592,Massey ITP,http://www.masseyitp.com/
21593,Helyx Secure Information Systems Limited,https://www.helyx.co.uk
21594,Elior UK,http://www.elior.co.uk
21595,Marie Curie UK,https://www.mariecurie.org.uk/
21596,APO Group,http://www.apo-opa.com
21597,JRC Blockchain,http://jrcblockchain.com
21598,Reachdesk,https://reachdesk.com
21599,MCE Insurance,http://www.mceinsurance.com
21600,LAW Absolute,http://www.lawabsolute.com/
21601,Aker Systems,http://www.akersystems.com
21602,Nucleus Financial,http://www.nucleusfinancial.com
21603,Mindset to Succeed,https://www.mindset-to-succeed.com/
21604,SYGNIA Ltd,http://www.sygnia-group.com
21605,Somebody Digital,http://www.somebodydigital.com/
21606,BRITVIC PLC,http://www.britvic.com
21607,Esports Entertainment Group (NASDAQ: GMBL),https://esportsentertainmentgroup.com/
21608,Newmilns Snow & Sport Complex,http://skinewmilns.com
21609,Eversage Associates,http://www.eversageimmigration.com
21610,UNICEF,https://www.unicef.org/
21611,Criteo,http://www.criteo.com
21612,Adapt 365,http://www.adapt-365.com
21613,Edward Mann,http://www.edwardmann.co.uk/
21614,Trapeze Group Europe / UK,https://www.trapezegroup.eu/
21615,Unsupervised,http://www.unsupervised.com/
21616,"Arena Investors, LP",http://www.arenaco.com/
21617,Linqto,https://www.linqto.com
21618,W3BCLOUD,http://w3bcloud.com
21619,Ask 2 Axcel,http://www.ask2axcel.com
21620,Everest Group,https://www.everestgrp.com
21621,"Palco, Inc.",http://palcofirst.com/
21622,Fire Financial,https://drum.io/benchandia
21623,"CMK Resources, Inc.",http://www.cmkresourcesinc.com/
21625,RealSelf,http://realself.com/
21626,JM Bullion,http://www.JMBullion.com
21627,Gratia,https://gogratia.com/
21628,Rimon PC,http://www.rimonlaw.com
21629,Whelan Advisory Capital Markets,https://www.whelanadvisoryllc.com/
21630,Five Guys New York,https://www.fiveguys.com/
21631,Mellanni,http://www.mellanni.com
21632,MyForte Professional Recruiting,https://www.myfortejob.com/
21633,Union Tank Car Company - UTLX,http://www.utlx.com
21634,EXPRESS,http://www.express.com
21636,Ignite Recruitment,http://www.igniterec.com
21637,Avantor,http://avantorsciences.com
21638,Meati Foods,https://www.meati.com/
21639,Horizen Labs,http://horizenlabs.io/
21640,Edgile,https://edgile.com/
21641,Wunderman Thompson Health,https://www.wundermanthompson.com/service/health
21642,Known Holdings,https://scalewithknown.com
21643,Allianz Trade in North America,https://www.allianz-trade.com/en_US.html
21644,Blue Sky Partners,http://blueskypartners.co/
21645,Livingood Daily,http://www.livingoodaily.com
21646,Altius Search Group,http://www.altiussearchgroup.com
21647,Impact Financial Services,https://www.impactmyfinances.com/
21648,Femwell Group Health,http://www.femwell.com
21649,"Larry White Associates, Inc.",http://www.healthcarejobs.net
21650,Lineal,http://www.lineal.com
21651,Discovery,http://www.discoveryapp.io
21652,Inman News,http://www.inman.com
21653,Accelerated Growth,http://www.acceleratedgrowth.com
21654,Bluebix Solutions,https://www.bluebix.co
21655,Ohio Department of Administrative Services,http://das.ohio.gov
21656,Omnilink Systems,http://www.omnilink.com
21657,Aktivate,http://www.aktivate.com/
21658,BayWa r.e. Americas,http://us.baywa-re.com
21659,Flow Finance,http://flowfi.com/
21660,"IP Consulting, Inc.",http://www.ipconsultinginc.com/
21661,Gordon Brothers,http://gordonbrothers.com
21662,Viridan Group,http://www.viridangroup.com
21663,FPA (First Pacific Advisors),http://www.fpa.com
21664,Burnett Specialists,https://www.burnettspecialists.com
21665,TeamHealth,http://www.teamhealth.com/
21666,BBC International LLC,http://www.bbcint.com
21667,GrowthLab Finance-as-a-Service,http://growthlabfinancial.com/
21668,Swiss Post Solutions,https://www.swisspostsolutions.com
21669,IAMS Wealth Management,http://www.iamswealthmanagement.com
21670,BOOST LLC,http://boostllc.net
21671,P&P Co.,https://p-pco.com/about-us
21672,Decodis,http://www.decodis.com/
21673,Juanita's Foods,http://www.juanitasfoods.com
21674,"Lively, Inc.",https://www.livelyme.com/
21675,GKN Aerospace,http://www.gknaerospace.com
21676,andros,http://andros.co
21677,CREF,http://www.cref.com
21678,LCG Advisors,http://www.lcgadvisors.com/
21679,Blue Cross Blue Shield of Arizona,http://www.azblue.com/
21680,CureQuest,https://thecurequest.com/
21681,Jitasa,https://www.jitasagroup.com
21683,Student Playbook,https://studentplaybook.com/
21684,Motive,http://gomotive.com/
21686,Naehas,http://www.naehas.com
21687,The CM Group,http://www.thecmgroup.com
21688,Total Accounting and Bookkeeping Solutions,https://taabs.la/
21689,Donyati,http://www.donyati.com
21690,Aypa Power,http://aypa.com
21691,Systel,http://www.systelinc.com
21692,Joynd,https://www.joynd.io/
21693,Alector,http://alector.com
21694,ScaleUp Financial Solutions,http://www.scaleupfs.com
21695,Checkers & Rally’s Drive-In Restaurants,http://www.checkers.com
21696,Dawson,http://www.dawsoncareers.com
21697,Ritholtz Wealth Management,https://ritholtzwealth.com/
21698,Stillwater-Financial US,https://stillwater-financial.bss.design/
21699,Firma Clinical Research,http://www.firmaclinical.com
21700,Guam Legislature,http://www.guamlegislature.com/
21701,Wavestone,https://www.wavestone.com
21702,Conifer Realty,http://www.coniferllc.com/
21703,Abett,http://abett.com
21704,eCapital Corp.,http://www.eCapital.com/
21705,V SHRED,https://www.vshred.com
21706,Management Accounting Consultants,https://www.management-accountants.com/
21707,Sana,http://www.sanabenefits.com/
21708,"Seattle Financial Staffing, LLC",http://www.seattlefinancial.com
21709,Armed Conflict Location & Event Data Project (ACLED),http://www.acleddata.com
21710,Thomas Services,http://www.thomas-services.com.au
21711,AFG,https://www.afgonline.com.au/
21712,Kainos,http://www.kainos.com/
21713,Moorambilla Voices,http://www.moorambilla.com
21714,CloudGo,http://www.cloudgoservices.com/
21715,Full Throttle Living - Gabriela Viner,https://www.fullthrottle-living.com/in/
21716,Mycelium,https://mycelium.xyz/
21717,Argus Media,https://www.argusmedia.com
21718,Workato,http://www.workato.com
21719, Australian Society for Psychological Medicine,https://www.aspm.org.au/
21720,Peak Performance Recruitment,http://www.aircraftleasing.ie
21721,HansaWorld,http://www.hansaworld.com
21722,Yomali,http://yomali.com
21723,Eirkoo,https://www.eirkoo.ie
21724,Aviation News,http://www.aviationnews-online.com
21725,Aramark Northern Europe,https://northerneurope.aramark.com/
21726,Tenecom Solutions,https://tenecom.com/
21727,BroadGrain Commodities Inc.,http://www.broadgrain.com
21728,Outhire Inc.,http://outhire.ca
21729,Sims & Company CPAs,http://simsandcompany.com/
21730,Acadian Seaplants,http://www.acadianseaplants.com/
21731,LiveCA LLP,http://www.liveca.ca
21732,Canada Post / Postes Canada,http://bit.ly/PostesCanadaPost
21733,MJB Technology Solutions Ltd.,https://www.mjbtech.com
21734,Bruce Automotive Group,https://www.brucecareers.ca/
21735,Ontario Medical Supply,http://www.oms.ca/
21736,Wizeline,http://www.wizeline.com
21737,MonetizeMore,https://www.monetizemore.com/
21738,Bank of Canada,http://www.bankofcanada.ca/careers
21739,Shoes For Crews,https://www.shoesforcrews.com
21740,Edmonton West Primary Care Network,http://www.edmontonwestpcn.com/
21741,Chartered Professional Accountants of Canada (CPA Canada),http://www.cpacanada.ca
21742,Vapmotion,https://vapmotion.com/
21743,Galderma,http://www.galderma.com
21744,Newmont Corporation,https://www.newmont.com
21745,CWB Group,http://www.cwbgroup.org
21746,Canadian Medical Association,http://www.cma.ca
21747,Coinchange,https://www.coinchange.io/
21748,TELUS International Philippines,https://telusinternational.avature.net/careers
21749,Edison Financial,http://www.edisonfinancial.ca
21750,Business View Publishing,http://www.BusinessViewMagazine.com
21751,i3 International,http://www.i3international.com
21752,Grasslands Recruitment Specialists - Canadian Ag Recruiter,https://www.grasslandsgroup.com/
21753,MetaVision Labs,https://metavisionlabs.io/
21754,YWCA Canada,http://www.ywcacanada.ca/en
21755,MoneyClip,https://www.moneyclip.io
21757,National Education Group,https://nationaleducationgroup.co.uk/
21758,PDSA,http://www.pdsa.org.uk/
21759,TranSwap ,http://www.transwap.com/
21760,DCK Group,https://www.dck.com/
21761,Affinity Agency,http://www.affinityagency.co.uk
21762,Project Recruit,http://www.projectrecruit.com
21763,Fry & Brown,http://www.fryandbrown.com/
21764,DMD Medway Ltd,https://www.dmdmedwayltd.com/
21765,NTIATIVE IT Recruitment,http://www.ntiative.com/
21766,Mission Viejo Auto Collision,http://www.mvacinc.com
21767,RedLaw Recruitment,http://www.redlawrecruitment.com/
21768,Purplebricks,http://www.purplebricks.co.uk
21769,WeVee,https://wevee.uk/
21770,E2E Pay,https://e2e-pay.com/
21771,Zeta Suite,http://www.zeta.in
21772,Aqua,https://www.investwithaqua.com
21773,Automotive Ventures,http://www.automotive.ventures
21774,Handmade Ventures,http://www.handmade.vc
21775,The Carney Group,http://www.carneyjobs.com/
21776,Oi,http://www.oi.com.br
21777,1212 Capital Partners,http://1212capitalpartners.com
21778,Altisource Asset Management Corporation,http://www.altisourceamc.com
21779,Rent The Runway,http://www.renttherunway.com/
21780,Melaleuca:The Wellness Company,http://www.melaleucajobs.com
21781,Zieg Law Group,https://zieglegal.com/
21782,Texas Bankers Association,http://www.texasbankers.com
21783,"Alexander Bec Corporate Recruiters, LLC",http://www.alexanderbec.com
21784,VaynerCommerce,http://www.vaynercommerce.com
21785,Community Veterinary Partners,http://www.cvpco.com
21786,Abound Health,https://aboundhealth.com
21787,Black Voters Matter Fund,https://blackvotersmatterfund.org/
21788,"Avior Executive Search, Inc",http://www.aviorsearch.com
21789,Navital Global,https://www.navitalglobal.com
21790,HCG Fund Management,http://www.hcgfunds.com
21791,Maverick Financial Group - Executive Search & Advisory,http://maverickfinancialgroup.com/
21792,StrategyCorps,http://www.strategycorps.com
21793,OnCorps,http://www.oncorps.ai
21794,Novel Capital,http://novelgp.com/?utm_source=linkedin&utm_medium=social&utm_campaign=web
21795,James Hardie,http://www.jameshardie.com
