,company_name,company_url
30350,Betsoft Gaming,http://betsoft.com
30351,Fourblue,http://www.fourblue.com
30352,Bradman Carbon & Renewable Energy,https://www.bradmanrecruitment.com/
30353,Local MasterChefs,https://www.localmasterchefs.com/
30354,Matter Labs,https://matter-labs.io
30355,Blexr,http://www.blexr.com
30356,Initiate International,http://initiateinternational.com/
30357,Sense Group,http://www.sensegroup.com.au
30358,4ME&U Ltd T/A Devoncare,http://http//:www.devoncare.co.uk
30359,Jam Pan,https://www.jam-pan.com
30360,WKND.,http://www.thewknd.io/
30361,Tilting The Lens,http://www.tiltingthelens.com/
30362,ea Change,http://www.eachange.com
30363,Currie & Brown,http://www.curriebrown.com/
30364,Tree to Tub,https://www.treetotub.com/
30365,Latest Deals,https://www.latestdeals.co.uk
30366,BURMATEX LIMITED,http://www.burmatex.co.uk
30367,Ethypharm,http://www.ethypharm.com
30368,My Mirror - Online Psychology,https://mymirror.com.au
30369,Portwest,http://www.portwest.com
30370,McCormack Partners - UK Roofing & Cladding Headhunters,http://www.mccormackpartnersrecruitment.com
30371,"Dialllog, new CRM alternative for VCs ",http://www.dialllog.co/
30372,Arlington Administrative Assistance,http://www.arlingtonadmin.com
30373,Prosper With Wisdom,https://www.prosper-with-wisdom.com/linkedin/
30374,Keylime Consultants,http://www.keylime.co.uk
30375,Live - Digital Marketing Recruitment,https://live-digital.co.uk/
30376,Inclusive Recruiting ,http://www.inclusiverecruiting.co.uk/
30377,Vantage Solutions,https://www.linkedin.com/company/vantage-consulting-group/about/www.vantagesolves.com
30378,Intelligent Resource Limited,http://www.intelligent-resource.com
30379,elevenfiftyfive,http://www.elevenfiftyfive.com/
30380,Premier Advisory Group,https://premieradvisory.co.uk/contact-us/
30381,DoubleUp Group,https://doubleup.group/
30382,Electus Recruitment Solutions,http://www.electusrecruitment.co.uk/
30383,OneFamily,http://onefamily.com
30384,Snappy Shopper,https://www.snappyshopper.co.uk/
30385,JATO Dynamics,http://www.jato.com
30386,Bastion Experience,http://www.bastionexperience.com.au
30387,2Source Talent,http://www.2sourcetalent.com
30388,Edgescan,https://www.edgescan.com/
30389,Adia PR,http://www.adiapr.co.uk
30391,The Works Stores Ltd,https://www.theworks.jobs
30392,Give as you Live ,https://www.giveasyoulive.com/
30393,Spectrum,http://www.spectrumvic.org.au
30394,Capium ,http://www.capium.com/
30395,Whitbread,http://www.whitbreadcareers.com/
30396,Ultimate,https://ultimate.ai/?utm_source=linkedin&utm_medium=profile-page
30397,Score Associates,http://www.scoreassociates.co.uk
30398,Handelnine Global,https://www.handelnine.com/
30399,Mirai Talent,http://www.miraitalent.com
30400,DB Engineering & Consulting,https://www.db-engineering-consulting.com/
30401,Onica by Rackspace Technology,https://www.onica.com/
30402,Christie Lites,http://www.christielites.com
30403,savi uk,http://www.saviuk.co.uk
30404,Fileturn Ltd,https://www.fileturn.co.uk
30405,Temployer,https://app.temployer.co
30406,Solo Search,http://www.solosearch.co.uk
30407,Sportizzle.com - Sports Social Media Platform,https://sportizzle.com/
30408,BRYK Group,https://brykgroup.com/
30409,Publitas.com,https://www.publitas.com/
30410,Sweatcoin,http://sweatcoin.com
30411,Axiomatics,https://axiomatics.com/
30412,The 100% Project,http://www.the100percentproject.com.au/
30413,Kayman Recruitment,http://www.kaymanrecruitment.com
30414,AdKings Agency,https://adkings.agency/
30415,Easy Hydro,https://easyhydrosolutions.com/
30416,EPS Group,http://www.epswater.ie
30417,MarkOps Marketing,https://www.markopsmarketing.com/
30418,Meg Languages,https://meglanguages.com
30419,Integrity Resource Solutions,https://www.integrityltd.co.uk/
30420,Vibe Recruit,https://www.viberecruit.com/
30421,Mortgage Advice Bureau,http://www.mortgageadvicebureau.com/
30422,Qualis Flow (Qflow),http://www.qualisflow.com
30423,Jibble ,http://www.jibblegroup.com
30424,LiNK Health Group,http://www.linkhealthgroup.com
30425,Phillips-Medisize,https://www.phillipsmedisize.com/
30426,Ambitious Group - Specialist Property Recruiters,http://www.ambitiousgroup.co.uk
30427,Tarren,http://www.tarrenproduction.co.uk
30428,BRAUNDTON CONSULTING LIMITED,http://www.braundtonconsulting.co.uk/
30429,egeplast UK,http://www.westpipes.com
30430,Hard Rock Digital,http://hardrockdigital.com/
30431,Arthur Wood Recruitment LTD,http://www.arthurwoodrecruit.co.uk/
30432,LandTech,https://land.tech
30433,EMCOR UK,http://www.emcoruk.com
30434,M M MARKETING PVT LTD,https://mustafashahid153.wixsite.com/ummarketing
30435,Tes,http://www.tes.com?utm_campaign=RES-5121&utm_content=social&utm_source=linkedin&utm_medium=organic-social&utm_term=li-homepage-button
30436,Boden,http://www.boden.co.uk/
30437,HedgeFun:D,#
30438,L&Q,http://www.lqgroup.org.uk
30439,PASSA,http://www.trainpassa.com
30440,Omnigen Biodata,https://omnigenbiodata.co.uk
30441,Aviat Networks,http://www.aviatnetworks.com
30442,Maxwell Consultancy,http://www.maxwellconsultancy.co.uk
30443,KMK HR Solutions,http://kmkrecruitment.co.uk/
30444,Red House International,http://www.redhousei.com
30445,Freejam,http://freejamgames.com/
30446,Healius Limited,http://www.healius.com.au/
30447,Kingspan Data & Flooring,http://www.kingspanaccessfloors.com/
30448,Aceik,http://www.aceik.com.au/
30449,atai Life Sciences,https://www.atai.life/
30450,Aphex Media ,https://aphexmedia.com
30451,Devon Air Ambulance,http://www.daat.org
30452,My Property Host,https://www.mypropertyhost.com/
30453,SEOmonitor — Helping SEO agencies focus on what matters. ,http://seomonitor.com/
30454,Zonal,http://www.zonal.co.uk/
30455,CloudSense,https://www.cloudsense.com/
30456,Cloud Gateway,http://www.cloudgateway.co.uk
30457,The Simple Folk Co,https://thesimplefolk.co/
30458,Datafree,http://datafr.ee
30459,Industrials REIT,https://stenprop.com/
30460,Merck Group,http://www.merckgroup.com
30461,Fieldfisher,https://www.fieldfisher.com
30462,Hippo Digital,http://hippodigital.co.uk/
30463,Commonplace,https://commonplace.is/
30464,Penfold,https://getpenfold.com
30465,Winterhalter UK,https://www.winterhalter.com/uk-en/
30466,Millennial IT Solutions,https://mitsolutions247.com/
30467,Sir Robert McAlpine,https://www.srm.com/
30468,Netcall,http://www.netcall.com
30469,Filthy Brands,http://www.filthybrands.com
30470,Consultel Solutions,http://www.consultelsolutions.com.au
30471,Ferris | Vehicle Movement Solutions  ,http://www.driveferris.com/
30472,MRP Group,http://www.mrpgrp.com/
30473,ISD (Institute for Strategic Dialogue),http://www.isdglobal.org
30474,Northern Territory Aboriginal Investment Corporation,https://ministers.pmc.gov.au/wyatt/2022/northern-territory-aboriginal-investment-corporation-interim-board-established
30475,The Social Research Association,http://the-sra.org.uk/
30476,HZMedia,http://HZMedia.carrd.co
30477,Green Park ,https://www.green-park.co.uk/
30478,Tagged Resources (Retail and Wholesale - Specialist Recruitment Agency Covering all Areas of the UK),http://taggedresources.com/
30479,Millennium Support,http://www.millenniumsupport.co.uk
30480,PlanetWatchers,https://www.planetwatchers.com
30481,Glu Recruit LTD,https://www.glurecruit.co.uk/
30482,UniAdmissions,http://www.uniadmissions.co.uk/
30483,nternz,http://www.nternz.com
30484,LloydsDirect,https://www.lloydsdirect.co.uk/
30485,Mission Driven Talent ,http://www.missiondriventalent.co.uk
30486,Sølvsuper,http://www.solvsuper.no
30487,FIXING US,http://www.fixingus.com
30488,Oneo,https://oneo.co.za/
30489,Exolve,https://exolve.io/
30490,Mojo Mortgages,http://www.mojomortgages.com/
30491,Mac and Gray Trading Inc,http://www.macandgray.com/
30493,Apprenticeship Connect,http://www.apprenticeshipconnect.co.uk/
30494,Education Development Trust,http://www.educationdevelopmenttrust.com/
30495,The National Autistic Society,http://www.autism.org.uk
30496,Brighton & Hove Albion Football Club,http://www.BrightonAndHoveAlbion.com
30497,The Language Doctors,https://www.thelanguagedoctors.org
30498,BLC Solutions,https://blc-translate.com/
30499,Talent Solutions TAPFIN,http://www.tapfin.com
30500,ESL Contractors Hardware,http://www.elmerandson.com
30502,FixelPay,https://fixelpay.com/
30503,encapsia,http://www.encapsia.com
30504,Bloc Recruitment,http://www.blocrecruitment.co.uk/
30505,LOVT,http://www.lovt.nl
30506,AFH Wealth Management,http://www.afhwm.co.uk
30507,Substrakt,http://substrakt.com/
30508,NGP - Connecting Tech Talent,http://www.ngpeurope.com
30509,CogX,https://cogx.live/
30510,Gray Healthcare,http://www.grayhealthcare.com
30511,Metaview,https://www.metaview.ai/?utm_source=LinkedIn&utm_medium=company_page
30513,ReadyFlies,https://readyflies.com/
30515,Fiducia DLT,http://www.fiducia.eco/
30516,Propeller Digital,http://www.propeller.co.uk
30517,OnAir Entertainment,https://onairentertainment.com/
30518,Technicolor Creative Studios,https://www.technicolor.com/create
30519,Millfield Recruitment Group,http://www.millfieldrecruitment.com
30520,Flagstone,http://www.flagstoneim.com/
30521,Blue Sky People Ltd,http://www.blueskypeople.co.uk/
30522,Readyhubb,http://www.readyhubb.com/
30523,CITB,http://www.citb.co.uk
30524,Elephant Healthcare,http://www.elephant.healthcare
30525,Omobono,https://omobono.com/
30526,AndroidPolice.com,https://www.androidpolice.com
30527,The Verbal,https://www.theverbal.co/
30528,ITExpert,http://bit.ly/2Lpgj7h
30529,Cintra: The Cloud Architects ,http://www.cintra.com
30530,Muddy Stilettos,https://muddystilettos.co.uk/
30531,Linley and Simpson,http://www.linleyandsimpson.co.uk
30532,Global Best Practice Group,http://globalbestpracticegroup.com
30533,The Human Element ,https://www.thehumanelement.uk/
30534,Skin Analytics,https://skin-analytics.com/
30535,Bluewave Technology,http://www.bluewavegroup.eu
30536,Windranger Labs,https://www.windranger.io
30537,Proxify,https://proxify.io
30538,Cambrian,http://cambrian.gg
30539,HyPoint,http://www.hypoint.com
30540,6WIND,https://www.6wind.com/
30541,Verilo,https://verilo.co.uk/
30542,huumun,https://huumun.com/
30543,Design Your Vision,http://www.designyourvision.net
30544,ECC,http://www.ecc.net
30545,Hadrons Tech Solutions,http://www.hadronstechsolutions.com
30546,CPM Ireland,http://www.cpmire.com/
30548,GAF Energy,https://gaf.energy
30549,Biotage,http://www.biotage.com/
30550,Flexspace,https://flexspace.ai
30551,Scale AI,https://scale.com
30552,ScaleNorth,https://www.scalenorth.com/
30553,TrackStreet,http://www.trackstreet.com/
30554,Vitamin Angels,https://www.vitaminangels.org/
30555,"GPM Investments, LLC",http://gpminvestments.com/
30556,"AIB International, Inc",http://www.aibinternational.com
30557,Southern Polymer,http://www.southernpolymer.com
30558,Nakupuna Companies,https://nakupuna.com/careers/
30559,Anthill,http://www.anthill.co
30560,Thomas Lee Recruitment,http://www.thomasleerecruitment.co.uk
30561,First National Financial LP,http://www.firstnational.ca
30562,Aite-Novarica Group,https://aite-novarica.com/
30563,Stored Value Solutions (SVS),https://www.storedvalue.com/
30564,BroadReach Search Partners,https://broadreachsp.com/view-job-openings/
30565,Forte Business Services,https://www.focusonyourforte.com/
30566,Saint-Gobain ADFORS,http://www.adfors.com
