,company_name,company_url
33349,Cognitive3D,https://cognitive3d.com/
33350,R1 Companies,http://r1companies.com/
33351,reLink Medical,http://www.relinkmedical.com
33352,Earley Information Science,https://www.earley.com
33353,Hybrid Connections,https://hybridconnections.com/
33354,Reed Smith LLP,http://www.reedsmith.com
33355,Meteor Software,http://meteor.com/
33356,Spiffy | Checkouts,https://spiffy.co/
33357,Layered Reality,https://www.thewaroftheworldsimmersive.com/
33358,eir Business,http://www.eir.ie/business
33359,Sandhill Digital,http://sandhilldigital.io/
33360,SoundStack,https://soundstack.com/
33361,Hästens Beds,http://www.hastens.com/
33362,Readiness,http://www.readinessglobal.com/
33363,GC Aesthetics,http://www.gcaesthetics.com/
33364,Molekule Consulting LLC,http://www.molekuleconsulting.com
33365,Fusion Alliance,http://www.fusionalliance.com/
33366,CIO Association of Canada,http://www.ciocan.ca/
33367,eclincher,https://eclincher.com/
33368,"Effective Health Systems, LLC",http://www.effectivehealthsystems.com
33369,American Food Products Ireland,https://www.americanfoodproducts.ie/
33370,Homeplus Mortgage | NMLS#78669 | CA BRE Broker #01426454,http://www.homeplusmortgage.com/
33371,"Treace Medical Concepts, Inc.",http://www.treace.com
33372,SYNNEX,http://www.synnexcorp.com
33373,Aggregion,https://aggregion.com
33374,WorkSpan,http://www.workspan.com/
33375,OppGen Marketing,https://oppgen.com/
33376,ActOne Group,http://www.act1group.com/
33377,Trusona,http://www.trusona.com/
33378,"REO Capital, LLC",https://www.reocapitalllc.com
33379,Family First Life Mountain East,https://www.fflmountaineast.info/
33380,Distinct North America,http://www.distinctnorthamerica.com
33381,"Synergy Consulting Group, Inc.",http://www.synergycgi.com
33382,LendingUSA,http://www.LendingUSA.com
33383,"Counting King | Grants, Tax Incentives & Investment",https://countingking.co.uk/
33384,Chemical Watch,https://chemicalwatch.com/
33385,Inoltra,http://www.inoltra.co
33386,Kintone,https://www.kintone.com
33387,Kano Laboratories,http://www.kroil.com
33388,Gottesman Company,http://www.gottesman-company.com/
33389,Openlogix Corporation,https://www.open-logix.com
33390,Genie Solar Energy,https://geniesolarenergy.com/get-started/
33391,Genemarkers,http://www.genemarkersllc.com
33392,Radial Inc.,http://www.radial.com/
33393,Kustomer,https://www.kustomer.com
33394,PathGroup,http://www.pathgroup.com
33395,Everguard Fire Equipment,http://www.everguardbc.ca/
33396,KOMMLINk GmbH,http://www.kommlink.de
33397,Onoco,http://onoco.com/
33398,maurices,http://www.maurices.com
33399,oculavis,https://oculavis.de
33400,"innoSoul, Inc.",http://www.innosoul.com
33401,SERHANT.,https://serhant.com
33402,Hargreaves Lansdown,https://hl.uk/1Jv
33403,Neovation Learning Solutions,https://www.neovation.com/
33404,Tekshapers Incorporated,https://tekshapers.com/
33405,Crowdmark,https://crowdmark.com
33406,Motion Composites,http://www.motioncomposites.com
33407,GearsCRM,https://www.gearscrm.com/
33408,People First HR Services,http://www.peoplefirsthr.com/
33409,Knowify,https://www.knowify.com/
33410,ixlayer,https://ixlayer.com
33411,"DirSec, Inc.",https://www.dirsec.com
33412,Hubtek,https://www.gohubtek.com/
33413,Glanbia Performance Nutrition (GPN),http://bit.ly/gpnjobs
33414,H&L POS,https://www.hlpos.com/
33415,Tentrr,http://www.tentrr.com
33416,The Fairtrade Foundation,http://www.fairtrade.org.uk/
33417,Lafarge Canada,http://www.lafarge.ca
33418,Talance Group,http://talancegroup.com
33419,Animal Supply Company,http://www.animalsupply.com
33420,iTeaming International,http://www.iteaming.net
33421,IMDb.com,http://www.imdb.com
33422,AquaPhoenix Scientific,http://www.aquaphoenixsci.com
33423,MEDHOST,http://www.medhost.com/
33424,BSC Solutions Inc,http://www.bscsolutionsinc.com/index.php
33425,Crossley Scott,http://www.crossleyscott.com
33426,Nexintech,https://www.nexintech.com/
33427,Alliance Technical Group,http://www.alliancetechnicalgroup.com/
33428,FAM Brands,http://fambrands.com
33429,Adeptmind,http://www.adeptmind.ai
33430,BankBound,https://www.bankbound.com/
33431,SEL Supply-Chain Solutions,http://selscs.com
33432,Swype Infosphere (Spe.),http://www.swypeinfosphere.com/
33433,Infosys Public Services,http://www.infosyspublicservices.com/
33434,GBI,https://gbi.co
33435,Iona Systems Ltd.,https://iona.ltd
33436,Bentley Lewis,https://bentleylewis.com/
33437,Canadian Health Information Management Association - CHIMA,http://www.echima.ca/
33438,Medscape,https://www.medscape.com
33439,behindthechair.com,http://behindthechair.com
33440,"Building Material Distributors, Inc. (BMD, Inc.)",http://www.bmdusa.com
33441,Veteran Solar Sales,https://powur.com/signup/join
33442,ClearpointCo,http://www.clearpointco.com
33443,VeryApt,http://www.veryapt.com
33444,Council on Foundations,http://www.cof.org
33445,L.Knighton,http://www.lknighton.com
33446,CALDO Universities,http://www.caldo.ca
33447,PEAK Financing ,http://www.peakfinancing.com
33448,"The Center for Organizational Excellence, Inc.",http://center4oe.com
33449,Nova Southeastern University,http://www.nova.edu
33450,Chapters Health System,http://chaptershealth.org
33451,Conveyance Marketing Group,http://www.conveyancemarketinggroup.com
33452,Digital Alchemy,https://www.digitalalchemy.global
33453,Women Business Collaborative,http://www.wbcollaborative.org
33454,Global American Business Institute,https://globalamericanbusinessinstitute.com/
33455,WOW 1 DAY PAINTING,http://www.wow1day.com
33456,Transform Consulting Group,http://www.transformconsultinggroup.com/
33457,Evolve IP,http://www.evolveip.net/
33458,Recruit XL,http://recruitxl.com
33459,RxVantage,https://www.rxvantage.com
33460,Redirect LLC,http://www.redirectrisk.com
33461,"Quovis, Inc.",http://www.QuovisInc.com
33462,SANDOW,http://www.sandow.com
33463,The Inline Group,https://www.inline.group
33464,LOC Software,http://www.locsoftware.com/
33465,Sheer Logistics,http://www.sheerlogistics.com/
33466,"Health Wealth Safe, Inc.",https://www.healthwealthsafe.com
33467,"Professional Project Partners, Inc. (P3)",http://www.p-3-inc.com/
33468,Get Scouted,http://www.getscouted.co.uk
33469,Keys to Medicare,https://keystomedicare.com/
33470,DearDoc,http://www.getdeardoc.com/
33471,MSC Mediterranean Shipping Company,https://www.msc.com/
33472,Interstate Batteries,https://www.interstatebatteries.com
33473,Milestone Inc,https://www.milestoneinternet.com/
33474,Partake,http://www.partakefoods.com/
33475,Ripple Foods,http://www.ripplefoods.com
33476,Intensify,https://www.intensifynow.com
33477,Ascenda,http://www.ascendaloyalty.com
33478,LichtensteinRE,http://www.LichtensteinRE.com
33479,Points North,https://www.points-north.com/
33480,SGK,https://www.sgkinc.com
33481,Eterneva,http://www.eterneva.com/
33482,Samaritan Health Services,http://www.samhealth.org
33483,PayFlex®,http://PayFlex.com
33484,MD Anderson Cancer Center,http://MDAnderson.org
33485,Pollenary,https://pollenary.com/
33486,JDRF/FRDJ Canada,http://www.jdrf.ca
33487,Ding Sticks,http://www.dingsticks.com
33488,Health Alliance Plan,http://www.hap.org
33489,Fellowes Brands,http://www.fellowesbrands.com/us/
33490,Death Wish Coffee Company,http://www.deathwishcoffee.com/
33491,Allegis Partners,http://www.allegis-partners.com/
33492,"Codagami, Inc.",http://www.codagami.com
33493,Hire Heroes USA,http://www.hireheroesusa.org/
33494,CRE Recruiting,http://www.crerecruiting.com/
33495,New Zealand Trade and Enterprise,https://bit.ly/3C4269i
33496,NEMESIS,https://www.nemesiscorporation.com/
33497,Mercury Holidays,https://www.mercuryholidays.co.uk
33498,Sentec,https://www.sentec.com/
33499,Servicon Systems inc.,https://servicon.com/
33500,Meta Hollywood,https://metahollywood.io
33501,BullPerks ,https://bullperks.com
33502,Mirá Biotech,http://www.mirabiotech.com.br
33503,Science Solutions Recruitment,https://www.sciencesolutionsrecruitment.com/about-us/
33504,Lincoln Electric,http://www.lincolnelectric.com
33505,The Moran Group,https://www.moranadvertising.com/
33506,Trustline Dispatch,#
33507,Evo-Soft Ireland -Microsoft Dynamics 365 Business Central,http://www.evosoftireland.com/
33508,Accounting Seed,https://www.accountingseed.com/
33509,Global QT-Data Inc.,http://www.qntdata.com/
33510,Integrify,https://www.integrify.com/
33511,ATLAS ANALYTICS,https://atlasanalytics.co/
33512,"Capital Bank, N.A.",http://www.capitalbankmd.com
33513,High Liner Foods,http://www.highlinerfoods.com
33514,Vision Point Capital,http://www.visionpointcapital.com
33515,Amiti Consulting Corp,http://www.amiticonsulting.com/
33516,MindMics,http://mindmics.com
33517,Proenfar,http://www.proenfar.com
33518,Your Pathway To Freedom,http://www.yourpathwaytofreedom.com
33519,Precision Castparts,http://www.precast.com
33520,Pillow Partners,http://www.pillowpartners.com
33521,Hyrd Consulting,http://www.hyrdconsulting.com
33522,Halvik,http://www.Halvik.com
33523,The Lip Bar Inc.,http://thelipbar.com
33524,ReadyMode,https://www.readymode.com
33525,Conductrics INC,http://www.conductrics.com
33526,Oriient,http://www.oriient.me
33527,Linksys,https://www.linksys.com/business
33528,Resurgence Behavioral Health,http://www.resurgencebehavioralhealth.com
33529,PREMIER,http://www.premiercomms.com
33530,Project Ronin,https://www.projectronin.com/
33531,RegDesk,https://www.regdesk.co/
33532,"Aura Home, Inc.",https://auraframes.com/
33533,"Primastep, LLC",https://primastep.com/
33534,Tauck,http://www.tauck.com/careers
33535,Scrollbd advertising agency,http://www.scrollbd.com
33536,ReVolt Battery Technology,http://ReVoltBatteryTechnology.com
33537,SBO Focus,http://www.focus-sbo.nl
33538,Hubudio Group,http://www.hubudio.com/
33539,Consumer Hub,http://consumerhub.uk
33540,"Love, Bonito",http://www.lovebonito.com
33541,ExecuShe,https://www.execushe.com/
33542,CONGRESO DE LA REPUBLICA DEL PERU,http://www.congreso.gob.pe
33543,Louisiana-Pacific Corporation,http://www.lpcorp.com
33544,TRON DAO,https://tron.network/
33545,Phase2,http://www.phase2technology.com/
33546,Oracle Retail,http://www.oracle.com/retail
33547,WRAP,http://www.wrap.org.uk/
33548,Uoffer,https://www.u-offer.com/
33549,Narrative I/O,https://www.narrative.io/
33550,Silver Penny Financial Planning,http://www.silverpennyfinancial.com
33551,HYPERY AG,https://hypery.co/
33552,ALTEN,https://www.alten.fr/
33553,UGE,http://www.ugei.com
33554,Swift Information Technologies Pvt. Ltd.,http://www.swiftitech.com/
33555,Hopscotch,http://www.joinhopscotch.com
33556,Pylons,https://www.pylons.tech
33557,SV Academy,http://www.sv.academy/
33558,Lavender Lotis,https://www.lavenderlotis.com/
33559,TES – Sustainable Technology Lifecycle Solutions,http://www.tes-amm.com/
