,company_name,company_url
30994,Automation & Modular Components,http://www.amcautomation.com/
30995,Star Telecom,http://www.startelecom.ca
30996,Big Ass Fans,http://www.bigassfans.com
30997,Mills Family Enterprises,https://www.millsfamilyenterprises.com/
30998,Classkick,http://www.classkick.com/
30999,DLC,https://www.dlcinc.com
31000,SkipTheDishes,https://careers.justeattakeaway.com/global/en
31001,Cruize Finance,https://www.cruize.org/
31002,Navigatr,http://www.navigatr.com
31003,Studio Cadenza,http://studiocadenza.co
31004,Unum ID,https://www.Unum.ID
31005,NuMark Credit Union,http://www.numarkcu.org
31006,Agrippa,http://www.agrippa.co
31007,SmartSource Technical Solutions,http://www.smartsource-inc.com/
31008,Curvo Labs,https://curvolabs.com/
31009,ExeQut,http://exequt.com
31010,Allnessjobs,https://www.allnessinc.com/
31011,FocusITstaff,http://www.focusitstaff.com
31012,Spiff Inc,https://spiff.com/
31013,HundredX,http://www.hundredx.com
31014,Per Scholas,http://perscholas.org
31015,Semarchy,http://www.semarchy.com
31016,Paintbrush,https://getpaintbrush.com/
31017,TBG | The Bachrach Group Las Vegas,http://www.bachrachgroup.com
31018,WorkSource Oregon,http://linktr.ee/wso.business.services
31019,Flowhub,https://flowhub.com
31020,SharpHeads,https://sharpheadsrpo.com/
31021,Blue Cross and Blue Shield of Kansas City,http://www.bluekc.com
31022,California Society of CPAs/CalCPA Education Foundation,http://www.calcpa.org/
31023,CAREERS LINK ,http://www.careerslink.in
31024,PropertyRadar,https://www.propertyradar.com/
31025,Gratitude India,https://myglit.com/
31026,RTG Medical,https://www.rtgmedical.com/JobSearch/
31027,Western Growers,http://www.wga.com/
31028,Orbis Education,http://www.orbiseducation.com
31029,The Stable,http://www.thestable.com
31030,"MISTRAS Group, Inc.",http://www.mistrasgroup.com
31031,Kindred,http://livekindred.com/
31032,Cognigy,https://hubs.ly/H0xbjwB0
31033,Connect MGA LLC,http://www.connectinsurance.com
31034,Blueland,https://www.blueland.com
31035,Vitalant,https://www.vitalant.org
31036,Source2Hunt,http://www.source2hunt.com
31037,Zumba,http://www.zumba.com
31039,GeekSI,http://www.geeksources.com
31040,Centillionz,http://www.centillionz.com
31041,Torrid,https://www.torrid.com
31042,Blue Dot Project,https://www.bluedotproject.com/
31043,AlgaeCal Inc.,https://www.algaecal.com/company/careers/
31044,Veyl Ventures,https://www.veyl.com/
31045,"Javen Technologies, Inc.",http://www.javentechnologies.com
31046,Damcosoft,http://www.damcosoft.com
31047,Magnificent Revolution,http://magnificentrevolution.org
31048,Sysco LABS ,https://syscolabs.com/
31049,Rize,https://www.rizefs.com
31050,Procelys by Lesaffre,https://procelys.com/fermentation-masters-series-2/
31051,Barrington Media Group,http://www.barringtonmediagroup.com/
31052,SB Energy (SoftBank Group),http://www.sbenergy.com
31053,Pulse Industrial,http://www.pulseindustrial.ca/
31054,Arlington/Roe,http://www.arlingtonroe.com/
31055,Falco Resources Ltd.,http://www.falcores.com
31056,"Egglife Foods, Inc.",http://egglifefoods.com/
31057,meez,http://www.getmeez.com
31058,The MIL Corporation,http://www.milcorp.com/
31059,Bexar County Information Technology,http://Bexar.org/it
31060,Jolly SEO,https://www.jollyseo.co
31061,Renno & Co,http://www.rennoco.com/
31062,Tempo,https://tempo.fit
31063,Telos Corporation,https://www.telos.com
31064,Alion Science and Technology,https://newsroom.huntingtoningalls.com/releases/huntington-ingalls-industries-completes-acquisition-ofalion-science-and-technology
31065,"Purohit Navigation, Inc.",http://www.purohitnavigation.com
31066,Matics - Real-time Operational Intelligence for Manufacturing,https://matics.live/?utm_source=linkedin&utm_medium=organic&utm_campaign=visit-website-button
31067,iVoyant,https://www.ivoyant.com
31068,WNDYR,http://wndyr.com/
31069,Everest Search Partners LLC,http://www.everestsearchpartners.com
31070,Advanced Knowledge Tech LLC,http://www.akt-corp.com/
31071,SimilarDev,https://similardev.com/
31072,Cashaam,http://shop.cashaam.com/
31073,Natural Cycles,https://career.naturalcycles.com/
31074,"TJX Canada – Winners, Marshalls, HomeSense",https://jobs.tjx.com/content/CanadaHomePage/?locale=en_US
31075,Brigit,https://hellobrigit.com/
31076,"SwineTech, Inc.",http://www.swinetechnologies.com
31077,Scratchpad,https://scratchpad.com
31078,ConfigUSA,https://configusa.com/
31079,Reformation,https://www.thereformation.com/pages/careers
31080,IDEMIA North America,https://na.idemia.com/
31081,Tundra.com,https://www.tundra.com
31082,Abond CRO Inc.,https://www.abondcro.com/
31083,Stout,https://www.stout.com
31084,ViB,https://vibriefing.news/
31085,REAL Strategies,http://www.realstrategies.com
31086,Zigazoo,https://www.zigazoo.com/
31087,The Boston Group (TBG),http://www.thebostongroup.com
31088,Multiverse Labs,https://multiverse.ai/
31089,University of Notre Dame,https://go.nd.edu/d9e677
31090,Certain,http://www.certain.com/
31091,ianacare,https://www.ianacare.com/
31092,New Mexico State University-Alamogordo,http://nmsua.edu
31093,Oldcastle Infrastructure,http://oldcastleinfrastructure.com
31094,"SuperbTech, Inc.",http://www.superbtechinc.com
31095,Directa24,https://www.directa24.com/
31096,Trustwave Government Solutions,https://www.trustwave.com/en-us/capabilities/by-industry/government/
31097,L.A. Care Health Plan,http://www.lacare.org/
31098,TKH Security,https://tkhsecurity.com/
31099,HexaWare,http://www.hexaware.net
31100,Oriental Remedies Group,http://www.orientalremediesgroup.com
31101,University Health Network,http://www.uhn.ca
31102,ShoreWise Consulting,https://shorewiseconsulting.com/
31103,Talkroute,https://talkroute.com/
31104,"Aerospike, Inc.",http://www.aerospike.com
31105,Beautylish,https://www.beautylish.com/
31106,Vintro,http://www.myvintro.com
31107,TRUMPF North America,https://www.trumpf.com/en_US/
31108,Sporttrade,http://sporttrade.com
31109,"Tailored Access, LLC",https://www.tailoredaccess.com
31110,Kapoor Glass India Pvt. Ltd.,http://www.kapoorglass.com
31112,PuppySpot,http://www.puppyspot.com
31113,Ethos Laboratories,http://www.ethos-labs.com/
31114,Stratfield Consulting,http://www.stratfieldconsulting.com
31115,Momentum,https://www.momentumeducate.com/
31116,Alviere,https://alviere.com/
31117,The Media Trust,http://www.mediatrust.com/
31118,XENDEE,https://www.xendee.com/
31119,RedTeam Software,https://www.redteam.com
31120,HR for Health,https://www.hrforhealth.com/
31121,Cross Pacific Global,http://www.crosspacificglobal.com/
31122,Atticus,http://www.atticus.com
31123,RiseIT™ Solutions,http://www.riseits.com
31124,"Pros2Plan, a division of Spinnaker SCA",http://www.pros2plan.com
31125,Lowers Risk Group,https://www.lowersriskgroup.com
31126,Nasdaq Private Market,https://www.nasdaq.com/solutions/nasdaq-private-market
31127,LG Electronics North America,https://www.lg.com/us
31128,Cirrus Logic,https://www.cirrus.com/careers/
31129,BankWise Technology,https://www.bankwisetech.com/
31130,Fiverr,http://fiverr.com/
31131,Sierra Solutions Group,http://www.sierrasolutionsgroup.com/
31132,Songfluencer,http://www.songfluencer.com/
31133,"Bovitz, Inc.",http://www.bovitzinc.com
31134,Rep-Lite®,https://www.rep-lite.com/
31135,Shawmut Design and Construction,http://www.shawmut.com
31136,Envision Health,http://www.envisionmarketingpr.com
31137,Dream Support,https://dreamsupport.club/
31138,Sunfish,http://www.joinsunfish.com
31139,SignUp Software,http://www.signupsoftware.com
31140,"The ACI Group, Inc.",http://www.aci.com
31142,HS Solutions Inc,http://www.HSSolution.com
31143,Connect Life Sciences,http://connectlifesciences.com
31144,Unofficial M.C. Dean,http://bit.ly/mcdeaninc
31145,HGR Industrial Surplus,https://www.hgrinc.com
31146,Ascential,http://www.ascential.com/
31147,Linnworks,http://www.linnworks.com/
31148,Finite,https://finite.io/
31149,"Simpluris, Inc.",http://www.simpluris.com/
31150,Dutech Systems,https://dutechsystems.com/
31151,PRIDE Health,http://pride-healthcare.com/
31152,QED National,http://www.qednational.com
31153,"Tolman & Wiker Insurance Services, LLC",http://www.tolmanandwiker.com
31154,The Langdon Group,http://www.tlg-recruiting.com
31155,Undivided Ent.,https://shor.by/Vd8r
31156,Control Risks,https://www.controlrisks.com/
31157,Dermavant Sciences,http://www.dermavant.com
31158,Valdera,https://valdera.com/
31159,7 KINGS CODE,http://www.7kingscode.com/
31160,Humanity Inc,https://humanity.health
31161,HarperCollins Christian Publishing,http://www.harpercollinschristian.com/
31162,QualSights,http://www.qualsights.com/
31163,American Substance Abuse Professionals,https://go2asap.com/
31164,StrongNode.io,https://strongnode.io/
31165,MacroFab,https://macrofab.com/
31166,Boeckermann Grafstrom & Mayer,http://www.bgm-cpa.com
31167,IPolarity LLC,http://www.ipolarityllc.com
31168,Gradient AI,http://www.gradientai.com
31169,Safco Dental Supply,http://www.safcodental.com
31170,Ace Info Solutions LLC,http://www.aceinfosolutions.com
31171,Fullbay,http://www.fullbay.com/linkedinsocial/
31172,Nuna Inc.,https://www.nuna.com/
31173,RL Canning,http://www.rlcanning.com
31174,Dark Wolf Solutions,http://www.darkwolfsolutions.com/
31175,Bread Financial,http://www.breadfinancial.com
31176,Discovery Sound Technology,https://discoverdst.com/
31177,Paragons NFT,https://paragonsnft.com/
31178,MoodConnect,http://www.moodconnect.com
31179,Concinnate Partners LLC,http://www.concinnateus.com
31180,HealthEZ,http://www.healthez.com
31181,OpsAngels,http://www.opsangels.com
31182,Ket Software,http://www.ketsoftware.com
31183,Olmstead Associates,http://www.olmst.com
31184,Palaemon Systems Inc.,https://palaemonsystems.com/
31185,"Roevin, a division of Adecco Employment Services Limited. ",http://www.roevin.ca
31186,You.com,https://you.com/
31187,Executive Technocrats Inc,http://www.executivetechnocrats.com
31188,Ohio National Financial Services,https://www.ohionational.com
31189,Centric Learning,http://centriclearning.net
31190,Arcadia Publishing,http://www.arcadiapublishing.com
31191,Oda Studio,https://studio.odaportal.com/?ref=ln
31192,Mend,https://www.mend.io
31193,sub-10,http://sub-10.co.uk
31194,Nucleus Security,https://www.nucleussec.com/
31195,Didit.com,http://www.didit.com
31196,Hygiena,http://www.hygiena.com
31197,Zzoomm,https://zzoomm.com?utm_source=company_profile&utm_medium=linkedin&utm_campaign=domain_click
31198,Courtyard,http://courtyard.io
31199,Global Alzheimer's Platform Foundation,http://www.globalalzplatform.org/
31200,Purple Squirrel Advisors,https://www.purplesquirreladvisors.com/
31201,H3 Solutions Incorporated,http://www.h3s-inc.com
31202,"SkillNet Solutions, Inc.",https://www.skillnetinc.com/
31203,GreenTree Hospitality Group,http://www.greentreeinn.com
31204,The Brainchild Collective,http://www.brainchildcollective.co/
31205,Simpleview,https://www.simpleviewinc.com/
31206,PLATO TECHNOLOGIES INC,http://www.digitalscriptsinc.com/.com
31207,PASLIN,http://www.paslin.com
