,company_name,company_url
40056,SummitHR,http://www.summithr.com/
40057,INCATech - Innovative Computing & Applied Technology,https://incatech-corp.com/
40058,Common Future,http://commonfuture.co
40059,Strigo,http://strigo.ca
40060,Media Riders Inc.,http://www.mediariders.com
40061,"Gongos, Inc.",https://www.gongos.com
40062,"Avicado Construction Technology Services, LLC",http://www.avicado.com/
40063,myEGO,https://www.myego.io/
40064,CheriSoft Inc.,http://www.cherisoftinc.com
40065,MassBiologics,http://www.massbiologics.org
40066,"Liberty Financial, a Division of ETFCU",https://liberty.financial/
40067,Monarch Laser Services,http://www.monarchlasers.com
40068,"Exclusive Concepts, Inc.",https://www.exclusiveconcepts.com/
40069,LeSar Development Consultants,http://www.lesardevelopment.com
40070,The Princeton Review,http://www.princetonreview.com
40071,8020 Digital,8020-digital.com
40072,DT Professional Services,http://www.dtprosusa.com
40073,"Empire Flippers — Buy, Sell & Invest In Online Businesses",https://empireflippers.com/
40074,HT4M,http://www.ht4m.org/
40075,MDM Lending Group,http://www.mdmlendinggroup.com
40076,Brandt Group of Companies,http://www.brandt.ca
40077,Amivero,http://www.amivero.com/
40078,"JSR Micro, Inc.",http://www.jsrmicro.com
40079,KnowHow,http://tryknowhow.com/
40080,MOTTO MORTGAGE ABSOLUTE by SAYAMAX,http://www.GetAmazingLoan.com
40081,barre3,http://www.barre3.com/
40082,Raven | Working Better Together,https://raven.re/?utm_source=linkedin&utm_medium=organic&utm_campaign=learn-more
40083,Lending Social,http://lendingsocial.co
40084,NexGoal,http://www.nexgoal.com/
40085,Decision Insight,http://www.decisioninsight.com
40086,Swan Financial Corporation,http://beahomeowner.com
40087,HomeFirst Mortgage Bankers,https://www.h1mb.com
40088,Wazo,https://wazo.io
40089,Akin Gump Strauss Hauer & Feld LLP,http://www.akingump.com/
40090,Web Sprout,http://thewebsprout.com
40091,Wisconsin Reinsurance Corporation,http://www.thewrcgroup.com
40092,Constellation Kidney Group,http://www.constellationkidney.com/
40093,WiTricity ,https://www.witricity.com
40094,iRemedy,http://www.iremedy.com/
40095,Aqueous,http://aqueous.com/
40096,Birch Media,http://www.birchmedia.co
40097,Cureatr,https://www.cureatr.com/
40098,FileTrail,http://www.filetrail.com/
40099,"iCore Lending, Inc",http://www.icorelending.com
40100,Southeast Mortgages LLC - NMLS#2062595,https://www.SoutheastMortgages.us
40101,HRUCKUS,http://www.hruckus.com
40102,Knack Solutions,https://www.knackyou.com/
40103,Giffords,http://www.giffords.org
40104,Kinetic Advantage,http://www.kineticadvantage.com
40105,Divine Social,http://divinesocial.com/
40106,blackcrows,#
40107,Swash Enterprises,https://swashenterprises.com
40108,InstaMortgage,https://instamortgage.com/
40109,"Ceres, Inc.",http://www.ceres.org/
40110,Aries Solutions,http://www.ariessolutions.io
40111,Indiaspora,https://www.indiaspora.org/
40112,Metabase,http://www.metabase.com
40113,United States Gold Bureau,https://www.usgoldbureau.com
40114,CINTIQS,http://www.cintiqs.com/
40115,Pivot,http://www.askpivot.com/
40116,Emerald Talent Group,http://www.emeraldtgp.com
40117,Knox Financial ,http://www.knoxfinancial.com
40118,Service Experts Heating & Air Conditioning,http://www.ServiceExperts.com
40119,Sequel (fka Introvoke),http://www.sequel.io/
40120,Kazoo,http://kazoohr.com/
40121,AVID Technical Resources,http://www.avidtr.com
40122,fp Music Academy®,https://fpmusic.academy
40123,"3DPhotoWorks, LLC",http://www.3dphotoworks.com/
40124,Advancial Federal Credit Union,http://www.advancial.org
40125,Straumann Group,http://www.straumann-group.com
40126,Athennian,https://www.athennian.com
40127,Pacific Consulting Group,http://www.pcgfirm.com
40128,ForeVR Games,http://forevrgames.com
40129,e.Republic,http://www.erepublic.com/
40130,"McWane, Inc.",http://www.mcwane.com
40131,MentorMate,http://www.MentorMate.com
40132,oxio,http://www.oxio.ca
40133,"T-Rex Solutions, LLC",http://www.trexsolutionsllc.com
40134,Acacia Center for Justice,http://www.acaciajustice.org
40135,blisce,http://blisce.com
40136,eMercato,http://emercato.co.uk
40137,"Woongjin, INC. ",http://www.wjncompany.com/default.aspx
40138,Interkom,http://www.interkom.ca/
40139,Funnel Leasing,http://www.funnelleasing.com/
40140,The Mortgage Talent Network,http://www.mortgagetalent.net
40141,Mala Collective,http://malacollective.com
40142,Crain Communications,http://www.crain.com
40143,Consumer Reports,http://www.consumerreports.org
40144,Learnexus,https://learnexus.com/?utm_source=linkedin&utm_medium=visitwebsitebutton&utm_campaign=linkedin_page
40145,"Maplesoft Group, an SEB Company",http://www.maplesoftgroup.com
40146,Truepic,http://truepic.com
40147,WebMechanix,https://www.webmechanix.com?utm_source=linkedin&utm_medium=referral&utm_campaign=custom+button
40148,Fairway Independent Mortgage Corporation,http://www.fairwayindependentmc.com/
40149,Build with Ferguson,http://www.build.com/
40150,Sohum Inc,http://www.sohum.biz
40151,USA  Mortgage,http://www.usa-mortgage.com
40152,Treatment Solutions,http://www.treatmentsolutions.com
40153,NoNameYet Studio,http://nonameyet.com/
40154,Azulow,https://azulow.com/
40155,Managed Business Solutions,http://www.mbshome.com/
40156,Wandrian,http://www.wandrian.com
40157,"Total Mortgage Services, LLC",http://www.totalmortgage.com/
40158,TBA,http://mathieu.nouzareth.com
40159,CNECT,http://cnectgpo.com/
40160,Generation Tux,https://www.generationtux.com/
40161,Athletic Minds,http://athletic-minds.com/
40162,Phoenix Energy Technologies,https://www.phoenixet.com
40163,Advantage Star Mortgage Corp.,http://www.advantagesrtarmortgage.com
40164,Savant Digital,http://www.hellosavant.com
40165,N3TWORK Studios,http://www.n3twork.com
40166,Chryselys,http://www.chryselys.com/
40167,Humble Bundle,https://jobs.humblebundle.com/openpositions/
40168,MyAdvice,https://myadvice.com
40169,Suntex Marinas,https://suntex.com
40170,Vervent,http://www.Vervent.com
40171,The Phoenix Broker,http://thephoenixbroker.com
40172,Enspire Partners,http://www.enspirepartners.com
40173,Hudson River Park Friends,http://hudsonriverpark.org
40174,Arasana,https://www.arasana.com
40175,"Levelset, a Procore Company",https://www.levelset.com/
40176,Zymewire,http://www.zymewire.com
40177,Signpost,http://www.signpost.com/
40178,Confie,https://www.confie.com
40179,Nationwide Pet,http://www.PetsVoluntaryBenefits.com
40180,ProductU,https://linktr.ee/productu
40181,Liberty Solutions,http://www.libertysolutionsinc.com/
40182,Bazar,https://bazar-app.com/download/
40183,Flossy,http://flossy.com
40184,Reliance Financial,http://reliancefinancial.com
40185,Charleston Moms,http://www.charlestonmoms.com
40186,Minoan,http://www.minoanexperience.com/
40187,Utility Solutions Partners,http://utilitysolutionsllc.com/
40188,Lifestyle Lending ,http://www.lifestylelendinginc.com/
40189,Karrot,http://www.thekarrot.com/
40190,The Wieland Corporation,http://www.wielandbuilds.com
40191,"Korio, Inc.",http://www.korioclinical.com
40192,Vigience,https://www.vigience.com
40193,Helly Hansen,https://www.hellyhansen.com
40194,Hikvision UK & Ireland,http://www.hikvision.com/uk
40195,Community Living Ontario,http://www.communitylivingontario.ca
40196,Pharmaron,http://www.pharmaron.com/
40197,SigmaTEK Systems,http://www.sigmanest.com
40198,Avirelle Recruitment,http://avirelle.com/
40199,Adrenaline Agency,https://www.adrenalineagency.com/
40200,RadixSoft Inc,http://www.radixsoft.net
40201,Cleary,http://www.gocleary.com/
40202,Hypothesis,https://web.hypothes.is/
40203,National Consultants Professionals Ltd,http://www.ncp-it.com/
40204,Mason Technology,http://www.masontechnology.ie/
40205,GxP Cellators,https://gxpcellators.com
40206,The Jane Goodall Institute Australia,http://www.janegoodall.org.au/
40207,"The Money Club, India",http://moneyclubber.com
40208,Productiv,http://www.productiv.com/
40209,District Management Group,http://www.dmgroupK12.com
40210,PracticePanther,http://www.practicepanther.com?utm_source=linkedin&utm_medium=button&utm_campaign=profile
40211,ValueMomentum,http://www.valuemomentum.com/
40212,Griffon Hoverwork Ltd,http://www.griffonhoverwork.com
40213,LexisNexis Intellectual Property Solutions,https://www.lexisnexisip.com/
40214,Evelyn Partners,https://www.evelyn.com/
40215,The Insight Group,http://www.insightgroup.com.au
40216,AP ENPS - News Production System from The Associated Press,https://www.ap.org/enps
40217,Chargebee,https://www.chargebee.com/
40218,Development Bank of Wales,https://developmentbank.wales/
40219,GTY Technology Inc,http://gtytechnology.com
40220,Ark Workplace Risk,https://www.arkworkplacerisk.co.uk/
40221,Ignite Human Capital,https://www.ignitehumancapital.com/
40222,INNOOVA,http://WWW.INNOOVA.CA
40223,Florida International University - College of Business,http://business.fiu.edu
40224,PairConnex,https://www.pairconnex.com
40225,Draft.dev,https://draft.dev
40226,Cobry,http://www.cobry.co.uk/
40227,Cyber-Duck,https://www.cyber-duck.co.uk/?utm_source=linkedin&utm_medium=social+media&utm_campaign=cyber-duck-linkedin-page
40228,Testing Mavens,https://www.testingmavens.com
40229,Vasion,http://www.vasion.com/
40230,Simpson Strong-Tie,http://www.strongtie.com/
40231,Limbix,http://limbix.com
40232,Advanced Recruiting Partners,https://www.advancedrecruitingpartners.com/?utm_source=social&utm_medium=LI
40233,Rec Media Inc.,http://www.recmedia.com
40234,Stellantis Financial Services US,https://www.stellantis-fs.com/
40235,Evergen,http://www.evergen.energy
40236,Contractor Independence Marketing,https://contractorindependence.com/
40237,LutechResources,http://www.lutechresources.com/
40238,Best Nest Wellness,https://www.bestnestwellness.com/
40239,Renotag,https://renotag.com/
40240,ProviderSoft ,http://www.providersoftllc.com/
40241,Marlu Restoration Services,http://www.marluresto.ca
40242,Mountain View Staffing,http://www.mountainviewstaffing.com
40243,Stonebranch,https://www.stonebranch.com/
40244,NoFraud,http://nofraud.com/
40245,DFS Ops,http://www.dfsops.com
40246,Hashching,https://www.hashching.com.au/
40247,Valmont - CVL Cosmetics North America,https://www.lamaisonvalmont.com/
40248,Best Access Doors,http://www.bestaccessdoors.com/
40249,AAITPRO,https://www.aaitpro.com/
40250,APEC,http://www.apec-econ.ca
40251,SparkUp Studios,http://www.sparkupstudios.com.au
40252,Sev1Tech LLC,http://www.sev1tech.com
40253,ConnexPay,http://www.connexpay.com/
40254,Payability,https://www.payability.com/
40255,Saint Cyr Partners,http://www.stcyrpartners.com
40256,Kapitus,https://kapitus.com
40257,Grandshake,https://grandshake.co
40258,Science 37,http://www.science37.com/
40259,"Atlas Technologies, Inc.",http://www.atlas-tech.com
40260,VISIONARY TECHNOLOGY CONSULTANTS,http://vtccorp.com
40261,Homebase (YC W21),http://www.homebase.com.vn/
40262,Platform Life Sciences,https://www.platformlifesciences.com/
40263,Dalriada Trustees Limited,https://www.dalriadatrustees.co.uk/
40264,Aurachain,https://www.aurachain.ch/
40265,Indeio,http://www.indeio.com
40266,DTI (Diversified Technology Inc.),http://www.divtech.com
