,company_name,company_url
11094,Planck,https://www.planckdata.com/?utm_source=linkedin_profile
11095,REI Systems,http://www.reisystems.com/
11096,"Revenue Analytics, Inc.",http://www.revenueanalytics.com/
11097,Nextgen Technologies Inc,http://www.nextgentechinc.com
11098,Cengage Group,https://www.cengagegroup.com/
11099,Digit,https://digit.co
11100,Orbital Sidekick,https://orbitalsidekick.com/
11101,Lambda School,https://www.linkedin.com/school/bloominstituteoftechnology
11102,Keylent Inc,http://www.keylent.com
11103,"o9 Solutions, Inc.",http://www.o9solutions.com
11104,Apziva,https://www.apziva.com
11105,Humanised Group,http://www.humanisedgroup.com
11106,See-Mode Technologies,https://www.see-mode.com/
11107,beaton,http://www.beatonglobal.com/
11108,The Mintable,https://getmintable.com/
11109,LawVu,https://www.lawvu.com/
11110,Denodo,http://www.denodo.com
11111,PredictiveHire,http://www.predictivehire.com?utm_source=linkedin&utm_medium=social&utm_campaign=profile_link
11112,XOCEAN,http://www.xocean.com/
11113,Storyful,http://www.storyful.com
11115,LlamaZOO Interactive Inc.,http://www.llamazoo.com
11116,Copperstone Connect,http://www.copperstoneconnect.com
11117,MaxSold,https://www.maxsold.com
11118,CST Savings Inc,https://www.cstsavings.ca/
11119,Trojan Technologies,http://www.trojantechnologies.com/
11120,Campion Pickworth Ltd,http://www.campionpickworth.com
11121,Points,https://company.points.com/
11122,Potenco,http://www.potenco.ca
11123,GAO Tek Inc,https://google.com/
11124,NTT DATA Services,https://us.nttdata.com/en/
11125,Brookfield Properties,https://www.brookfieldproperties.com/
11126,MINDCURE ,https://www.mindcure.com/?utm_source=linkedin&utm_medium=button&utm_campaign=LinkedIn+Home
11127,Terramera,http://www.terramera.com/
11128,TRUSTiiN,https://www.trustiin.com
11129,Epsilon Solutions Ltd.,http://epsilonsolutions.ca/
11130,PwC Canada,http://www.pwc.com/ca
11131,Instawork,https://www.instawork.com/
11132,University of Saskatchewan,http://www.usask.ca/
11133,OSF Digital,https://osf.digital/
11134,Environics Analytics,http://www.environicsanalytics.com/
11135,LARVOL,https://bit.ly/2HrdNzk
11136,Cority,https://www.cority.com/
11137,Earnin,http://earnin.com/
11138,RSM UK,https://www.rsmuk.com
11139,RSSB,http://www.rssb.co.uk
11140,Agora Talent,http://www.agora-talent.com
11141,Kelton,https://www.kelton.co.uk
11142,Brilliantin Recruitment,http://brilliantin.webflow.io
11143,Oxford Immune Algorithmics Ltd,http://www.immunealgorithmics.com
11144,Assembly Global,http://www.assemblyglobal.com
11145,Cudo ,http://www.cudocompute.com
11146,Corecom Consulting,https://www.corecomconsulting.co.uk/
11147,Getronics,http://www.getronics.com/
11148,Dextra Group,http://www.dextragroup.com/
11149,Mundipharma,http://www.mundipharma.com/
11150,Pratap Partnership,https://www.pratappartnership.com/
11151,Alchemy Global Talent Solutions,https://www.alchemygts.com/
11152,Recorded Future,http://www.recordedfuture.com
11153,Crox Rpo,https://www.croxrpo.com/
11154,Haskell & White LLP,http://www.hwcpa.com
11155,Maxwell Locke & Ritter LLP,http://www.mlrpc.com/
11156,Premier Financial Search,http://www.pfssearch.com
11157,TDS®,https://www.tdsinc.com/about-us/careers/default.aspx
11158,"Summit Consulting, LLC",http://www.summitllc.us/
11159,Mangrum Career Solutions,http://www.mangrumcareersolutions.com/
11160,"Crunch Fitness CR Fitness Holdings, LLC",http://www.crunch.com/
11161,RGP,https://rgp.com/
11162,Wegner CPAs,https://www.wegnercpas.com/
11163,MAPS Public Benefit Corporation (MAPS PBC),https://mapspublicbenefit.com/
11164,"Novitas Solutions, Inc.",http://www.novitas-solutions.com
11165,Regeneron,http://www.regeneron.com
11166,Alliance Laundry Systems LLC,http://www.alliancelaundry.com
11167,Job Juncture,http://www.jobjuncture.com
11168,Limelight Networks,http://www.limelight.com/
11169,Zoetis Inc.,http://www.zoetis.com
11170,Radius Agent,https://www.radiusagent.com/?utm_source=sm
11171,Boston Dynamics,http://www.bostondynamics.com
11172,Capital Blue Cross,http://www.capitalbluecross.com
11173,Fresenius Medical Care North America,https://fmcna.com/
11174,Candid,https://candid.org
11175,inDriver,http://indriver.com
11176,Kids Spot,http://www.kidsspotrehab.com/
11177,OSTechnical,http://www.ostechnical.com
11178,SCI,http://www.scirecruiting.com
11179,George William Consulting,https://www.georgewilliamconsulting.co.uk/
11180,The Fountain Group,http://www.thefountaingroup.com/
11181,LUCA Business Solutions,https://www.lucasolutions.co/
11182,Spectrum Search Group,http://www.spectrumsearchgroup.com
11183,The Forum Group,http://www.forumgrp.com
11184,Logicbroker,http://www.logicbroker.com/
11185,Mastermind Marketing,https://www.mastermindmarketing.com/
11186,Catholic Health,https://www.chsli.org/about-catholic-health
11187,Kootenai Health,http://www.kh.org
11188,Ringside Talent,http://www.ringsidetalent.com/
11189,Movement Search & Delivery,http://MovementSearch.com
11190,VolumeFi,https://volume.finance/
11191,Parsons Corporation,http://www.parsons.com/
11192,Proper,https://www.proper.ai/
11193,"Canon Medical Systems USA, Inc.",https://us.medical.canon/
11194,Carilion Clinic,http://www.carilionclinic.org/
11195,SANS Institute,http://www.sans.org/
11196,St. Joseph Health,http://www.stjoe.org
11197,The Jacobson Group,https://jacobsononline.com/about/
11198,Tradeshift,http://tradeshift.com
11199,CoinList,http://coinlist.co
11200,Sandoval Tax CPAs Inc,http://www.sandovaltax.com/
11201,Harmonic Finance Inc ™,https://harmonicfinance.com/
11202,One80 Intermediaries,http://www.one80intermediaries.com/
11203,Epic Staffing Group,http://www.epichcstaffing.com/
11204,CareSource,http://www.caresource.com/about-us/careers/
11205,Engine Room,http://www.engine-room.com/
11206,EAGLE Certification Group,http://www.eaglecertificationgroup.com
11207,Cook Medical,http://www.cookmedical.com
11208,Coastal Ridge Real Estate,http://www.coastalridge.com
11209,8minute Solar Energy,http://www.8minute.com
11210,Finite State,https://www.finitestate.io
11211,Elbit Systems of America,http://www.elbitamerica.com/
11212,"Accountix, Inc.",http://www.accountixsolutions.com
11213,Joint Commission,http://www.jointcommission.org
11214,Orion Solutions Group,http://www.orionsolutionsgroup.com
11215,Jacobs,http://www.jacobs.com
11216,"Fast Enterprises, LLC",http://www.FastEnterprises.com
11217,DirectDefense,http://www.directdefense.com
11218,Benco Dental,https://www.benco.com
11219,Healthfirst,http://www.healthfirst.org
11220,Accountants on Air,https://accountantsonair.com
11221,Hire Solutions,http://www.hiresolutions.net
11222,Cordia Resources,http://www.cordiaresources.com/
11223,HORNE,https://horne.com/
11224,Rhymetec,http://www.rhymetec.com
11225,Vision Technology Services,http://www.vistechs.com
11226,Rayonier Advanced Materials,http://www.RayonierAM.com
11227,Cotter & Kavanaugh LLP,http://www.ck-llp.com/
11228,FormFactor Inc.,http://www.formfactor.com
11229,WinMax,http://winmaxcorp.com/
11230,Travelers,http://www.travelers.com/careers
11231,Idaho Accounting Services,http://www.idahoaccountingservices.com
11232,Kruze Consulting,https://kruzeconsulting.com/
11233,Proliance Consulting,https://www.prolianceconsult.com
11234,"PetPartners, Inc.",http://www.petpartners.com
11235,Sweet Dried Fruit Inc.,http://sweetdriedfruit.com
11236,AAFCPAs,https://www.aafcpa.com/
11237,Cyxtera Technologies,https://www.cyxtera.com/
11238,Sax LLP,http://www.saxllp.com
11239,United States Olympic & Paralympic Committee,http://www.teamusa.org
11240,GMR Marketing,http://www.gmrmarketing.com
11241,Digital Marketing Freelancerr,https://wa.me/message/Z4AGCTULXT3WL1
11242,HomeStreet Bank,https://www.homestreet.com
11243,Altria,http://www.altria.com
11244,The Doctors Company,http://www.thedoctors.com
11245,Arcon Recruitment,http://www.arconrecruitment.com.au
11246,Chartered Accountants Ireland,http://www.charteredaccountants.ie/
11247,Arriello,https://www.arriello.com
11248,Urban Brand Creative,http://www.urbanbrandcreative.com/
11249,TruSight,http://www.trusightsolutions.com/
11250,KPMG Canada,https://home.kpmg.com/ca/en/home.html
11251,BGIS,http://www.bgis.com
11252,CaseWare International Inc.,http://www.caseware.com
11253,Switch Health,http://www.switchhealth.ca
11254,Green Shield Canada (GSC),http://www.greenshield.ca/
11255,AutoTrader.ca,https://www.linkedin.com/jobs/search/?f_C=166483&locationId=OTHERS.worldwide
11256,Gallagher,https://linktr.ee/GallagherGlobal
11257,Payfare Inc.,https://corp.payfare.com/
11258,CaseWare IDEA,https://idea.caseware.com
11259,Calian Group,http://www.calian.com
11260,BottomLine,http://www.wearebottomline.com/
11261,Labcorp,http://www.labcorp.com
11262,Moonworkers,http://www.moonworkers.co.uk/
11263,Affinda,https://affinda.com/
11264,SORACOM,http://soracom.io/
11265,Locus Robotics,http://www.locusrobotics.com/
11266,Bank of America,https://www.bankofamerica.com
11267,Buf,http://buf.build
11268,ESO,http://www.eso.com/
11269,WillowTree,http://www.willowtreeapps.com
11270,Moody's Analytics,https://www.moodysanalytics.com
11271,TextExpander,https://textexpander.com/
11272,Banzai,https://www.banzai.io/
11273,Moz,https://moz.com/?utm_source=linkedin.com&utm_medium=social&utm_campaign=moz
11274,Fulfil.IO,http://www.fulfil.io/
11275,BDO Eaton Square ,http://www.BDOEatonSquare.ie
11276,Workforce Digital,https://www.workforcedigital.co.uk/
11277,Productive Technology,http://prodtech.com
11278,Venture Up,http://www.venture-up.co.uk/
11279,Five Percent,http://www.5percent.app/
11281,SO-SURE,https://wearesosure.com
11282,Tesseract,https://tesseractenergy.xyz/
11284,Kyloe Partners - Your Bullhorn specialists,https://www.kyloepartners.com
11285,Becave,http://www.becave.com
11286,AJ Bell,http://www.ajbell.co.uk
11287,MyPulse,http://mypulse.ai/
11288,Mind Feast Games,http://www.mindfeastgames.com
11289,Spec Check,http://www.speccheck.com
11290,Atlas Recruitment Group Ltd,http://www.atlasrecruitmentgroup.com/
11291,TodayTix Group (TTG),https://www.todaytixgroup.com/
11292,RACE Software,http://www.race.software/
11293,Kepler EMEA,https://www.keplergrp.com
11294,FundApps,https://www.fundapps.co/
11295,Emitwise,http://bit.ly/EmitwiseLinkedin
11296,Corriculo Recruitment,https://corriculo.co.uk
11297,Lyst,http://www.lyst.com/careers
11298,VMware Tanzu,https://cloud.vmware.com/tanzu
11299,Incube Space,http://www.incube.space/
11300,Passle,http://home.passle.net/
11301,Quanticate,http://www.quanticate.com
11302,Blueberry Consultants Ltd,http://www.bbconsult.co.uk/
11303,The Good Penguin,https://www.thegoodpenguin.co.uk/
11304,Pledger Giving,http://pledger.co
11305,Co-op,https://jobs.coop.co.uk/
11307,Change Digital – Digital & Tech Recruitment,http://www.change-digital.co.uk
11308,Digital Waffle,https://www.digitalwaffle.co/
