,company_name,company_url
32920,"MassMedia Marketing, Advertising, PR",http://www.massmediacc.com
32921,RDA,http://www.rdacorp.com
32922,QHR Technologies,http://www.qhrtechnologies.com
32923,Dotdigital,https://dotdigital.com
32924,Engage Health Systems Ltd,http://engagehealth.uk
32925,Pandion,http://agency.org.uk/
32926,CloudBolt Software,https://www.cloudbolt.io/
32927,Clear Point Consultants,http://www.clearpnt.com
32928,Mercado,http://www.mercadolabs.com/
32929,Arc'teryx Equipment,http://www.arcteryx.com/careers
32930,Buckman,http://www.buckman.com
32931,Seaport Research Partners,http://www.seaportrp.com
32932,The Corner House Recruitment Agency,http://thechagency.com
32933,Smart Data,https://smartdata.net/
32934,Zillion,http://www.zillion.com/
32935,Axonista,https://www.axonista.com/
32937,Dastan Nevis Nojavan,https://dastannevis.com
32938,Key Networks,http://www.keynetworks.com/
32939,Applied Software,https://www.asti.com
32940,Longenecker & Associates,http://www.la-inc.com
32941,Canada Solo Media Inc.,#
32942,Coltech Global,http://www.coltech.io
32943,The Game Day,http://www.thegameday.com/
32944,Galasso Learning Solutions,http://www.galassolearningsolutions.com/
32945,Totally Plc,http://www.totallyplc.com
32946,RiskLens,http://www.RiskLens.com
32947,International Mental Health Association,https://imha.ngo/
32948,"ROI Healthcare Solutions, LLC",https://roihs.com
32949,P3Hired,http://www.p3hired.com/
32950,KASKO,http://www.kasko.io
32951,Hamilton Lane,http://www.hamiltonlane.com
32952,IFS Institute,http://www.ifs-institute.com
32953,COUNTRY Financial®,https://www.countryfinancial.com/en/about-us/careers/agency-careers.html
32954,Capital Tech Solutions,https://capitaltechsolutions.com/
32955,Bimbo Canada,http://www.bimbocanada.com/
32956,Amazon Lab126,https://www.amazon.jobs/en/teams/lab126?cmpid=EPLIDS200680B
32957,Canada Revenue Agency - Agence du revenu du Canada,http://canada.ca/taxes
32958,AiCure,http://www.aicure.com/
32959,Anjuna Security,https://www.anjuna.io/
32960,LeanIX,http://www.leanix.net/
32961,Spartan Placements,http://www.spartanplacements.com
32962,Zenith Wealth Partners,http://www.zenithwealth.partners/
32963,Philotimo Med Abroad Experience,http://www.philotimoabroad.org/
32964,TIU Consulting,https://www.tiuconsulting.com/
32965,Greene Tweed,https://www.gtweed.com
32966,Meridian Technology Solutions Inc.,http://www.meridianit.com
32967,Bulgari,http://www.bulgari.com
32968,Nexwave,http://www.nexwaveinc.com
32969,Winston & Strawn LLP,https://www.winston.com/
32970,MRI Social Housing,https://www.mrisoftware.com/uk/solutions/social-housing/
32971,Heriot Brown In-House Legal Recruitment,http://www.heriotbrown.com/
32972,SelectOne,http://www.selectoneLLC.com
32973,Kodezi,http://kodezi.com/
32974,ORBCOMM,https://www.orbcomm.com/
32975,App Solve,https://appsolve.com/
32976,Doka USA,http://www.dokausa.com
32977,Victaulic,https://www.victaulic.com/?utm_medium=profile%20link&utm_source=linkedin&utm_campaign=website%20traffic&utm_content=channel%20page%20link
32978,Human Capital Ventures,http://www.humancapitalventures.com
32979,Coodesh,https://coodesh.com/
32980,PipPost,https://pippost.com/
32981,Eska Pharmaceutical Wholesaler,http://www.eskaecza.com
32982,Meraki7,https://meraki7inc.com
32983,Mira Commerce,http://miracommerce.com/
32984,JBI Advertising,http://jbiadvertising.com
32985,DoubleCloud,https://double.cloud
32986,ARTA ,https://arta.io
32987,Consumer Direct Care Network,http://www.consumerdirectcare.com/
32988,Black Box Intelligence™,http://www.blackboxintelligence.com/
32989,Segic,http://www.segic.ca
32991,Koda Bookkeeping - Bookkeeping & Accounting Services,http://www.kodabookkeeping.com/
32992,IntelliShop GmbH,http://www.intellishop.ch
32993,YourHire,http://www.yourhire.net
32994,Zest City,https://zestcity.com/
32995,BrainGu,https://www.braingu.com
32996,SEMPRE (Secure EMP-Resistant Edge),https://www.sempre.ai/
32997,SMArtX Advisory Solutions,http://www.smartxadvisory.com/
32998,Promomash,http://www.promomash.com/
32999,Myagro Suppliers,http://www.myagrosuppliers.com/
33000,Mapleton Hill,https://www.mapletonhill.net
33001,Glance Networks,http://www.glance.net
33002,Luxor,https://www.luxor.tech/
33003,Tenet Financial Group,http://www.tenetfinancialgroup.com/
33004,Vox & Oz,http://www.voxandoz.com
33005,Brandelle Industries,http://brandelle.ca
33006,Two Six Technologies,http://www.twosixtech.com
33007,Blue Hat Teambuilding,https://www.bluehat-teambuilding.co.uk
33008,inTulsa,https://intulsa.com/
33009,Adyen,https://www.adyen.com/?utm_medium=Social&utm_source=LinkedIn&utm_campaign=LinkedIn%20-%20Global%20-%202019&utm_content=organic&utm_term=page
33010,Climate Club,http://www.climateclub.com
33011,Faeth Therapeutics,https://www.faeththerapeutics.com/
33012,Core3 UK,http://www.core3.co.uk
33013,capSpire,http://www.capspire.com/
33014,Profitroom,https://www.profitroom.com/
33015,Vector Plus,https://www.vectorplusinc.com/home
33016,"Electrical Reliability Services, Inc.",http://ers.vertiv.com/
33017,Eye Recommend,http://eyerecommend.ca
33018,Land Promoters and Developers Federation,https://www.lpdf.co.uk/
33019,Avacend Solutions,https://www.avacendsolutions.com
33020,"Royal Cup, Inc.",http://www.royalcupcoffee.com
33021,Mosaic Recruitment Ltd,http://www.mosaic-recruitment.com/
33022,Art+Logic,https://artandlogic.com/
33023,"CB Partners, LLC",http://www.cbpsearch.com/
33024,RightTalents LLC,https://www.righttalents.net/
33025,Phetairos Limited,https://www.phetairos.com
33026,Seattle Universal Math Museum,http://www.seattlemathmuseum.org
33027,Go Evo,http://www.go-evo.com/
33028,SimplyInsured,http://www.simplyinsured.com
33029,WhoisXML API,https://www.whoisxmlapi.com?mc=socialmedia
33030,Lindt & Sprungli UK,https://jobs.lindt.co.uk/
33031,Frshminds,http://www.frshminds.com
33032,ISM,http://www.ismcanada.com
33033,LEAP Group,https://www.leapgroupnetwork.com/
33034,"Levy Tax and Consulting, LLC",http://www.levycpafirm.com
33035,CB Recruitment,http://www.cbrecruitment.com
33036,WESTER ROSS BIOSPHERE LTD,http://www.wrb.scot
33037,BrightWork,https://www.brightwork.com/blog
33038,BOTG LLC,https://botgsolutions.com
33039,PDA Law | Solicitors in Chester,http://www.pdalaw.co.uk
33040,Serna Legal Services,https://sernalegalservices.com
33041,Children's Allergy Doctors,http://childrensallergydoctors.com
33042,conformii,https://conformii.com
33043,Rothschild Safaris,https://www.rothschildsafaris.com/
33044,MoneyLine Gaming Inc ,https://apps.apple.com/us/app/moneyline-sports-pickem/id1233777304
33045,Muslim Agent,http://www.muslimagent.com
33046,ConcertoCare,http://concertocare.com/
33047,ParadigmIT,https://paradigmit.com
33048,Royal Masonic Benevolent Institution Care Co.,http://www.rmbi.org.uk
33049,QASource,https://www.qasource.com/
33050,The Haskell Company,https://www.haskell.com
33051,Skills for Care,https://sfca.re/3HylCNJ
33052,Westin Par,http://www.westinpar.com/
33053,The Purposeful Project,http://www.purposefulproject.com
33054,Picsart,http://picsart.com/
33055,Johnstone Supply,http://www.JohnstoneSupply.com
33056,Cumulus Digital Systems,http://www.cumulusds.com
33057,Vivi,http://vivi.io/
33058,Luxtripper,https://www.luxtripper.co.uk
33059,Convertevent,https://www.convertevent.com/
33060,R+L Carriers,https://www.rlcarriers.com/
33061,Mobile Mini Solutions,https://www.mobilemini.com/
33062,Studio 316,http://www.studio316.co.uk/
33063,"Home State Health Plan, Inc.",http://www.homestatehealth.com
33064,"Galls, LLC",http://www.galls.com
33065,Talencio,https://talencio.com/
33066,City of Saskatoon,http://www.saskatoon.ca/
33067,Big Pixel,http://www.thebigpixel.net/
33068,Oil and Gas Recruiter,https://oilandgasteam.com
33069,Corizon Health,http://www.yescarecorp.com
33070,"The Ocean Club of Florida, Inc.",http://www.oceanclubofflorida.com
33071,Qumulo,http://www.qumulo.com
33072,Skyflow,https://www.skyflow.com/
33073,phenomenon,http://www.phenomenon.com
33074,"Law Office of Marisa Nelson, PC",https://www.marisanelson.com/
33075,Phyton Consulting,https://phytonconsulting.com/
33077,HR Heads,https://www.hrheads.co.uk/jobs/
33078,Focus on Security,http://www.focus-on-security.org
33079,"August Home, Inc.",http://www.august.com
33080,Ellipse Data Ltd,https://www.ellipsedata.com
33081,Forerunner,http://www.withforerunner.com
33082,"Niagara Partners, Inc",http://www.niagarapartners.com
33084,"K3-Innovations, Inc.",http://www.k3-innovations.com/careers
33085,i4DM,http://www.i4dm.com
33086,Dotdash Meredith,https://www.dotdashmeredith.com/
33087,Athena Analytics,http://www.athena.ie
33088,Pendle Nu Tech,http://www.PendleNuTech.com
33089,Prairie State College,http://prairiestate.edu
33090,Ubico,https://www.ubico.io/
33091,Wagr,http://wagr.us
33092,Synthesis AI,http://synthesis.ai
33093,GaN Systems Inc.,http://www.gansystems.com/
33094,Overcharge Recovery Group,http://www.overchargerecoverygroup.com/
33095,PRIMO,https://www.heyprimo.com/
33096,GOOD LAW SOFTWARE®,http://www.goodlawsoftware.co.uk/
33097,Banana Republic,http://www.bananarepublic.com
33098,Medical Engineers - Medical Device Recruitment,https://medicalengineers.co.uk
33099,ITR Economics,https://www.itreconomics.com
33100,BrightPlan,https://www.brightplan.com/
33101,BARDER,http://www.bardercpas.com
33102,Kensington Research & Recovery,https://www.kensington-research.com/
33103,"The Consortium, Inc. ",http://www.consortiuminc.com
33104,ACVEST,http://www.acvest.com
33105,Bridgit,http://www.gobridgit.com/
33106,techfolk,http://www.techfolk.co.uk
33107,"Semcasting, Inc.",http://www.semcasting.com
33108,Council of Agencies Serving South Asians,http://www.cassa.on.ca
33109,"The Affiliati Network, Inc.",http://www.affiliatinetwork.com
33110,Sheba Consulting,https://www.shebaconsulting.com/
33111,Nolan Real Estate Services,http://www.nolanred.com
33112,ACCEL Schools,http://www.accelschools.com
33113,Omniscia,https://omniscia.io
33114,Feedly,https://feedly.com
33115,ZSA Canada,http://www.zsa.ca
33116,Traveling Coaches,http://www.travelingcoaches.com
33117,HBD,https://hbd.co.uk/
33118,Babel Street,http://www.babelstreet.com
33119,BK Medical,https://www.bkmedical.com/
33120,Neeva,https://neeva.com/
33121,Comfort Systems USA,http://www.comfortsystemsusa.com
33122,Evolution AI,https://evolution.ai
33123,Affinity Search Partners,http://www.affinitysearchpartners.com/
33124,HiByron,https://www.hibyron.com
33125,LOVERETRO,http://www.loveretrojewelry.com
33126,thy.self,https://www.thyself.space/
33127,TwinThread,https://www.twinthread.com/?utm_source=linkedin&utm_medium=link&utm_campaign=learn_more_button&utm_term=na&utm_content=na
33128,Rushmore Loan Management Services LLC,http://www.rushmorelm.com
33129,Ivalua,http://www.ivalua.com
33130,Advantage Technical,https://advantagetechnical.com/
33131,Frederick Fox,https://www.frederickfox.com/
33132,Evolving Systems,http://www.evolving.com
33133,Aluna ,https://alunacare.com/
33134,TechniPros LLC,http://www.technipros.com
