,company_name,company_url
3576,Amplio Technologies Ltd,https://www.linkedin.com/services/page/3695743105a7869229
3577,Trueman Change,http://truemanchange.co.uk/
3578,Starling Bank,http://spkl.io/60034OEdH
3579,Structure Financial,http://structure.fi
3580,McGregor Boyall,http://www.mcgregor-boyall.com
3581,G2 Legal,https://www.g2legal.com
3582,Speedcast,http://www.speedcast.com
3583,11:FS,http://11fs.com
3584,TransPerfect,http://www.transperfect.com
3585,Manufacturers Bank,http://www.manufacturersbank.com
3586,PNC,http://www.pnc.com
3587,Midtown Consulting Group,http://www.midtowncg.com
3588,Conventus Holdings Corp.,http://cvlending.com
3589,Nexgen IOT Solutions ,https://www.nexgeniots.com
3590,Oportun,https://www.oportun.com
3591,"Fourth Technologies, Inc.",http://www.fourthtechnologies.com
3592,Zearch,http://www.zearch.io
3593,Skive,http://skive.co
3594,Elliott International,http://www.elliottint.com
3595,Innodata Inc.,http://www.innodata.com
3596,"Denken Solutions, Inc",http://www.denkensolutions.com
3597,TechAffinity,https://www.techaffinity.com/meeting.html
3598,DealRoom,https://dealroom.net
3599,WideOrbit,http://www.wideorbit.com
3600,Pride Financial,https://agents.worldfinancialgroup.com/az/phoenix/tanya-mendoza-galindo
3601,moneymarketplace,http://www.moneymarketplace.biz
3602,Silverton Mortgage,http://www.silvertonmortgage.com
3603,MassMutual,https://www.MassMutual.com
3604,Silicon Valley Investclub,https://investclub.sv/
3605,Dup15q Alliance,http://www.dup15q.org
3606,Bluemercury,https://bluemercury.com/
3607,Schultz Financial Group Inc. ,https://sfginc.com
3608,Fidelity TalentSource,http://www.fidelitytalentsource.com
3609,FDM Group,https://www.fdmgroup.com
3610,Synopsizor Technologies Inc.,http://synopsizor.com/
3611,Primerica,https://www.primerica.com/
3612,Victor Fi,http://www.victorfi.com
3613,Sun Technologies,https://www.suntechnologies.com/
3614,Eightfold,https://eightfold.ai/about/contact-us/
3615,Life Science Wealth,http://www.lifesciencewealth.com
3616,"Lithia Motors, Inc.",http://www.lithiacareers.com
3617,First Citizens Bank,http://www.firstcitizens.com/
3618,KeyBank,https://www.key.com
3619,Carefull,http://www.getcarefull.com
3620,TektreeInc,http://www.tektreeinc.com/
3621,TaxAct,http://www.taxact.com
3622,Till Payments,https://www.tillpayments.com/
3623,National Park Service,http://www.nps.gov
3624,Rowland Investisure,https://wfgrecruitingservices.godaddysites.com/
3625,Growthink Capital,https://growthinkcapital.com/
3626,New Mexico Bank & Trust,https://www.nmb-t.com/
3627,Metal,https://metalpay.com
3628,The Judge Group India,https://www.judge.com/services/offshore-it-learning-solutions
3629,The Symicor Group,http://symicorgroup.com
3630,Equi,http://www.equi.com
3631,Global Acquisition Partners,https://calendly.com/meetcolt
3632,Silvergate Bank,https://www.silvergatebank.com
3633,Prime Trust,https://primetrust.com
3634,Cher ®,https://cher.app
3635,OppFi,https://www.OppFi.com
3636,RENEW LLC (renewstrategies.com) ,http://www.renewstrategies.com
3637,USDM Life Sciences,http://usdm.com/
3638,Arizona Bank & Trust,https://www.arizbank.com
3639,"Software Guidance & Assistance, Inc. (SGA, Inc.)",https://www.sgainc.com/newsletter-sign-up/
3640,ICR,http://www.icrinc.com
3641,Allied Benefit Systems,http://www.alliedbenefit.com
3642,Techworkers,http://www.techworkers.com
3643,PointClickCare,http://www.pointclickcare.com
3644,Highline,http://highline.co
3645,Align Business Advisory Services,https://alignba.com/
3646,"Pro IT, Inc",http://www.proit-inc.com/
3647,EITACIES INC,https://www.eitacies.com
3648,EPMA,https://www.epmainc.com/main/careers/
3649,theLender,http://www.theLender.com
3650,Citywide Banks,https://www.citywidebanks.com
3651,SmartBiz Loans,https://www.smartbizloans.com/careers
3652,Blue Chip Talent,https://bctalent.com/about/
3653,Premier Valley Bank,https://www.premiervalleybank.com/
3654,Esusu,https://www.esusurent.com
3655,Dubuque Bank and Trust,https://www.dubuquebank.com
3656,Enquero,http://www.enquero.com
3657,The Emerald Recruiting Group,http://theemeraldrecruitinggroup.com/
3658,SalesFirst Recruiting,http://www.salesfirstrecruiting.com
3659,Rocky Mountain Bank,https://www.rmbank.com/
3660,Wellby,https://wellbyfinancial.com
3661,Baldwin Risk Partners,http://www.baldwinriskpartners.com
3662,naztech Inc,https://www.naztech.us.com
3663,"IDC Technologies, Inc.",https://www.idctechnologies.com
3664,BirchStreet Systems,http://www.birchstreetsystems.com
3665,Atlantic Partners Corporation,http://www.atlanticpartnerscorp.com
3666,Preferred Mutual,https://www.preferredmutual.com/
3667,TurningPoint Energy,http://www.turningpoint-energy.com
3668,IndoMinds Solutions ,http://www.indominds.com
3669,Teqball USA LLC,https://www.usteqballfederation.com/
3670,ResProp Management,http://respropmanagement.com
3671,SpringTide Ventures,http://springtide.com
3672,Protovate,https://protovate.com
3673,Alphanumeric Systems,http://www.alphanumeric.com
3674,D&G Support Services,http://www.dngspt.com
3675,Profectus,http://profectusllc.com
3676,Pocket Gems,http://www.pocketgems.com
3677,"Shimento, Inc.",http://www.shimento.com
3678,PamTen Inc,https://www.pamten.com/
3679,JCW,http://www.jcwresourcing.com
3680,EquityBee,http://equitybee.com/?ref=LIP
3681,Coda Search│Staffing ,http://www.codarecruitment.com
3682,core planning,https://yourcoreplan.com
3683,Interactive Brokers,https://www.interactivebrokers.com
3684,Renovation Brands,http://www.renovationbrands.com
3685,TechTalent Squared,https://www.techtalentsquared.com
3686,Accume Partners,http://www.accumepartners.com
3687,mroads,http://www.mroads.com
3688,CR3 Partners,http://www.cr3partners.com
3689,Northbound Executive Search,http://www.northboundsearch.com
3690,USDA,http://www.usda.gov
3691,Saatva,https://bit.ly/3C6orml
3692,Brighthouse Financial,https://www.brighthousefinancial.com
3693,Vangst,https://www.vangst.com
3694,Exavalu,http://www.exavalu.com
3695,Burkland,https://burklandassociates.com/
3696,SolomonEdwards,https://solomonedwards.com/
3697,Larson Maddox,https://www.larsonmaddox.com/
3698,Park Hudson,http://www.phisearch.com
3699,City National Bank,https://newsroom.cnb.com/?utm_medium=organicsocial&utm_source=linkedin&utm_channel=social&utmid=huxgYHDKFyzSYZr
3700,Fifth Third Bank,http://www.53.com
3701,ACS Solutions,http://www.acsicorp.com
3702,ReconArt,https://www.reconart.com/contact-us/
3703,"Trilyon, Inc.",http://www.trilyonservices.com
3704,Compliance Risk Concepts (CRC​),https://compliance-risk.com/contact/
3705,Nirvana,http://www.meetnirvana.com
3706,"TSR Consulting Services, Inc",http://www.tsrconsulting.com
3707,Deel,https://www.letsdeel.com/?utm_source=linkedin&utm_medium=social&utm_campaign=LI_Profile-Button
3708,Cross Country Healthcare,http://www.crosscountryhealthcare.com
3709,"Innovative IT Solutions, Inc.",https://iitstech.com/
3710,VeeAR Projects Inc.,http://veearprojects.com/
3711,Synctera,http://www.synctera.com
3712,FD Technologies,https://fdtechnologies.com/
3713,Heartland,http://www.heartland.us
3714,Persistent Systems,http://www.persistent.com
3715,intiGrow Staffing,http://igrowstaff.com
3716,"Avid Mortgage Solutions, Inc. - NMLS#1656848",http://avidmortgages.com
3717,Reference Point,http://www.referencepoint.com
3718,Momento USA LLC,http://www.momentousa.com
3719,Hippocratic,http://hippocratic.com
3720,Athreya Inc.,http://www.athreyainc.com
3721,"Cardinal Financial Company, Limited Partnership",https://www.cardinalfinancial.com/
3722,Elevations Credit Union,http://www.ElevationsCU.com
3723,GAV,http://www.gaventures.co
3724,Nymbus,http://www.nymbus.com
3725,Studio Management LLC,http://www.studiomgmt.co
3726,Varo Bank,https://www.varomoney.com
3727,Darwin Homes - Property Management,http://www.darwinhomes.com
3728,IT-SCIENT,https://www.itscient.com
3729,UNIFY Financial Credit Union,http://UnifyFCU.com
3730,CloudTrucks,http://www.cloudtrucks.com
3731,AAA-The Auto Club Group,http://aaa.com
3732,"SHAZAM Network - ITS, Inc.",http://www.shazam.net
3733,Cachy,https://cachy.com
3734,Genuent,https://www.genuent.com
3735,CAI,https://www.cai.io/
3736,Quorum Federal Credit Union,http://www.quorumfcu.org
3737,Play Hockey,http://www.playhockey.com
3738,Paycor,https://linktr.ee/paycorinc
3739,First Internet Bank,https://www.firstib.com
3740,Upstart,https://www.upstart.com/
3741,"Confiance Career Connection, LLC",http://www.confiancecareerconnection.com
3742,Century Support Services,http://www.centuryss.com
3743,Deliverr Inc.,https://deliverr.com
3744,Demyst,https://demyst.com
3745,The Learning Moment LTD,http://www.thelearningmoment.org
3746,RevelOne,http://bit.ly/2YBGuOn
3747,SavvyMoney,http://www.savvymoney.com
3748,Devon Self Storage,http://www.devonselfstorage.com
3749,PwC,https://www.pwc.com/gx/en
3750,Connor Group,https://bit.ly/37kVWUa
3751,Minnesota Bank & Trust,https://www.mnbankandtrust.com/
3752,Synapse,https://synapsefi.com/
3753,Nomi Health,https://www.nomihealth.com/
3754,Embark Trucks,http://embarktrucks.com/
3755,Brilliant®,https://www.brilliantfs.com/
3756,DeWinter Group,http://www.dewintergroup.com
3757,The Bachrach Group,http://www.bachrachgroup.com
3758,ThinkingAhead Executive Search,http://www.thinkingahead.com
3759,"Hire Options, Inc.",http://www.HireOptions.com
3760,Bitt,https://www.bitt.com/
3761,Sally Beauty,http://www.sallybeauty.com
3762,Wisconsin Bank & Trust,https://www.wisconsinbankandtrust.com
3763,Medical Research Consultants,http://www.mrchouston.com
3764,RulesIQ ,http://www.rulesiq.com
3765,Clever Inc.,https://clever.com
3766,Perkins & Co,http://www.perkinsaccounting.com
3767,Instacart,https://instacart.careers/
3768,Freedom Mortgage,http://www.freedommortgage.com?utm_source=LinkedIn&utm_medium=Social&utm_campaign=LinkedInVisitWebsite
3769,Celonis,http://www.celonis.com
3770,Scion Lending (Branch NMLS #1812244),http://www.scionlending.com/
3771,Edgility Consulting,http://www.edgilityconsulting.com
3772,Juniper Advisory,http://www.juniperadvisory.com
3773,EasySend,https://easysend.io
3774,Pure Storage,https://www.purestorage.com
3775,MVB Bank,https://mvbbanking.com/
3776,UPRAISE Marketing + Public Relations,http://upraisepr.com/
3777,Silicon Valley Bank,http://www.svb.com
3778,Paramount Placement Professionals,https://www.p3recruiters.com/
3779,National Mortgage Staffing,http://www.nationalmortgagestaffing.com
3780,Teleperformance,http://teleperformance.com/en-us/contact-us/
3781,Stellar Health,http://www.stellar.health
3782,Carbon Health,http://carbonhealth.com/careers
3783,Brex,https://brex.com/
3784,Prospect Capital Management,http://prospectcap.com
3785,Women's World Banking,http://www.womensworldbanking.org
3786,MP,https://mp-hr.com
