,company_name,company_url
8749,"Skyway Capital Markets, LLC",http://www.skywaycapitalmarkets.com
8750,AAXIS Digital,http://www.aaxisdigital.com
8751,Regions Bank,http://spr.ly/rgn
8752,Lenderfit,http://www.lenderfit.io/
8753,Trust & Will,https://trustandwill.com
8754,Silver Hill Funding,http://www.SilverHillFunding.com
8755,SMCI,http://www.smci.com
8756,Esanda Recruitment,http://www.esandarecruitment.com
8757,Artie,https://www.artie.com
8758,Tidal Basin Group,http://www.tidalbasingroup.com
8759,Top Prospect Group,http://www.topprospectgroup.com
8760,NurseDash,https://www.nursedash.com/
8761,ENDPOINT HEALTH,http://endpoint.health/
8762,The Andrew Goodman Foundation,http://www.andrewgoodman.org
8763,Nomis Solutions,http://www.nomissolutions.com/
8764,Compassion International,https://www.compassion.com/employment/christian-employment.htm
8765,ClearEdge Lending,http://www.clearedgelending.com
8766,Syntellis Performance Solutions,https://www.syntellis.com/
8767,Amount,https://www.amount.com/
8768,TecBan,https://www.tecban.com.br/
8769, Pilot Company,http://pilotcompany.com
8770,SEngine Precision Medicine,http://www.senginemedicine.com/howtoorder
8771,Sutherland,https://www.sutherlandglobal.com/
8772,FinLync,http://finlync.com
8773,Avantis Investors,https://www.avantisinvestors.com/index.html?utm_source=linkedin&utm_medium=social&utm_campaign=avantis&utm_content=bio-website-link
8774,Forbright Bank,https://www.forbrightbank.com/
8775,Kaplan,http://www.kaplan.com/
8776,LendUS,http://lend.us
8777,iitjobs,http://www.iitjobs.com
8778,Perch,https://www.perchhq.com/
8779,McGlinchey Stafford,https://www.mcglinchey.com
8780,Peach,https://www.peachfinance.com
8781,PDI,http://www.politicaldata.com
8782,Pilot Flying J,http://pilotflyingj.com/
8783,Rakuten Americas,http://rakuten.us/
8784,Zyston LLC,https://www.zyston.com
8785,Regence BlueShield,https://regence.com/
8786,PeerStreet,http://www.peerstreet.com
8787,Baird,http://www.rwbaird.com
8788,Method Financial,https://methodfi.com/
8789,Temple University,https://www.temple.edu
8790,Silverline,http://www.silverlinecrm.com/
8791,Providence Health & Services,http://www.providence.org
8792,Extend,http://www.paywithextend.com/
8793,NPAworldwide,http://www.npaworldwide.com
8794,Morning Consult,http://www.morningconsult.com
8795,D.A. Davidson Companies,http://dadavidson.com/
8796,OpenPayd,https://www.openpayd.com/
8797,Colossal Biosciences,https://colossal.com/
8798,ATPCO,https://www.atpco.net/contact
8799,FIDIS,http://fidis.io/
8800,Akoya,https://www.akoya.com
8801,TIDAL,http://www.tidal.com
8802,SpotOn,http://www.spoton.com/
8803,SAS,http://www.sas.com
8804,"Relocity, Inc.",http://relocity.com/
8805,TurnKey Lender,https://turnkey-lender.com/
8806,Peergenics,https://www.peergenics.com/
8807,"Avistone, LLC",https://www.avistone.com
8808,Global Payments Inc.,http://www.globalpayments.com
8809,Geneva Financial LLC,http://www.genevafi.com/
8810,AmeriSave Mortgage Corporation,http://www.amerisave.com
8811,Dealerware,https://www.dealerware.com/
8812,Backblaze,http://www.backblaze.com/
8813,Cynet Systems,https://www.cynetsystems.com/
8814,Synaptiq ,https://www.synaptiq.ai
8815,Meet,http://www.peoplewithchemistry.com
8816,SohanIT Inc,http://www.SohanIT.com
8817,Mindcrest,http://www.mindcrest.com
8818,Snackpass,https://www.snackpass.co
8819,Kobie Marketing,http://www.kobie.com
8820,CUNA Mutual Group,http://www.cunamutual.com
8821,Fractal,https://fractal.ai/
8822,iMatch Technical Services,http://www.imatch.com
8823,STAND 8 Technology Services,http://www.stand8.io/
8824,Indigo Consulting - IAM Experts,http://www.indigoconsulting.ca
8825,Wyth Financial,http://wyth.ca
8826,BMO Groupe financier,http://www.bmo.com
8827,Global Technical Talent,http://www.gttit.com
8828,Solace,https://solace.com
8829,CXY,https://www.thecxyway.com
8830,Mintago,http://www.mintago.com
8831,European Society of Endocrinology,http://www.ese-hormones.org
8832,Anti-Apartheid Legacy: Centre of Memory & Learning,https://antiapartheidlegacy.org.uk/
8833,FoodChain ID UK,https://www.foodchainid.com/uk
8834,Lifestyle to Love,https://www.taylorpthompson.com
8835,Chainstack,https://chainstack.com/
8836,BESA Group,https://www.theBESA.com
8837,ISE Partners,http://www.isepartners.com
8838,Quorn Foods,https://www.quorn.co.uk/
8839,"Absolute Sales & Marketing Recruitment Ltd.,",http://www.absolutesalesjobs.com
8840,Canopy Group,https://www.canopygroupglobal.com
8841,mParticle,https://www.mparticle.com/
8842,Wildix,http://www.wildix.com
8843,Clear Path UK,https://clearpathconference.org
8844,Kavee,http://kaveecage.co.uk/
8845,ABL Recruitment,http://www.ablrecruitment.com/
8846,Alexander Cain,http://alexandercain.co.uk/
8847,PerfectIt™,http://www.perfectit.com/
8848,Smartsheet,http://www.smartsheet.com/
8849,Jazz Pharmaceuticals,http://www.jazzpharma.com
8850,Philips,https://www.philips.com/a-w/about.html
8851,Helping Hands Homecare,http://www.helpinghandshomecare.co.uk
8852,Avaya,https://www.avaya.com/en/?utm_source=linkedin&utm_medium=social&utm_campaign=linkedIn_page
8853,CapeClarke,https://capeclarke.com/
8854,FireMon,http://www.firemon.com/
8855,CamOnApp - Immersive Tech,http://www.camonapp.com
8856,MFK Recruitment,http://www.mfkrecruitment.co.uk
8857,Globacap,http://www.globacap.com/
8858,PLTHORA,http://www.plthora.com
8859,RPS,https://www.rpsgroup.com/
8860,Oxfordshire Breastfeeding Support,http://oxbreastfeedingsupport.org/
8861,North Shore Therapeutics,http://www.northshore.health
8862,A Brit's Guide to the NBA,http://abgnblog.wordpress.com
8863,Transportes Rodoviário 1500 Ltda,https://www.1500transportes.com.br
8864,Celadyne Technologies,http://www.celadynetech.com
8865,Lettire Construction Corp.,http://www.lettire.com
8866,"Beauty Labs, a Amyris Inc (NASDAQ:AMRS) company",https://beautylabs.com/#splash
8867,Syndicate,https://syndicate.io/
8868,Drumroll,http://www.drumroll.com
8869,ABA Centers of America,https://www.abacenters.com/
8870,Black Lunch Table,https://linktr.ee/blacklunchtable
8871,The Joker Brokers,http://www.thejokerbrokers.com
8872,Brave American,http://www.braveamerican.com
8873,Delaware State Chamber of Commerce,http://www.dscc.com/
8874,Lovett Industrial,http://www.lovettindustrial.com
8875,Nine Rivers Capital,http://www.nineriverscapital.com
8876,CrossFire Group,http://www.xfiregroup.com
8877,Foundation for Self Leadership,http://www.FoundationIFS.org
8878,"The JHT Group, LLC",http://www.jhtgroupnyc.com
8879,Superior Environmental ,http://superiorenviroandmechanical.ca/
8880,Whiskey Riff,https://www.whiskeyriff.com/
8881,"ProCo, LLC",https://proco-llc.com/
8882,Elevate Talent,https://elevatetalent.co
8883,Reboot,http://reboot.org
8884,Azooca Inc. ,https://azooca.com/
8885,Rosebud Communications,http://www.rosebudpr.io
8886,"IT Pros, LLC",https://www.itprosphilly.com/
8887,Leads 2 Appointments Ltd,http://www.leads2appointments.com
8888,From Day One,http://www.fromdayone.co
8889,"Hy Cite Enterprises, LLC",http://www.hycite.com
8890,Pachyderm Inc.,https://pachyderm.com
8891,Global Rhymes,http://www.globalrhymes.com/
8892,"HACC, Central Pennsylvania's Community College",http://www.hacc.edu
8893,Mabi Artisanal Tea,https://mabitea.com/
8894,Jack Taylor PR,http://jacktaylorpr.com/
8895,Treez Inc.,http://treez.io/
8896,Beacon CPA PC,http://www.beaconcpa.com
8897,Flatiron Health,http://www.flatiron.com
8898,Zencastr,http://www.zencastr.com
8899,Wisq,http://www.wisq.com
8900,Onward Search,https://www.onwardsearch.com
8901,Pramata,https://content.pramata.com/l/710753/2021-11-01/hdvzx
8902,Map Labs,https://maplabs.com/
8903,Asian Youth Liberty League,http://allyassemble.com
8904,Wonder Works Construction Corp.,http://www.wonderworkscorp.com/
8905,Viz.ai,http://www.viz.ai/
8906,TalentHunt Inc.,https://talenthuntinc.com
8907,Databook,http://www.databook.com
8908,Aramark Healthcare Technologies,http://www.aramark.com/industries/healthcare/hospitals-healthcare-facilities/healthcare-technologies
8909,Tanger Outlets,http://www.tangeroutlet.com
8910,Broadlume,http://www.broadlume.com/
8911,Aercor Inc,http://www.aercor.com
8912,CIENCE,https://cience.com
8913,Anzu.io,https://anzu.io/
8914,Performance Pulsation Control,http://www.performancepulsation.com
8915,AVAILABILITY Professional Staffing,http://www.aps-hr.com/
8916,Alliant Insurance Services,http://www.alliant.com
8917,Biorigin  - Zilor,http://www.biorigin.net
8918,Cubed Laboratories,https://cubedlabs.com
8919,Leafly,https://www.leafly.com
8920,Octave Bioscience,http://www.octavebio.com
8921,Agathos,http://www.agathos.io/
8922,Panaya,https://www.panaya.com/
8923,Advanced Resources,http://www.advancedresources.com/
8924,9 Story Media Group,http://www.9story.com
8925,"Essnova Solutions, Inc.",http://www.essnova.com/
8926,Hornblower Group,https://www.hornblowercorp.com/
8927,Andrena,https://andrena.com/
8928,Alternative Claims Management | ACM,http://www.altclaim.com/
8929,InVision,http://www.invisionapp.com
8930,The American Association of Aesthetic Medicine and Surgery (AAAMS),http://www.aaams.net/
8931,Malakye.com,http://www.malakye.com/
8932,"Blue Ocean Brain, an HSI Company",https://www.BlueOceanBrain.com
8933,Mutual of Omaha Mortgage,https://www.mutualmortgage.com/get-started-today/
8934,ADDSOLUTIONS,https://www.addsolutions.today
8935,"First Savings Bank, Indiana",https://www.fsbbank.net
8936,Tigera,http://www.tigera.io
8937,Ally,http://www.ally.com
8938,The Mars Agency,https://www.themarsagency.com/
8939,Technology Integration Group,https://www.tig.com
8940,"JCO Workforce Solutions, LLC ",http://www.jcoworkforcesolutions.com
8941,KEV Group,http://www.kevgroup.com
8942,Imagine,http://www.theimaginegroup.com
8943,Talent Guide USA,https://www.talentguideusa.com/
8944,Dito,https://www.ditoweb.com
8945,Ready Set,https://readyset.co/
8946,Channel Impact,http://www.channel-impact.com/
8947,Optimum Healthcare IT,https://optimumhit.com
8948,"Kendo Brands, Inc.",http://www.kendobrands.com
8949,Hologram Inc.,https://www.hologram.io/
8950,Eezy,http://www.eezy.com
8951,Incisive Consultants,http://www.incisive-consultants.com/
8952,"Encoda, LLC",http://www.encoda.com
8953,"CSSI - Cost Segregation Services, Inc.",http://cssistudy.com/
8954,Q1Media,http://www.q1media.com/
8955,Vendavo,http://www.vendavo.com?utm_medium=linkedin&utm_source=organic&utm_type=button&utm_campaign=20200505companypg
8956,Marchon Eyewear,http://www.marchon.com
8957,Diligent,http://www.diligent.com
8958,Pitney Bowes,http://www.pitneybowes.com/us
8959,TruePillars,http://www.truepillars.com/
