,company_name,company_url
14945,Avise Inc,http://avise.com
14946,Magellan Federal,http://www.magellanfederal.com/
14947,"Naylor Association Solutions (Naylor, LLC)",https://www.naylor.com?Source=LinkedInProfile
14948,Bausch Health Companies Inc.,https://www.bauschhealth.com
14949,Dartmouth-Hitchcock,http://www.dartmouth-hitchcock.org
14950,Staff Financial Group,http://www.stafffinancial.com
14951,Employee Benefits Corporation,http://www.ebcflex.com
14952,Flowstaq,http://www.flowstaqppc.com
14953,Pine Gate Renewables,https://pinegaterenewables.com
14954,Avantax Planning Partners,https://www.avantax.com/planning-partners
14955,CirrusMD,http://www.cirrusmd.com
14956,MissionWired,http://missionwired.com/
14957,PTS Advance,https://PTSadvance.com
14958,"Sidekick Solutions, LLC",https://www.sidekicksolutionsllc.com
14959,Cyware,http://www.cyware.com/
14960,National Volunteer Fire Council,http://www.nvfc.org
14961,Guru (getguru.com),http://www.getguru.com
14962,"LogicSource, Inc.",https://www.logicsource.com
14963,Loren D. Stark Company,http://ldsco.com
14964,The General®,https://www.thegeneral.com/?campaign=LI1
14965,GMED North America,https://lne-gmed.com/
14966,ERCOT,http://www.ercot.com/
14967,McInnis Inc.,http://www.themcinniscompanies.com
14968,Synthego Corporation,https://www.synthego.com/
14969,Novanta Inc.,http://www.novanta.com/
14970,TechSoup,http://www.meet.techsoup.org
14971,CPA Exam Guide,https://www.cpaexamguide.com
14972,Control Union USA,https://www.petersoncontrolunion.com/en
14973,Wellstar Health System,http://www.wellstar.org
14974,Foresight Mental Health,https://www.foresightmentalhealth.com/
14975,Devlin Consulting Group,http://www.devlinconsultinggroup.com
14976,Sonepar USA,http://soneparusa.com
14977,"LTD Global, LLC",https://ltdglobal.com?utm_source=LinkedIn&utm_medium=Button&utm_campaign=LinkedIn+Profile+Button+9-29-21
14978,Alchemy Accounting & Bookkeeping,https://alchemyaccounting.ca/
14979,Palo Alto Mind Body,http://www.PaloAltoMindBody.com
14980,Blue Wheel,http://www.bluewheelmedia.com/
14981,Reliant,https://www.reliantid.com/
14982,Nanit,http://www.nanit.com
14983,Devoted Health,https://www.devoted.com
14984,EnableComp,http://www.enablecomp.com/
14985,Victoria's Secret,http://careers.victoriassecret.com/
14986,Oxford Industries,http://www.oxfordinc.com
14987,Kids2,http://www.kids2.com
14988,WAVSYS,http://WAVSYS.com
14989,Accountingfly,http://accountingfly.com
14990,Imply,https://imply.io/
14991,Letzhangout,https://www.letzhangout.com/
14992,PROTEOR USA,https://shop.proteorusa.com
14993,Perfect Timing Personnel Services,http://www.perfecttiming.com
14994,MediaCom Ireland,http://www.mediacom.com/ie
14995,Tech Mahindra,https://www.techmahindra.com/en-in/
14996,Keynote Search,https://keynotesearch.com/
14997,APEXA Corp,http://www.apexa.ca/
14998,Saatchi & Saatchi Canada,http://saatchi.ca
14999,ARI,http://www.arifleet.com/
15000,Moncel,http://www.moncel.com
15001,Parkinson Canada,http://www.parkinson.ca
15002,Aversan Inc.,http://www.aversan.com/
15003,CGT Works Ltd,http://www.cgtworks.co.uk
15004,Mitchell Adam Ltd,http://www.mitchelladam.co.uk
15005,TO Resourcing,http://www.toresourcing.co.uk
15006,4 Oceans Capital Ltd,https://4oceanscapital.com/
15007,Jurassic Coast Trust,http://www.jurassiccoast.org
15008,Chaser,https://www.chaserhq.com
15009,Cubepros,http://cubepros.com
15010,Pretty Penny LLC,http://ppllcaccounting.com/
15011,Northwest Minnesota Foundation,http://www.nwmf.org
15012,Pugh Executive Search,http://pughexecutivesearch.com
15013,Care.com,http://www.care.com
15014,MedAvail Technologies Inc./MedAvail Technologies US Inc.,http://www.medavail.com
15015,Misfits Market,http://www.misfitsmarket.com
15016,Hyperfine,https://www.hyperfine.io/?utm_source=linkedin
15017,CV Resources,http://www.cvrstaffing.com/
15018,Vectorworks,http://www.vectorworks.net/
15019,Biofrontera Inc.,http://www.biofrontera-us.com/
15020,PAX,https://www.pax.com/
15021,Fintech Confidential,https://liinks.co/fintechconfidential
15022,Sherpa,https://sherpallc.com/
15023,Foxit ,https://www.foxit.com
15024,Colliers,https://www.colliers.com?utm_source=LinkedIn&utm_medium=OrganicSocial
15025,Saltbox,https://www.saltbox.com/
15026,AWH Partners,http://www.awhpartners.com/
15027,Shopbop,http://www.shopbop.com
15028,Romemu,http://www.romemu.org
15029,Ohana Bookkeeping,http://www.ohanaCPB.com
15030,ExecuSource,http://www.execusource.com
15031,North Bridge Staffing Group,http://www.northbridgestaffing.com
15032,Synaptic Advisors,https://www.synapticap.com
15033,Big Brothers Big Sisters of NYC,http://www.bigsnyc.org
15034,OmniForce Solutions,http://www.omniforcesolutions.com
15035,Stanford University School of Medicine,http://med.stanford.edu
15036,Maven Clinic,https://www.mavenclinic.com
15037,Eide Bailly LLP,https://www.eidebailly.com
15038,GreenPages Technology Solutions,http://www.greenpages.com/
15039,Bank of George,https://www.votebolv.com/bankofgeorge
15040,Elmington,https://oneelmington.com/
15041,Techne,http://www.techne.com.br
15042,PunchListUSA,https://www.punchlistusa.com/
15043,Adept Group (Adept Packaging),https://www.adeptpackaging.com/
15044,MRC | Merchant Risk Council,https://www.merchantriskcouncil.org/
15045,Junior Achievement USA,http://www.ja.org/
15046,Torii,https://toriihq.com
15047,Fullstack Advisory,https://www.fullstack.com.au/
15048,GreenSquareAccord,https://greensquareaccord.co.uk/
15049,Skills for Security,https://skillsforsecurity.org.uk/
15050,Fnality International,http://www.fnality.org
15051,Montresor Legal,http://www.montresorlegal.com
15052,Recruit4Talent Ltd,http://www.recruit4talent.com
15053,HCRG Care Group,https://www.hcrgcaregroup.com/
15054,Spencer Marshall,http://www.spencermarshall.co.uk
15055,EIC,https://www.eic.co.uk
15056,EcoPlanet Bamboo,http://www.ecoplanetbamboo.com/
15057,Kooth plc,http://koothplc.com
15058,Archant,http://www.archant.co.uk/
15059,The Institute of the Motor Industry (IMI),http://www.theimi.org.uk
15060,Thornton & Lowe,http://thorntonandlowe.com/
15061,Fjord RPO ,http://www.fjordmanagement.com/
15062,Oxitec Ltd,http://www.oxitec.com
15063,Cyberfort Group,http://cyberfortgroup.com
15064,Istesso,http://www.istesso.co.uk
15065,Grand Pacific CRO,http://www.grandpacificcro.com
15066,Exertis UK,https://www.exertis.co.uk
15067,ManpowerGroup Talent Solutions,http://talentsolutions.manpowergroup.com
15068,KellyOCG,http://www.kellyocg.com
15069,Tough Cookie,http://tough-cookie.co.uk
15070,HQ Mortgage & Finance LTD,http://hqmf.co.uk
15071,AVC Wise,http://www.avcwise.co.uk/
15072,Taxually,https://taxually.com/
15073,House of Boë,http://www.houseofboe.com
15074,Movable Ink,http://movableink.com/
15075,GHG,http://www.highgroup.co.uk
15076,Complete Technology Group Limited,http://www.completetechnologygroup.com
15077,Xencelabs,http://www.xencelabs.com/
15078,Ballast Nedam Parking ,http://www.pc.ballast-nedam.nl
15079,Study Group,http://corporate.studygroup.com/?ch=li&cc=linkedin_about&cid=linkedin_about&utm_source=linkedin&utm_medium=social&utm_campaign=linkedin_about&utm_content=
15080,FatFace,http://www.fatface.com/
15081,Gleeson Recruitment Group,http://www.workwithglee.com
15082,MetricStream,https://www.metricstream.com?Channel=sm_linkedIn_corporate_page
15083,Biffa,http://www.biffa.co.uk/
15084,Aramark,http://www.aramark.com
15085,Aptum,http://www.aptum.com
15086,The NWH Group,http://www.nwhgroup.co.uk/
15087,Black & Veatch,https://www.bv.com/
15088,Aspiration Training,http://www.aspirationtraining.com
15089,Survitec Group Ltd.,http://www.survitecgroup.com/
15090,Incyte,http://www.incyte.com
15091,Kintec Global Recruitment,http://www.kintecglobal.com/
15092,Connaught Resourcing,http://www.connaught-resourcing.com/
15093,Protec Fire Detection PLC,http://www.protec.co.uk
15094,Liberty. The go-to people for property services.,http://www.liberty-group.co.uk
15095,Security Papers Limited,http://www.security-papers.com
15096,Aldena Associates ,http://www.aldena.co.uk
15097,The Chef Tree  - Chef Agency - Chef Jobs - Relief Chef,http://www.thecheftree.co.uk/
15098,AXA Health,http://www.axappphealthcare.co.uk
15099,BPS World,http://www.bps-world.com/
15100,Bechtel Corporation,http://www.bechtel.com
15101,Black Robot Entertainment LTD,http://blackrobotentertainment.co.uk/
15102,Hiscox,http://www.hiscoxgroup.com
15103,EV Cargo,http://www.evcargo.com
15104,Pharmacy2U Ltd,https://www.pharmacy2u.co.uk/
15105,Cirrus Nexus,https://www.cirrus-nexus.com
15106,Axis Communications,https://www.axis.com
15107,Competitive Capabilities International,http://www.traccsolution.com
15108,Gateshead Mortgage Co,http://www.gateshead-mortgage.co.uk
15109,Ocean Generation,http://oceangeneration.org
15110,Excel Consultants,http://www.exlconsultants.com
15111,Defiance Investments,https://www.defianceetfs.com
15112,Match Group,https://www.mtch.com
15113,UMZU,https://umzu.com/
15114,Enel North America,http://www.enelnorthamerica.com
15115,Nemours,http://www.nemours.org/
15116,LogicGate,https://www.logicgate.com/
15117,Mercury,http://mercury.com
15118,Wag Labs Inc.,https://www.wagwalking.com/
15119,Exiger,http://www.exiger.com/
15120,Lima Corporate,http://www.limacorporate.com/
15121,Ferguson Enterprises,http://www.ferguson.com
15122,My RIA Lawyer,http://www.myrialawyer.com
15123,Lazarus Naturals,http://www.lazarusnaturals.com
15124,The Steely Group,http://www.thesteelygroup.com/
15125,Community Health Systems,https://www.chs.net/
15126,FormFire,https://www.formfire.com/
15127,Help U Manage Compliance,http://www.helpumanagecompliance.com
15128,Ethisphere ,http://www.ethisphere.com
15129,Lung Cancer Research Foundation,https://www.lcrf.org/
15130,American Institutes for Research,http://www.air.org
15131,"Helton Law Group, APC",http://heltonlawgroup.com
15132,Collective Health,http://collectivehealth.com
15133,eToro,https://etoro.tw/3jkRokm
15134,Feedonomics,https://feedonomics.com/?utm_source=linkedin&utm_medium=linkedin%20company%20page
15135,Beazley,http://www.beazley.com/
15136,Zai Lab,http://www.zailaboratory.com
15137,Bath & Body Works,http://www.bathandbodyworks.com
15138,"New England Excess Exchange, Ltd.",http://www.neee.com
15139,DistroKid,https://distrokid.com
15140,State of Colorado,http://www.colorado.gov
15141,ClientSolv Inc.,http://www.clientsolv.com
15142,Kerwin Associates,http://www.kerwin.com
15143,Nevada Housing Coalition,http://www.nevadahousingcoalition.org
15144,My3Tech,http://www.my3tech.com
15145,WEConnect International,http://www.weconnectinternational.org/
15146,EnerVenue,https://enervenue.com
15147,ForUsAll,https://www.forusall.com/?utm_campaign=LinkedIn%20Page%20&utm_source=LinkedIn%20Profile&utm_medium=LinkedIn%20Profile%20Button
15148,Atomic,https://atomic.vc/
15149,Cool-Minds LLC,http://cool-minds.com/
15150,Higher Frog Limited,https://higherfrog.com/open-jobs
15151,Chesapeake Utilities Corporation,http://www.chpk.com/
15152,Aurinia Pharmaceuticals Inc.,http://www.auriniapharma.com/
15153,M Squared Consulting,http://www.msquared.com
15154,Plexus Corp.,https://www.plexus.com/en-us/
15155,Legility,http://www.legility.com
