,company_name,company_url
37876,Equator,https://www.eqtr.com
37877,See Tickets UK,http://www.seetickets.com/
37878,Accurate Personnel LLC,http://www.accurateusa.com
37879,Biolumina,http://www.biolumina.com
37880,Vilo Finance,https://vilofinance.com/
37881,"Exude, Inc.",https://www.exudeinc.com/
37882,Bravo Networks ,https://www.bravonetworks.co.uk/
37883,FAS-T Education Consulting,http://www.fastedu.ca
37884,Quartile,http://www.quartile.com/
37885,Mila - Quebec Artificial Intelligence Institute,https://mila.quebec/
37886,Tailscale,https://tailscale.com/
37887,Partner in Publishing,http://www.partnerinpublishing.com/
37888,Cosun Biobased Experts,http://www.cosunbiobased.com
37889,WideEye Surveillance,http://wideeyesurveillance.com/
37890,Parity Technology Solutions,http://paritysolutions.com
37891,Pescanova USA,http://www.pescanovausa.com
37892,Real Geeks,http://www.realgeeks.com
37893,YouInkIt,https://youinkit.com/
37894,"MadCap Software, Inc.",https://www.madcapsoftware.com/
37895,Cesna - Recruitment experts worldwide,http://www.cesna.com
37896,Enilon,http://www.enilon.com
37897,THE GTI GROUP,http://www.thegtigroup.com/
37898,SmashHaus,http://smashhaus.com
37899,Out & About Communications,http://outandaboutcommunications.com
37900,InRule,https://www.inrule.com/
37901,Cupcakes and Cashmere,http://www.cupcakesandcashmere.com
37902,AU-AVAGO,https://qt-globalgroup.com/
37903,Pets Choice Ltd,http://petschoice.co.uk/
37904,"Infinix Global Meetings & Events / Rx Worldwide Meetings, Inc.",https://www.infinixglobal.com
37905,SalesHawk,http://www.nickygeorge.com
37906,Dream Digital,https://dreamdigital.agency/
37907,RefineM,https://refinem.com/
37908,Setra Systems,http://www.setra.com
37909,InHabit,https://inhabit-property.co.uk/
37910,Social Mastermind,http://www.socialmastermind.co/
37911,PrestoSports,http://www.prestosports.com/
37912,uFinance Australia,http://www.ufinance.com.au
37913,AUI Production,http://auiproduction.wordpress.com
37914,TISSINI,http://www.tissini.com
37915,WM Reply,http://wmreply.com
37916,SWANS,http://swans.la/
37917,AllPro Recruitment ,http://www.allprorecruitment.ie/
37918,"Genesis Consulting Partners, LLC",http://www.genesisconsulting.com
37919,"Five Star Products, Inc.",https://www.fivestarproducts.com/
37920,Selly Automotive CRM ,http://sellyautomotive.com
37921,The IRONMAN Group,http://www.ironman.com
37922,Insivia,http://www.insivia.com/
37924,Submittable,http://www.submittable.com
37925,Move For Hunger,http://www.moveforhunger.org/
37926,"Health Analytics, LLC",http://www.healthanalytics.com
37927,"Calibre Scientific, Inc. ",http://www.calibrescientific.com/
37928,DG Mission RH,#
37929,GLORY,https://www.glory-global.com/
37930,W3C,https://www.w3.org/
37931,Sweet Vegan,http://www.sweetvegan.nyc
37932,Voicebooth,http://www.voicebooth.com
37933,English Learners Success Forum,http://www.elsuccessforum.org
37934,"scitrain, ltd.",https://scitrain.com/
37935,"Planet Green Search, LLC",http://planetgreensearch.com
37936,Tobii Dynavox,http://www.tobiidynavox.com/
37937,Launch gURLs,http://www.launchgurls.com
37938,Veterans-TV,http://www.veterans-tv.org/
37939,Ai-RGUS - No Camera Left Behind,http://ai-rgus.com
37940,Rags,http://www.rags.com
37941,Carbon Edge,https://www.carbonedge.com
37942,GoDastak,http://godastak.com/
37943,Circle of Life Home Care,https://www.circleoflifehc.com
37944,PayProp United Kingdom,http://www.payprop.co.uk
37945,Big Chalk Analytics,https://www.bigchalkanalytics.com/
37946,Maisonette,http://www.maisonette.com
37947,Selective Travel Management,http://www.selective-travel.com
37948,Eyestorm Creative,http://www.eyestormcreative.com
37949,Planet X,http://www.planetxr.net
37950,Hypar,http://www.hypar.io
37951,Turf Tank,https://turftank.com
37952,Brilliant Metrics,http://www.brilliantmetrics.com/
37953,Freemont Associates Limited,http://www.freemont-associates.com
37954,United Way,http://www.unitedway.org/
37955,nThrive,http://www.nthrive.com/
37956,AMC Health,http://www.amchealth.com
37957,breakwater accounting + advisory corp,http://www.breakwatercorp.com/
37958,Crawford-Brown,https://www.crawfordbrown.com
37959,Federated Wireless,http://www.federatedwireless.com/
37960,Traktek Partners,https://www.traktekpartners.com
37961,Canvs AI,https://www.canvs.ai/
37962,City Plumbing,http://www.cityplumbing.co.uk/
37963,Aware Strategies LLC,http://www.awarestrategies.net
37964,True Legacy Homes,https://www.truelegacyhomes.com/careers/
37965,Rentokil North America,http://www.rentokil.com/us
37966,Humaans | humaans.io,https://humaans.io
37967,Regard,https://withregard.com/
37968,Club L London,http://clubllondon.com
37969,DABBEL AI,https://www.dabbel.eu/
37970,StaffGrabbers,https://staffgrabbers.com/
37971,PermaPlate,https://permaplate.com/
37972,Axia Women's Health,http://www.axiawh.com
37973,AOL,http://bit.ly/AOLBrandBuildersLi
37974,University of North Carolina School of the Arts,https://www.uncsa.edu/
37975,Broker Age Corporation,https://brokeragecorporation.com/
37976,National Skills Coalition,http://nationalskillscoalition.org
37977,Herbs On The Hill,https://www.loveherbsonthehill.com/
37978,Tentamus Group,https://www.tentamus.com/
37979,ROI Amplified ,http://www.ROIAmplified.com
37980,Remedy Intelligent Staffing,https://www.remedystaffing.com
37981,Ceca Foundation,https://www.cecafoundation.org/
37982,NOWHERE,http://urnowhere.com/
37983,Fullbrains.,https://fullbrains.com
37984,OM Digital Solutions Corporation,http://www.om-digitalsolutions.com/en
37985,Navarik,http://www.navarik.com
37986,"Apta Properties, LLC",http://www.aptaproperties.com
37988,Charlotte-Mecklenburg Schools,http://wearecms.com
37989,Nutral,http://app.getnutral.com
37990,Nando's Australia & New Zealand,http://www.nandos.com.au
37991,BINDTECH,https://www.bindtechinc.com
37992,Seller Universe Ecommerce Group,https://www.selleruniverse.agency/
37993,Spandex UK,https://shop.spandex.com
37994,Crewcial Partners LLC ®,https://www.crewcialpartners.com/
37997,Go Assist Inc,https://goassistusa.com
37998,Amsive,http://www.amsive.com
38000,BlairWest,http://www.blairwest.co.uk
38001,Northrop Grumman in the UK,http://www.northropgrumman.com/uk
38002,Functional Self,http://www.functionalself.com
38003,Human Agency,https://www.humanagency.org/
38004,Velir,https://bit.ly/3GKvz9H
38005,St. Charles Community College,http://stchas.edu
38006,DTEN,http://dten.com
38007,Singularity University,http://su.org/
38008,NumFOCUS,https://www.numfocus.org/
38009,StarIC,http://www.staric.ca/
38010,vence corp,http://vence.io/
38011,Ascend Elements,http://ascendelements.com/
38012,ETP LLC,www.teametp.com
38013,Skygoal Synergy Immigration Service LLC,https://www.skygoalsynergy.com/
38014,Office for National Statistics,http://www.ons.gov.uk
38016,Nash,https://www.usenash.com/
38017,SolidariTee,http://solidaritee.org.uk
38018,Baskervill,http://baskervill.com
38019,RMC,http://www.rmconsulting.be
38020,San Jose Museum of Quilts & Textiles,http://www.sjquiltmuseum.org/
38022,DeVryWorks,https://www.devry.edu/devryworks.html
38023,Claritas,http://www.claritas.com
38024,McLloyd,https://mclloyd.com/
38025,Convergence Networks,http://www.convergencenetworks.com/
38026,Good2Auction,http://www.yoursilent.auction
38027,Process Research & Optimization,http://processreopt.com/
38028,Onna,http://onna.com/
38029,Connect Resourcing,http://www.connectresourcing.com
38030,Kool Koders,https://koolkoders.com/
38031,Total Wine & More,http://www.totalwine.com/
38032,Raise the Bar,http://www.raisethebar.co.uk
38033,Pollin,http://www.pollinfertility.com/
38034,Thomson Broadbent Chartered Surveyors,https://www.thomsonbroadbent.co.uk/
38035,Gen3 Technology Consulting,http://www.gen3technology.com
38036,Aliaxis UK,https://www.aliaxis.co.uk
38037,Petit LLC,http://www.petit.llc
38038,The CEO Magazine Global,http://www.theceomagazine.com
38039,Synapse Design Inc.,http://www.synapse-da.com
38040,Freiling Agency,http://www.freilingpublishing.com/
38041,Nilfisk,http://www.nilfisk.com
38042,Zerocater,https://zerocater.com/
38043,"Rea & Associates, Inc.",https://www.reacpa.com/
38044,"SafetyCall International, LLC",http://www.safetycall.com/
38045,Elite Motor Group,http://www.elite-motorgroup.com
38046,TechServe Alliance,http://www.techservealliance.org/
38047,Californians for Justice,http://caljustice.org
38048,"Rulien & Associates, LLC",http://www.rulien.com
38049,Rugs USA,http://www.rugsusa.com
38050,"Northern California Painting and Finishing Contractors, Inc.",http://www.ncpfc.net/
38051,Leading Edge Group,http://www.leadingedgegroup.com/
38052,SNG Auto Ads,https://www.facebook.com/groups/503119711524264
38053,RevGenius,https://bit.ly/34Poibx
38054,Diversity Travel,http://www.diversitytravel.com
38055,Point-of-Care Partners,http://www.pocp.com
38056,Marivem Recruitment,http://www.marivem.com
38057,Medely,http://www.medely.com
38058,Global Glimpse,http://www.globalglimpse.org
38059,Ronica Outdoor Furniture,https://bilet.cnrexpo.com/form.aspx?web_id=365&TicketType=Invitation&PromotionCode=CNRMOBCC11
38060,Personnell.io,http://www.personnell.io
38061,McKay Global,https://mckayglobal.ca/
38062,Regej & Company,http://regej.com
38063,Landed Healthcare Procurement,http://www.landedhps.com
38064,Abbey Machinery,http://www.abbeymachinery.com
38065,HAVOCK,http://www.havock.com
38066,MAKE Digital Group,http://www.makedigitalgroup.com
38067,Ultimaker,https://ultimaker.com/
38068,Crowd Content,https://www.crowdcontent.com
38069,Treya Partners,https://www.treyapartners.com
38071,HireEffect™,http://www.hireeffect.com/
38072,DCE Solar,https://www.dcesolar.com/
38073,OBI Creative,http://www.obicreative.com/
38074,The Construction Leading Edge,http://www.constructionleadingedge.com
38075,Dawson College - Continuing Education & Community Services,https://www.dawsoncollege.qc.ca/ctd/
38077,MDB SERVICE CONSULTING LIMITED,http://www.mdbsc.co.uk
38078,The Health Alliance for Violence Intervention,http://www.thehavi.org
38079,Borna's General Hardware,https://bornasgeneralhardware.store/
38080,University Medical Billing,http://www.uuhsc.utah.edu
38081,BON BON'S (WHOLESALE) LIMITED,http://www.bonbons.co.uk
38082,Safety Management Group,http://www.safetymanagementgroup.com/
38083,Indigo IT LLC,https://www.indigoit.com/
38084,NIREMIA Collective,https://niremia.vc/
38085,"HowardSimon, LLC",http://www.hsimon.com
38086,iBlock Group,http://www.iblock.co/
38087,"Goorin Bros., Inc.",http://www.goorin.com
38088,RTS Labs,http://www.rtslabs.com
38089,BNP Media,http://www.bnpmedia.com/
38090,Love Light + Melody,http://lovelightandmelody.org/donate
38091,ILX Group,http://www.ilxgroup.com
38092,Emmerson-Ross Recruitment,http://www.erjobs.co.uk/
38093,Liberty Gaming,https://libertygaming.io/
38094,"QuiCK Transport, LLC",http://www.qcktrans.com/
38095,Kharon,https://kharon.com/
