,company_name,company_url
34420,QuoteVelocity,https://quotevelocity.com
34421,OKIOK Data ltd,http://www.okiok.com
34422,ConductorOne,https://www.conductorone.com
34423,Halotalent - Recrutement numérique & technos RH,http://www.halotalent.com/
34424,Clarity Search Partners Ltd,http://www.claritysearchpartners.ie
34425,"Afia, Inc.",http://www.afiahealth.com
34426,MEDIcept Inc.,http://www.medicept.com/
34427,"Delviom, LLC",http://www.delviom.com
34428,ISoftech Inc,http://www.isoftechus.com
34429,Hotstar,http://www.hotstar.com/
34430,Syncron,https://www.syncron.com/
34431,Fut-Ure Global Talent Partners,http://fgtpartners.com
34432,Orbo.ai,http://www.orbo.ai/
34433,EC-Council University,http://www.eccu.edu/
34434,August Schools,http://www.augustschools.com
34435,Avant Healthcare Professionals,https://avanthealthcare.com/?utm_campaign=LinkedIn&utm_source=linkedin&utm_medium=social
34436,Fernox Ltd,http://www.fernox.com
34437,"Squadron Data, Inc.",http://www.squadrondata.com
34439,Zario,https://www.meetzario.com
34440,MANIFEST Technology,http://www.manifesttechnology.net
34441,Intouch Insight,http://www.intouchinsight.com/
34442,AVO - Autonomous Vehicle Organization,http://www.avo-inc.ca
34443,NetImpact Strategies Inc.,http://www.netimpactstrategies.com/
34444,Moaah,http://www.moaah.com
34445,Geonetric,http://www.geonetric.com/
34446,Symosis Security,http://www.symosis.com
34447,Pathfinders Executive Search,http://WWW.Pathfinders1995.com
34448,Language I/O,http://www.languageio.com
34449,Omnistream,http://www.omnistream.co
34450,"PNG Cyber, LLC",https://www.png-cyber.com/
34451,People's Inc. 360,http://www.pinc360.com/
34452,Tailored Search,http://www.tailoredsearch.com
34453,CG Spectrum College of Digital Art and Animation,https://www.cgspectrum.com
34454,Tidal Impact LLC,http://www.TidalImpact.com
34455,Dynamic Resilience Management,http://dynamicresiliencemgmt.net
34456,MFS Africa,http://www.mfsafrica.com
34457,Voyages Indigenous Tourism Australia,https://www.voyages.com.au
34458,Lumen Energy,https://getlumen.com/
34459,Alliance Organisation,https://www.alliancewithyou.sg/
34461,Neocase,http://www.neocasesoftware.com/
34462,owl.co,http://www.owl.co
34463,Showbie,http://www.showbie.com/
34464,CECO Environmental Corporation,http://www.cecoenviro.com
34465,"DevSelect, LLC",http://www.devselect.com
34466,LeapPoint,http://www.LeapPoint.com
34467,Noak,https://www.noak.sg/
34468,Quess GTS,https://www.quessgts.com/
34469,Orchid Creation,http://orchidcreation.com/
34470,Artemee Web Services,https://artemee.com/
34471,Clear Channel Outdoor,http://clearchanneloutdoor.com
34472,Hitachi Vantara Federal,http://www.hitachivantarafederal.com
34473,Studylia,https://studylia.com/
34474,Afisol Private Limited,http://afisol.co.uk/
34475,Flintfox International,https://www.flintfox.com
34476,Code Red Partners,http://coderedpartners.com
34477,Perfict,http://www.perfictglobal.com
34478,New Era ADR,http://www.neweraadr.com/
34479,icreatives,http://www.icreatives.com
34480,Cover Whale,http://www.coverwhale.com/
34481,Cloud Range,https://www.cloudrangecyber.com/
34482,Sikat Group LLC,http://www.sikatgroup.com
34483,Singapore Education Academy - Group of Companies,https://sgeduacademy.com/
34484,Abaqus Inc.,https://www.allgeo.com/
34485,Ethical Education,http://www.ethicaleducation.com.au/
34486,GT Global Talent,https://gtglobaltalent.com/
34487,Mangtas,http://www.mangtas.com/
34488,NGen Canada,https://www.ngen.ca/
34489,Rentals United,https://rentalsunited.com/
34491,Gattaca Americas Region- USA/Canada,http://www.gattacaplc.com
34492,Aleph-Labs,https://aleph-labs.com/
34493,Dataspace,http://www.dataspace.com
34495,Patelco Credit Union,http://www.patelco.org/careers
34496,InfoQuest Consulting Group Inc.,http://www.infoquestgroup.com
34497,"Hashmap, an NTT DATA Company",http://www.hashmapinc.com/
34498,APARAVI,https://get.aparavi.com
34499,Density,http://www.density.io
34500,Intend,http://www.getintend.com
34501,sa.global,https://www.saglobal.com?utm_source=linkedin&utm_medium=social
34502,netamorphosis,https://netamorphosis.com/?utm_source=linkedin&utm_medium=social&utm_campaign=neta_profile
34503,Atlas Public Policy,http://www.atlaspolicy.com
34504,BetterLesson,https://betterlesson.com
34505,RareCircles,https://www.rarecircles.com/
34506,SARACA,https://www.saracasolutions.com/
34507,Prologue,https://www.tryprologue.com/
34508,Verusen,http://www.verusen.com/
34509,PDDN,http://WWW.Pddninc.com
34510,"Tiber Creek Consulting, Inc.",https://www.tibercreek.com/
34511,RudderStack,http://www.rudderstack.com
34512,DIH Technology Co.,http://www.dih.com
34513,Quantum-Futures,http://www.Quantum-Futures.com
34514,Attindas Hygiene Partners,https://www.attends.com/
34515,Intuites,http://www.intuites.com/
34516,Camelot Integrated Solutions Inc,http://www.camelotis.com
34517,AREVO Professional,http://www.arevopro.com/
34518,For People,https://forpeople.us
34519,West Monroe,https://www.westmonroepartners.com/
34520,Bravent,http://www.bebravent.com
34521,SEPHORA,https://jobs.sephora.com/
34522,"ComboCurve, Inc.",http://www.combocurve.com
34523,The Chef Agency,http://www.thechefagency.com
34524,Mark Cuban Foundation,http://markcubanai.org
34525,Mada,http://www.themadaapp.com
34526,Nestlé Nespresso SA,http://www.nespresso.com
34527,Hydra (YC W22),https://www.hydras.io/
34528,NORTHROP GRUMMAN MEDICAL CLINIC,https://www.northropgrumman.com/
34529,Dinsmore & Shohl LLP,http://www.dinsmore.com
34530,KORTX,https://kortx.io/
34531,Colorado Community Managed Care Network,http://www.ccmcn.com
34532,HumanCre,http://www.humancre.com
34533,"Accolade, Inc.",http://www.accolade.com?utm_source=linkedin&utm_medium=hero_url
34534,Bullish,https://bullish.com/
34535,Ledn,https://www.ledn.io
34536,"University of California, Los Angeles",http://ucla.edu
34537,BombBomb,https://utm.io/urHR
34538,Oxenham Group,http://www.oxenhamgroup.com
34539,Howard Hughes Medical Institute,http://www.hhmi.org
34540,Rolang Technologies Inc,http://rolangtech.com
34541,TranSystems,http://www.transystems.com
34542,"Experienced Recruiting Partners, LLC.",http://www.experiencedrecruitingpartners.com/
34543,Academy of Art University,http://academyart.edu
34544,Ardent SoftSol,https://www.ardentsoftsol.com/
34545,Eva Health Technologies,https://evahealth.co.uk/
34546,"Advanced Recovery Systems, LLC",https://www.advancedrecoverysystems.com/
34547,The Kryptomon Company,https://kryptomon.co
34548,Valor Equity Partners,http://www.valorep.com/
34549,CFORP,https://www.lecentrefranco.ca
34550,Elysium Health,http://www.elysiumhealth.com/
34551,dv01,https://www.dv01.co
34552,CodeCast,https://codecast.io/
34553,dscout,http://dscout.com/
34554,Mastech InfoTrellis,http://www.mastechinfotrellis.com/
34555,Harsco Rail,https://www.harscorail.com/
34556,Rune Labs,http://runelabs.io
34557,AMP Robotics,http://www.amprobotics.com
34558,Covidence.org,http://www.covidence.org
34559,SoundCloud,http://www.soundcloud.com
34560,BetterSleep by Ipnos,http://www.ipnos.com
34561,Level Ex,https://www.levelex.com/
34562,MAG Aerospace,http://magaero.com/
34563,Greenzie,https://www.greenzie.com/
34564,Brian Chin Technologies Inc.,http://www.brianchin.co
34565,Deriskly,http://www.deriskly.com
34566,BEES,http://www.bees.com/
34567,Hire Conscious,http://www.hireconscious.com
34568,Truewrk,http://www.truewrk.com
34569,ICON Government and Public Health Solutions,http://www.iconplc.com/gphs
34570,AirClass,https://www.air-class.com/
34571,ascena,http://www.ascena.com/
34572,KēlaHealth,https://www.kelahealth.com
34573,Provectus Algae,http://www.provectusalgae.com
34574,Rewire,http://www.rewire-online.com
34575,FASHIONPHILE,https://www.fashionphile.com/
34576,GMZ Media Group,https://gmzmediagroup.com/
34577,Kstack - KSK,#
34578,The Looma Project,http://www.theloomaproject.com/
34579,Extra Space Storage,https://careers.extraspace.com/
34580,Sensiple,https://www.sensiple.com/
34581,Turtle,https://turtle.design
34583,"Inclusa, Inc.",http://www.inclusa.org
34584,Mortgage 1st,https://www.mortgage1st.co.uk/
34585,RadixTop LLC,http://www.radixtop.com
34587,Laing O'Rourke,http://www.laingorourke.com
34588,Go2,http://www.go2impact.com
34591,Sanity.io,https://www.sanity.io/contact
34592,FPC - FORTUNE PERSONNEL CONSULTANTS - Orlando Office,http://www.fpcor.com/
34593,S44,http://www.s44.team
34594,Raylo,http://www.raylo.com/
34595,StrongArm Tech,http://www.strongarmtech.com/
34596,"Riccione Resources, Inc.",http://www.riccione.com
34597,Providence Digital Innovation Group,http://www.providence-dig.org/
34598,QuantumWork,https://www.quantum.work/technology
34599,"Wireless Watchdogs, a Dataprise company",https://www.wirelesswatchdogs.com
34600,Fulcrum Consulting,http://www.fulcrumconsult.com
34601,Synergy Solutions,http://synergysolutions.careers
34602,Giftbit,https://www.giftbit.com/
34603,Loop.Baby,https://loop.baby/
34604,Trinity Logistics,http://www.trinitylogistics.com/
34605,Vacayou Wellness Travel,http://www.vacayou.com/
34606,CNA National,https://www.cnanational.com
34607,Synergy Solutions - Staffing and Executive Search,http://www.smsicorp.com
34608,Two Barrels LLC,https://www.twobarrels.com
34609,"Hoffmaster Group, Inc.",https://linktr.ee/Hoffmaster
34610,TXI,http://www.txidigital.com/
34611,HyreCar Inc.,https://hyrecar.com/
34612,ASF Payment Solutions,http://www.asfpaymentsolutions.com/
34613,edX,https://www.edx.org/
34614,Stage 2 Security,https://s2.security/managed-services/red-team-as-a-service
34615,Paradyme Management Inc.,http://www.paradymemanagement.com
34616,Interlaced.io,https://interlaced.io/
34617,Valiot,https://valiot.io/
34618,Large Scale Distribution,https://largescale.co/
34619,VANJOBS Technical Recruiters and IT Headhunters,https://vanjobs.ca/
34620,SCS,http://www.wearescs.com
34621,JANUS Research Group,http://www.janusresearch.com
34622,Ricki's,http://www.rickis.com
34623,Statara Solutions,http://www.statara.com
34624,Link Group (LNK),http://www.linkgroup.com
34625,Talencity,http://www.talencity.com/
34626,Leisure People,http://www.leisurepeople.com
34627,Helpful Engineering,https://www.helpfulengineering.org/
34628,"Premium Property Management, Inc.",http://premiumpm.com
34629,Liberty Travel System,https://lts.sh/
34630,Addison Whitney,http://www.AddisonWhitney.com
34631,Kubozoa Inc.,https://www.kubozoa.com
34632,Mentorcam,https://mentor.cam
34633,California Rural Water Association,http://www.calruralwater.org
34634,Alias,http://alias-app.com
34635,"INNOPLEX, LLC",https://www.innoplexllc.com/
34636,NuWare,http://www.nuware.com
34637,Placemakr,http://placemakr.com
34638,VP Team,https://vpteam.com.ua/en/
