,company_name,company_url
7884,Zolon Tech Inc.,http://www.zolontech.com
7885,Educoin,https://linktr.ee/educoin
7886,Orange Logic,https://www.orangelogic.com
7887,Ample,http://ample.co
7888,PayJoy,http://www.payjoy.com/
7889,Tack Systems LLC,https://tacksystems.com
7890,NICOLAS SOBANSKI CONSULTING,http://www.ciccero.org
7891,Delta Consulting,http://www.deltaconsultingit.com
7892,Strategic Staffing Solutions,http://www.strategicstaff.com
7893,Notifi,https://www.notifi.network/
7894,Reach Creative,http://reachcreative.com/
7895,Cyborg Mobile,http://cyborgmobile.com/
7896,Micah Group ,http://www.micah-group.com
7898,Arcanium,https://arcanium.io/
7899,Clearwater Analytics,http://www.clearwateranalytics.com/
7900,Seneca Resources,http://www.senecahq.com
7901,"Bluegrass Tek, LLC",http://www.bluegrasstek.com
7902,Swarming Technology,https://swarmingtech.com/
7903,"LanceSoft, Inc.",http://www.lancesoft.com/
7904,PCG | PREDICTABLE BUSINESS AND DIGITAL TRANSFORMATION,https://pcgservices.com/
7905,Curated,http://curated.com/linkedin
7906,Solugenix,https://www.solugenix.com/
7907,Lighthouse Technology Services,https://www.LHTservices.com
7908,Nielsen,http://nlsn.co/6006JMfty
7909,Nisum,http://www.nisum.com
7910,Neal Analytics,http://www.nealanalytics.com/
7911,3B Staffing LLC,http://www.3bstaffing.com
7912,"Sound Technology Resources, Inc.",http://www.soundtechresources.com
7913,RightClick,http://www.findtherightclick.com
7914,Cognizant Softvision,http://www.cognizantsoftvision.com
7915,Sandata Technologies,http://www.sandata.com
7916,Convr,https://www.convr.com/
7917,American IT Resource Group Inc.,http://www.aitrg.com/
7918,Forsyth Barnes: Executive Search Firm | FT1000 Fastest Growing Businesses in Europe!,https://www.forsythbarnes.com
7919,Pica9,http://www.pica9.com
7920,MergerWare,http://www.mergerware.com
7921,Emerging Finsights,http://emergingfinsights.co.uk
7922,Bruin,http://www.bruinfinancial.com
7923,Contact,http://www.contact.agency
7924,Mews,https://www.mews.com
7925,The FD & CFO Centre UK,http://www.thefdcentre.co.uk/
7926,Greenwich Partners,http://www.greenwichpartners.co.uk
7927,Zego,https://www.zego.com/?utm_source=linkedin&utm_medium=social&utm_campaign=profile
7928,Kendal Nutricare (Kendamil),http://www.kendamil.com/
7929,Finatal,http://finatal.com/?utm_source=linkedin&utm_medium=profile&utm_campaign=branding
7931,Suite-Select,http://www.suite-select.com
7932,JSS Transform,https://www.jsstransform.com
7933,Armstrong Watson,http://www.armstrongwatson.co.uk
7934,JSS Search Limited,http://www.jss-search.com/
7935,Anthony Cole Associates Ltd,http://www.anthonycoleassociates.com
7936,Warwick Folk Festival Ltd,http://warwickfolkfestival.co.uk/
7937,Aveiq Capital Management Group,http://www.aveiqcapital.com
7938,Chipper Cash,https://chippercash.com/
7939,RGH-Global | People Services,http://www.recruitmentgroupholdings.com
7940,Taylor & Francis Group,http://www.taylorandfrancis.com/
7941,MS Amlin,http://www.msamlin.com
7942,Zero Hour!,https://www.ceebill.uk/
7943,Handle Recruitment,https://www.handle.co.uk
7944,Global Accounting Network,http://globalaccountingnetwork.net
7945,Learning Pool,https://www.learningpool.com/?utm_source=linkedin&utm_medium=profile&utm_campaign=li_profile&utm_content=profile
7946,The Vehicle Finance Gurus Ltd,http://www.thevehiclefinancegurus.co.uk
7947,AVA Energy,http://www.avaenergy.com
7948,KnollCrayne,https://knollcrayne.com
7949,Blacktower Financial Management Group,http://www.blacktowerfm.com
7950,Talentedge,http://www.talentedge.co.uk
7951,Wealthmax Financial Advisers Ltd,https://www.wealthmax.co.uk/
7952,Pertemps Network Group,http://www.pertemps.co.uk
7953,NCS - National Citizen Service Trust,http://wearencs.com
7954,The Felix Project,http://www.thefelixproject.org/
7955,"The Content Engine, Ltd.",http://www.thecontentengine.com/
7956,Amey,http://www.amey.co.uk
7957,Change Specialists,http://www.changespecialists.co.uk/
7958,BettingJobs.com,http://www.bettingjobs.com/
7959,Stephenson Law,https://linktr.ee/StephensonLaw
7960,Butterfly Energy,http://butterflyenergy.co.uk
7961,Intertek,http://www.intertek.com
7962,Goodman Masson,http://www.goodmanmasson.com
7963,Excelsior Search - Fintech Recruitment & Executive Search Consultants.,http://www.excelsiorsearch.com
7964,Planet Forward,http://www.theplanetforward.com
7965,KPMG UK,http://www.kpmg.com/uk
7966,IF Recruitment,http://IFRecruit.com
7967,Army Widows' Association,https://www.armywidows.org.uk/
7968,Databricks,https://databricks.com/
7969,Jobs via eFinancialCareers,http://www.efinancialcareers.com/
7970,A2Dominion Group,http://www.a2dominiongroup.co.uk/
7971,IAC,http://www.iac-recruit.com/
7972,Your Route To Success (YRTS Group),https://www.yourroutetosuccess.com/limaster/
7973,The Economist,http://www.economist.com/
7975,Progresso Search,http://www.progresso-search.com
7976,BGC Partners,http://www.bgcpartners.com
7977,Road.Travel,https://road.travel/
7978,CBC Resourcing Solutions,http://www.cbcrs.co.uk
7979,MHA MacIntyre Hudson,http://www.macintyrehudson.co.uk
7980,mdgroup,https://mdgroup.com/
7981,Bumper,https://bumper.fi/
7982,FourthLine,http://www.thefourthline.co.uk/
7983,Allegis Global Solutions,http://www.allegisglobalsolutions.com/
7984,Green Man Gaming,https://corporate.greenmangaming.com/
7985,Pro Recruit Global,http://www.prorecruitglobal.com
7986,Eyzon,http://www.eyzonconsulting.com
7987,The Falkland Islands Company,https://www.the-falkland-islands-co.com/
7988,ProPharma Group,http://www.propharmagroup.com/
7989,Virgin Money,https://www.virginmoneyukplc.com/
7990,OpenText,https://www.opentext.com
7991,Vida Homeloans,http://www.vidahomeloans.co.uk
7992,Sheridan Maine - Accountancy & Finance Recruitment,http://www.sheridanmaine.com/
7993,Eton Bridge Partners Ltd,http://www.etonbridgepartners.com
7994,Secta Finance,http://www.sectafinance.co.uk
7995,Robert Walters,https://www.robertwaltersgroup.com
7996,National Pen,https://www.pens.com
7997,APS Intelligence,http://www.apsintel.com/
7998,Vet-AI,http://www.joiipetcare.com
7999,Yorkshire Air Ambulance,http://www.yaa.org.uk
8000,Barrington James,http://www.barringtonjames.com
8001,PER,http://www.PER-people.com
8002,Johnson Matthey,https://www.matthey.com/
8003,Hastings Direct,https://www.hastingsdirectcareers.com/
8004,Woodrow Mercer Tech,http://www.woodrowmercertech.com/
8005,Azets,https://www.azets.com
8006,Synertec Ltd,http://www.synertec.co.uk
8007,Henderson Scott,http://www.hendersonscott.com/
8008,Kubota UK,http://www.kubota.co.uk
8009,LMA Recruitment ★ A Sunday Times 100 Best Small Company,http://www.lmarecruitment.com
8010,Thomas Thor Associates,http://www.thomas-thor.com/
8011,Hiring Ritual Ltd,http://www.hiringritual.com/
8012,Finlay James,http://www.finlayjames.com/
8013,The Config Team Ltd,http://www.theconfigteam.co.uk
8014,MONEY MEDICS,https://www.instagram.com/moneymedics/?hl=en
8015,Grand Circle Corporation,http://www.oattravel.com
8016,Guardian Jobs,https://jobs.theguardian.com/staticpages/30000/find-good-company/
8017,CARE Fertility,http://www.carefertility.com
8018,Beyond Retro,http://www.beyondretro.com
8019,Eka Finance,http://www.ekafinance.com/
8020,E2open,https://www.e2open.com/
8021,Network HR,https://executivenetworkgroup.com/network-hr/
8022,Taylor Root,http://www.taylorroot.com
8023,Dingley's Promise,http://www.dingley.org.uk/
8024,Newsweek,http://www.newsweek.com
8025,Ad Idem Consulting,http://www.adidemconsulting.co.uk
8026,NOCN Group,http://www.nocn.org.uk
8027,DigitalCoop,http://www.digitalcoop.online/
8028,SDVI Corporation,http://www.sdvi.com
8029,PANGAIA,https://thepangaia.com
8030,Barnet Council,http://www.barnet.gov.uk
8031,M3 (EU),http://eu.m3.com
8032,Wincanton,https://www.wincanton.co.uk/
8033,AQRU,https://aqru.io/
8034,Simplyhealth,http://www.simplyhealth.co.uk
8035,Rebalance Recruitment ,http://www.rebalance.eu
8036,John Lewis & Partners,http://www.jlpjobs.com
8037,The jfa Human Rights Journal,https://www.thejfa.com/
8038,CALYX,https://www.calyx.ai
8039,WSP in the UK,https://www.wsp.com/en-GB
8040,Ardor Talent,http://www.ardortalent.co.uk
8041,Marketing Talent | Marketing Recruitment Experts,http://www.marketing-talent.co.uk/
8042,Cube3 ,https://cube3.io
8043,i-confidential Limited,http://www.i-confidential.com
8044,bp,http://www.bp.com/
8045,Premier Research,http://www.premier-research.com
8046,Eastside Youth,http://www.eastsideyouth.org.uk
8047,Securiti,https://www.securiti.ai/?utm_source=linkedin&utm_medium=org-post
8048,B2E Consulting,http://www.b2econsulting.com/
8049,Euro London Appointments,http://www.eurolondon.com
8050,Headcount Recruitment,http://www.head-count.com
8051,Brewer Morris,http://www.brewermorris.com
8052,Triodos Bank,http://www.triodos.com
8053,Saga plc.,http://www.saga.co.uk/careers
8054,Teachers Train Teachers,http://www.teacherstrainteachers.co.uk
8055,Page Personnel,http://www.pagepersonnel.com
8056,The Bridge (IT Recruitment) Limited,https://www.thebridgeit.com
8057,SmartTek Global,https://www.smarttekglobal.com/
8058,Root Digital,https://rootdigital.co.uk/
8059,Cognitive Group | Recruiting For Your Future,http://www.cognitive-group.com
8060,Thebes Cloud Management ,http://www.thebescloud.com
8061,Legal & General,http://ow.ly/JDDI30f3KUe
8062,Annapurna Recruitment,http://www.annapurnarecruitment.com/
8063,Success Talent,http://www.successtalent.co.uk
8064,Randstad Sourceright,http://www.randstadsourceright.com
8065,Brady Technologies,http://www.bradytechnologies.com
8066,Freshworks,http://www.freshworks.com
8067,PowerObjects,https://www.powerobjects.com
8068,Bond Global,https://www.bond-global.com/
8069,Venture University,https://www.venture.university
8070,ECW Search,http://www.ecwsearch.com/
8071,Workday,http://www.workday.com
8072,GCR Ltd (Gift Card Recruitment),http://www.gcrsolutions.co.uk
8073,Included ,http://www.included.com/
8074,SeaLights,http://www.sealights.io/
8075,Research Tribe,https://www.researchtribe.com/
8076,UnitedLex,http://www.unitedlex.com
8077,WealthKernel,http://wealthkernel.com
8078,Macquarie Group,http://www.macquarie.com
8079,White Horse Professional Resources,http://www.wh-employment.co.uk
8080,Equiniti,http://www.equiniti.com/
8081,Visier Inc.,https://www.visier.com
8082,Everbridge,https://www.everbridge.com
8083,ElevateFlex,http://www.elevateservices.com
8084,Omnicell,http://www.omnicell.com
8085,Oliver James,https://www.oliverjames.com/
8086,RWS Group,https://www.rws.com
8087,Cornerstone OnDemand,https://www.cornerstoneondemand.com/company/
8088,Dye & Durham Corporation,http://www.dyedurham.com
8089,PwC UK,http://www.pwc.co.uk/
8090,Infobip,https://www.infobip.com?utm_medium=social&utm_source=linkedin&utm_campaign=reach%20--%20social%20--%20global%20--%20about&utm_term=all%20--%20fans%20--%20visit%20website%20LI&utm_content=about-us%20--%20english
8091,Thermo Fisher Scientific,https://www.thermofisher.com
8092,TMF Group,http://www.tmf-group.com
8093,M&G Wealth,https://www.mandg.com/discover-mandg/mandgwealth
8094,ConvaTec,http://www.convatecgroup.com/
8095,Boardsi,https://boardsi.com/
8096,Snyk,https://snyk.io/?utm_medium=Social&utm_source=Linkedin-Organic&utm_campaign=LinkedIn-Custom-CTA
8097,Reach Volunteering,http://reachvolunteering.org.uk
