,company_name,company_url
8960,"Altoida, Inc.",http://www.altoida.com/
8961,NICE Ltd,http://www.nice.com
8962,Intuit,https://www.intuit.com/careers/?cid=pjob_lip_click_us_active-fy20_cn_text_job_intuit-talent&iis=pjob&iisn=lip
8963,Teal Communications,http://www.tealcom.io
8964,"World Business Lenders, LLC",https://www.wbl.com/
8965,Dashlane,http://www.dashlane.com/
8966,Emerson Ecologics,http://www.emersonecologics.com
8967,CitrusAd,https://www.citrusad.com
8968,Latch,http://www.latch.com
8969,MedArrive,http://www.medarrive.com/
8970,Torch,http://www.torch.io/
8971,Docebo,http://www.docebo.com
8972,Spectrio,https://spectrio.com/
8973,The Organic Recruiter,http://www.theorganicrecruiter.com
8974,GB Executive Recruiting,http://www.gbexecutiverecruiting.com
8975,CampusLogic,https://campuslogic.com/
8976,SSB,https://ssbinfo.com/
8977,Gladly,https://www.gladly.com
8978,Built In,http://www.builtin.com
8979,"RollWorks, a division of NextRoll",https://www.rollworks.com/
8980,Crawford Thomas Recruiting,http://www.crawfordthomas.com/
8981,Anthem Education Group,http://www.anthem.edu
8982,McClatchy,http://www.mcclatchy.com
8983,iXsystems,https://www.iXsystems.com
8984,"DailyPay, Inc.",https://www.dailypay.com/
8985,CU Direct,https://www.cudirect.com/
8986,AnswerNet,https://answernet.com/
8987,Syniverse,http://www.syniverse.com
8988,SPINS,http://www.spins.com
8989,Hill+Knowlton Strategies,http://www.hkstrategies.com
8990,Roland Coiffe & Associés,http://www.rcassocies.com/
8991,SaltyLama,https://saltylama.com/
8992,Vela Insurance Services (a Berkley Company),http://bit.ly/VelaIns
8993,Catalyst Software,https://catalyst.io/
8994,OneEleven 111,http://www.oneeleven.com/
8995,Motus,http://www.motus.com/
8996,CompuCom,http://www.CompuCom.com
8997,Beam Dental,https://beam.dental/
8998,1900 Wealth,https://www.1900wealth.com
8999,999 Design,http://www.999design.com
9000,Caká_MKT,https://cakamkt.com.br/
9001,542 Digital,http://542.digital
9002,The Palace Group,http://www.thepalace.org
9003,Entri,https://goentri.com
9004,Precision Code Studios,https://www.precisioncodestudios.com/
9006,Cloudery ,http://www.cloudery.com
9007,Daugherty Business Solutions,https://careers.daugherty.com/
9008,CharterUP,https://www.charterup.com
9009,Keystone Dental Group ,http://www.keystonedental.com
9010,Atos,https://www.atos.net/
9011,7 Mindsets,http://www.7mindsets.com/
9012,Jumio Corporation,http://www.jumio.com
9013,Ripple Effect Artists ,http://www.rippleeffectartists.com
9014,Reach Platform,https://reach.sh
9015,Peninsula Temple Beth El,https://www.ptbe.org/
9016,AvePoint,https://avpt.co/2ZuITPv
9017,Savvy Animations,http://www.savvyanimations.com
9018,Living Life By Design,https://www.livinglifebydesign.com.au/linkedin/
9019,"Blue Box Air, LLC",https://blueboxair.com/
9020,Pricefx,http://www.pricefx.com
9021,Recruitly,http://www.recruitly.com.au
9022,FinLaw,http://www.finlaw.co
9023,Bouchée,http://www.lebub.com.au
9025,Reprise Australia,http://www.reprisedigital.com
9026,Hitachi Vantara,https://www.hitachivantara.com/en-us/home.html
9027,Ecom Nation,https://ecomnation.com.au
9028,SADA,https://SADA.com
9029,E4C,http://www.e4calberta.org
9030,"The Vertex Companies, Inc.",https://vertexeng.com
9031,Valsoft Corporation,http://www.valsoftcorp.com/
9032,Love My Lifestyle With Fiona J,http://www.lovemylifestyle.com.au/
9033,HR.com,http://www.hr.com
9034,Bucketlist Rewards and Recognition,https://www.bucketlistrewards.com/
9035,Foundation Body Lab,http://www.foundationbodylab.com
9036,"AVOLTA, Inc.",https://www.avoltacanada.com
9037,Eyam Vaccines and Immunotherapeutics,https://eyamhealth.com/
9038,Little Lnk Design Studio,http://www.littlelnkdesignsstudio.com
9039,Tall Tree Physiotherapy and Health Centre,http://www.talltreephysio.ca
9040,Optometry on Bronte ,http://optometryonbronte.ca
9041,Enhanced Care Clinic,http://www.enhancedcare.ca
9042,Replicant,http://www.replicant.ai/
9043,Arctic Wolf,https://arcticwolf.com/?utm_source=organic&utm_medium=linkedin
9044,GEOTAB,https://careers.geotab.com/
9045,WorkSafeNB/Travail sécuritaire NB,http://www.worksafenb.ca/
9046,Turning -Dreams- Into -Realities,https://www.turning-dreams-into-realities.com/main/
9047,ModSquad,https://modsquad.com
9048,Symend,http://www.symend.com/
9049,"PeopleGenius-Data Science, Tech & Analytics",http://www.peoplegenius.com
9050,"Biosero, Inc.",http://www.biosero.com/
9051,Veracity Software Inc,http://www.veracity-us.com
9052,Candela Medical,http://www.candelamedical.com
9053,Revelations Executive Search,http://www.revelationssearch.com
9054,Oddo Development Company,http://www.oddodevelopment.com
9055,Nexient,https://www.nexient.com
9056,Divisions Maintenance Group,http://divisionsmg.com
9058,Volmatica,http://www.volmatica.com
9059,Peraton,http://www.peraton.com
9060,Pied Piper Group LLC,https://piedpipergroup.com/
9061,"Vir Biotechnology, Inc.",http://www.vir.bio
9062,Innovia Solutions,https://innovia.io/
9063,EXL,http://www.exlservice.com
9064,Aibee Inc.,http://www.aibee.cn/
9065,Klap6 Technologies,https://klap6.com
9066,Bookscribs.com,http://www.bookscribs.com
9067,Verana Health,http://www.veranahealth.com/
9068,2 a.m. Talent,http://www.2amtalent.com
9069,Grand Rounds Health,http://grandrounds.com
9070,Volga Partners,http://www.volgapartners.com
9071,USI Insurance Services,http://www.usi.com
9072,PeopleCaddie,http://peoplecaddie.com
9073,Buyers Edge Platform,http://www.buyersedgeplatform.com
9074,i4 Insurance Talent,https://www.i4insurancetalent.com/
9075,Canvendor,http://www.canvendor.com/
9076,QSC,http://qsc.com/
9077,Pieces.app,http://www.pieces.app
9078,GreenBiz Group,https://www.greenbiz.com/about-us
9079,LevelUp²,http://levelupsquared.com
9080,Medium,https://jobs.lever.co/medium/
9081,Higg,http://www.higg.com
9082,BAREFOOT,http://barefootproximity.com
9083,Trainual,https://trainual.com/
9084,Qubby Labs,http://www.qubby.com
9085,AK Communications,http://www.successdice.com
9086,Catholic Relief Services,http://www.crs.org/
9087,Whip Media,http://www.whipmedia.com
9088,OpenSpace,http://www.openspace.ai
9089,Teladoc Health,http://www.teladochealth.com
9090,Evolve,https://evolve.com/work-at-evolve
9091,The Doyle Group,http://www.doylegroup-it.com
9092,The Standard,https://www.standard.com
9093,Live Learn Innovate Foundation,http://www.llif.org/
9094,Orbit Systems Inc.,http://www.OrbitDirect.com
9095,Affinity Solutions,http://www.affinity.solutions
9096,"OLI Systems, Inc.",https://www.olisystems.com/expert-webinar-lithium-mining
9097,Guideline,https://www.guideline.com
9098,GForce Life Sciences,http://www.gforcelifesciences.com
9099, Professional Diversity Network,https://www.prodivnet.com/
9100,American Residential Services,https://ars.com
9101,JobsInLogistics.com,http://www.jobsinlogistics.com/?utm_source=LI_Org&utm_medium=button_click&utm_campaign=Company%20Page_LI
9102,OTS Solutions,https://otssolutions.com/
9103,Wattpad,http://company.wattpad.com
9104,SES Corporation,https://sescorporation.com
9105,Jackson,http://www.jackson.com
9106,BrainPOP,https://www.brainpop.com/
9107,"Kevala, Inc.",http://www.kevala.com
9108,"Your Part-Time Controller, LLC",http://www.yptc.com/
9109,Rancho BioSciences,http://www.RanchoBioSciences.com
9110,League,https://league.com/
9111,Legacy Health,http://www.legacyhealth.org/
9112,Ayata,http://www.ayata.com
9113,Countstar,http://www.countstar.com
9114,Sony,http://www.sony.net
9115,American Tire Distributors,http://www.atd-us.com/
9116,TigerConnect,http://tigerconnect.com/
9117,Diverse Lynx,http://www.diverselynx.com/
9118,Isobar,http://www.isobar.com/
9119,Ascendum Solutions,http://www.ascendum.com
9120,TechnologyAdvice,https://technologyadvice.com/careers/?utm_source=linkedin.com&utm_medium=technologyadvice-social&utm_content=vendor&utm_campaign=socialflow
9121,Enara Health,https://www.enarahealth.com
9122,Spectrum Science - GLOBALHealthPR partner,http://www.spectrumscience.com/
9123,Publicis Imagine,https://www.publicisgroupe.com/en/services/services-publicis-media-en
9124,Alignity Consulting,https://alignity.io/covid19-pledge/
9125,Edwards Lifesciences,http://www.edwards.com/
9126,Truckstop.com,https://truckstop.com/?utm_campaign=visit-website&utm_medium=social&utm_source=linkedin
9127,Brkthru,http://brkthru.com
9128,GrowthDay,https://www.growthday.com/
9129,HARAMAIN SYSTEMS INC.,http://www.haramainsystems.com
9130,FactSet,http://www.factset.com/
9131,New American Funding,https://www.newamericanfunding.com
9132,Segal,https://www.segalco.com
9133,Green Dot Corporation,https://www.greendot.com/business?utm_source=GDLIO
9134,"Management Science Associates, Inc.",https://www.msa.com
9135,"LeoLabs, Inc.",http://www.leolabs.space/
9136,Nexus,https://NexusSystems.com
9137,Shipa,https://www.shipa.io/
9138,"BlueOwl, LLC",http://www.blueowl.xyz
9139,BlueGranite,http://www.bluegranite.com/
9140,AAJ Interactive Technologies,http://www.aajinteractive.com
9141,LifeScore Labs,http://www.lifescorelabs.com/
9142,DaVita Kidney Care,https://careers.davita.com
9143,Synergy Technologies,http://www.synergytechs.net
9144,DarkHorse,http://www.thedarkhorse.ai
9145,Lumen Technologies,http://www.lumen.com/
9146,Avant,https://www.avant.com
9147,SyllogisTeks,http://www.syllogisteks.com
9148,HiRoad,https://www.hiroad.com
9149,Motional,https://motional.com
9150,CI&T,http://www.ciandt.com/
9151,Copy.ai,http://www.copy.ai
9152,Peek,https://www.peek.com
9153,Klaxontech Inc,http://www.klaxontech.com/
9154,One Technologies,https://www.onetechnologies.net
9155,Urban Science,http://www.urbanscience.com
9156,Sharjah Contact Center (Goverment of Sharjah),http://www.callshj.ae
9157,Logitech,http://www.logitech.com
9158,Couplr,http://www.couplr.ai/
9159,The Transformation Group,https://www.thetransformationgroup.io/
9160,Logility,http://www.logility.com
9161,SkyScout Group - AI based video solution,http://www.sky-scout.com
9162,"Connect Search, LLC",http://www.connectsearchllc.com/
9163,The Hastings Group NYC,http://www.thehastingsgroupnyc.com/
9164,American National,https://jobs.americannational.com/
9165,Akshar IT Solutions LLC,http://www.akshar-it.com
9166,HERS Advisors recruitment. redefined.,http://www.hersadvisors.com/
9167,Momentum Commerce,http://www.MomentumCommerce.com
9168,Locana,http://www.locana.co/
9169,Cedrus Digital,https://cedrus.digital
9170,Advance Auto Parts,http://www.advanceautoparts.com
9171,Overstock.com,http://www.overstock.com
9172,"Pilvi Systems, Inc.",http://www.pilvisystems.com
9173,Jobizza - Justice With Your Innovations,http://www.jobizza.com
