,company_name,company_url
9813,PixMob,http://www.pixmob.com/
9814,iSmileTechnologies,https://www.ismiletechnologies.com/
9815,Swenam Corporation,http://swenamcanada.ca/
9816,Gateway Staffing,http://www.gateway-staffing.com
9817,Procom,http://www.procom.ca/
9818,Mold-Masters Limited,http://www.moldmasters.com
9819,Esri Canada,http://www.esri.ca
9820,Logibec,http://www.logibec.com
9821,Shift IT,https://www.shiftit.ca
9822,Precision AI,https://www.precision.ai/
9823,Teacup Tech Systems,http://www.teacupsystems.com/
9824,Agricorp,http://www.agricorp.com
9825,Tundra Technical Solutions,http://www.tundratechnical.ca/
9826,SRA Staffing,https://srastaffing.ca
9827,stack.io,https://www.stack.io/
9828,Billi Labs,https://billi.app
9829,Pixel Perfect (PXLP),http://pxlp.dev
9830,Mark43,http://www.mark43.com
9831,Grantek,https://grantek.com/
9832,Agilyx Group,http://www.agilyxgroup.com/
9833,McLean & Company,https://bit.ly/3lA2nuw
9834,Macadamian,https://www.macadamian.com/
9835,Recruit Action inc.,http://www.recruteaction.com
9836,TekRek Ltd,http://www.tekrek.ca
9837,Perceive,http://www.perceive.io
9838,Railz,https://railz.ai/
9839,Article,http://article.com
9840,"TalentBurst, an Inc 5000 company",http://www.talentburst.com
9841,Mikros Animation,http://www.mikrosimage-animation.com/
9842,Finastra,https://www.finastra.com?utm_source=linkedin&utm_medium=social&utm_campaign=MainPage
9843,Infotree Global Solutions,https://www.infotreeglobal.com/
9844,Groom & Associates(és) ,http://www.groomassocies.com
9845,Snow Software,https://www.snowsoftware.com
9846,Bay Street Staffing,http://www.baystreetstaffing.com
9847,B2B Wave,https://www.b2bwave.com/
9848,BGRS,http://www.bgrs.com
9849,Webisoft,https://webisoft.com
9850,Kudos®,http://www.kudos.com/
9851,COGNITO BPM,https://cognito.ca/
9852,Datasite,http://www.datasite.com
9853,Critical Mass,http://www.criticalmass.com
9854,Achievers,http://www.achievers.com/
9855,Canadian Tire Corporation,http://corp.canadiantire.ca/
9856,Swim Recruiting,http://www.swimrecruiting.com
9857,Senceive,http://www.senceive.com/
9858,"GSPANN Technologies, Inc",https://www.gspann.com/
9859,Procom Labs,https://procomlabs.procomservices.com/
9860,CIMA+,http://www.cima.ca
9861,Format,https://www.format.com
9862,SmartSimple Software,https://www.smartsimple.com/?utm_source=linkedin&utm_medium=social
9863,MindGeek,http://mindgeek.com/
9864,Intangent,https://www.intangent.com
9865,resulta,https://www.resulta.com
9866,BlackBerry QNX,https://blackberry.qnx.com/en
9867,Azul,https://www.azul.com
9868,HUNTER Technical - htrjobs.com,http://www.htrjobs.com/
9869,ecobee,http://www.ecobee.com/
9870,Kastech Software Solutions Group,https://kastechssg.com/
9871,Base13 Labs,https://www.base13labs.com/?utm_source=LinkedIn&utm_medium=custom_button&utm_campaign=vist_website
9872,"bitHeads, inc.",http://www.bitheads.com
9873,Parados,https://www.parados.ca/
9874,Infoblox,http://www.infoblox.com
9875,ezSec,http://www.ezsec.org
9876,Maplewave,https://www.maplewave.com/
9877,LeverageIT,http://leverage.it
9878,Cyno,http://www.cyno.ca/
9879,Invafresh,http://www.invafresh.com
9880,"Jonas Fitness, Inc. (Jonas Software)",http://www.jonasfitness.com
9881,Syntax,http://www.syntax.com/
9882,Courtech - Recrutement et services conseils,http://www.courtech.ca
9883,NetEase Games Montréal,https://www.neteasegames.com/
9884,Provectus,http://www.provectus.com
9885,TELUS Santé | TELUS Health,http://www.telushealth.com
9886,Avid,https://www.avid.com
9887,Fareportal,http://www.fareportal.com
9888,D2L,http://www.d2l.com/
9889,PrecisionIT Incorporated,http://www.precisionitstaffing.com
9890,IPRO,https://www.ipro.com
9891,H&R Block,https://www.hrblock.com
9892,PLEDJ: Promoting Leadership for Empowerment Development and Justice,https://pledj.org/
9893,Explorance,http://www.explorance.com/
9894,PokerStars,http://www.pokerstarscareers.com
9895,Dimensional Strategies Inc.,http://www.dstrat.com
9896,NewRocket ,http://www.newrocket.com
9897,ContactMonkey,https://www.contactmonkey.com/
9899,Veeam Software,https://www.veeam.com
9900,Sparrow Connected,https://www.sparrowconnected.com
9901,Acerta ,https://acerta.ai
9902,Habanero Consulting Inc.,https://www.habaneroconsulting.com/
9903,Jetstream Hospitality Solutions,http://jetstreamtech.io/
9904,FansUnite Entertainment Inc.,http://www.fansunite.com/
9905,CEO.CA,https://ceo.ca/
9906,Maintenance Care,http://www.maintenancecare.com
9907,CLEARGOALS,https://www.CLEARGOALS.com
9908,Evidence Partners,http://www.evidencepartners.com/
9909,Alybyte Inc.,https://www.alybyte.com/
9910,Sturgeon County,http://www.sturgeoncounty.ca
9911,JDRF Electromag Engineering Inc.,http://www.jdrfelectromag.com
9912,ThoughtExchange,https://bit.ly/3zk4xC0
9913,Flexiti,http://www.flexiti.com
9914,Best Buy Canada,http://www.bestbuy.ca/careers
9915,RedCloud,http://www.redcloudtechnology.com
9916,BULL IT SERVICES LLC,http://www.bullitservices.com
9917,KPMG,https://home.kpmg/xx/en/home.html
9918,Ascendal Group,http://www.ascendalgroup.com
9919,Safe as Houses Care,http://www.sahiplc.com
9920,Fundi Finance,https://www.fundifinance.com/
9921,Broyd Partners LLC,https://broydpartners.com
9922,UNRVLD,https://unrvld.com/
9923,CALP Network,http://www.calpnetwork.org
9924,Promarine Finance Ltd,http://www.marine-finance.org
9925,BRAMCOTE CONSULTING LIMITED,http://www.bramcoteconsulting.com
9926,Calero-MDSL,https://www.caleromdsl.com/
9927,B2C,http://www.b2c.consulting
9928,Semafone,https://www.semafone.com
9929,SWAP Internal Audit Services,http://www.swapaudit.co.uk/
9930,Close Group Consulting Inc.,http://www.closegroupconsulting.com/
9931,NFP People,https://www.nfp-people.co.uk
9932,Morgan Advanced Materials,http://www.morganadvancedmaterials.com/
9933,Stanton House,https://www.stantonhouse.com
9934,Finimize,https://www.finimize.com
9935,Altus Group,http://www.altusgroup.com
9936,DASH2,http://www.dash2group.com
9937,Stats Perform,http://www.statsperform.com
9938,Makers,http://makers.tech
9939,Martha's Vineyard Helping Homeless Animals,http://MVHHA.org
9940,Onyx Data,http://www.onyxdata.co.uk
9941,White Oak,https://www.whiteoakuk.com/
9942,May Business Consulting,https://maybusiness.co.uk/
9943,OKX,http://www.okx.com
9944,World Animal Protection,https://careers.worldanimalprotection.org/WorldAnimalProtection/Home
9945,Ince,https://www.incegd.com
9946,g2 Recruitment,https://www.g2recruitment.com/?source=LI
9947,Black Deer Festival of Americana ,http://www.blackdeerfestival.com
9948,The Future Forest Company,http://www.thefutureforestcompany.com/
9949,Lunatus Resourcing,http://www.lunatusresourcing.co.uk
9950,CRS Ltd,http://www.crsltd.info
9951,GES - Global Experience Specialists,http://www.ges.com/
9952,Kingston Consulting Global Ltd,http://www.kingston-consulting.com
9953,Parkinson's UK,http://www.parkinsons.org.uk/
9954,Gresham Hunt,http://www.greshamhunt.com
9955,Eleven Experience,http://elevenexperience.com/
9956,Stride Resource Management,http://www.strideresource.com
9957,Aston Charles Ltd,http://www.astoncharles.co.uk
9958,etika,https://www.etika.com/
9959,Numbrs Bitcoin Account,http://www.numbrs.com
9960,McCabe & Barton,http://www.mccabebarton.com
9961,Morses Club PLC,http://www.morsesclub.com
9962,PPG,http://www.ppg.com
9963,England Rugby,http://www.englandrugby.com
9964,Brakes UK,http://www.brake.co.uk/
9965,Professional Record Standards Body (PRSB),http://www.theprsb.org/
9966,Money Advice Scotland,http://www.moneyadvicescotland.org.uk
9967,Just Mortgages,http://www.justmortgages.co.uk/broker-finder
9968,Royal Voluntary Service,https://www.royalvoluntaryservice.org.uk/
9969,Social Tree Global,https://socialtreeglobal.com/
9970,The Dura Society,https://www.thedurasociety.com/hello
9971,SmithCarey Ltd,http://www.smithcarey.co.uk
9972,Pepper Money UK,http://www.pepper.money/
9973,Okcoin,https://www.okcoin.com/
9974,TalkTalk,https://careers.talktalk.co.uk/
9975,Opel Vauxhall Finance,https://www.opelbank.de/
9976,FMCG Selection,http://www.fmcgselection.co.uk
9977,Made Tech,http://www.madetech.com
9978,The Yardstick Agency,http://www.theyardstickagency.co.uk
9979,eFinancialCareers,https://www.efinancialcareers.com/?utm_source=GLOBAL_ENG&utm_medium=SM_LI&utm_campaign=PAGE_BUTTON
9980,Elements Talent Consultancy,http://weareelements.io/
9981,Mackenzie Stuart,http://www.mackenziestuart.com
9982,BUCHI Laboratory Equipment,http://www.buchi.com/
9983,Re:signal,https://resignal.com/
9984,Ting Squared,http://www.tingsquared.co.uk
9985,IHS Markit,http://www.ihsmarkit.com/
9986,IDEMIA,https://www.idemia.com/
9987,TRAVELSAVERS,http://www.travelsavers.com
9988,Coface,http://www.coface.com
9989,DDH Talent & Coaching Group Ltd,http://ddhtalent.co.uk/
9990,Penguin Random House UK,https://www.penguin.co.uk/
9991,Lionbridge,https://www.lionbridge.com/
9992,Tufin,https://www.tufin.com
9993,AppOmni,https://appomni.com/
9994,paybis.com,http://paybis.com
9995,T-Portal,http://www.t-portal.nl
9996,New Minds Resourcing,http://www.new-minds.co.uk/
9997,Keyfactor,https://www.keyfactor.com/
9998,Serrala,https://www.serrala.com/
9999,Focus on SAP,https://focusonsap.org/
10000,FCC Environmental Services,http://www.fccenvironmental.com
10001,StorMagic,http://www.stormagic.com
10002,Oasis Protocol Foundation,https://oasisprotocol.org
10003,Telent Technology Services Ltd,http://www.telent.com/
10004,Directive,http://directiveconsulting.com/quick-links/
10005,Real Chemistry,https://www.realchemistry.com/
10006,SandisonPay,https://www.sandisonpay.co.uk/work/
10007,Simon Sinek Inc.,http://www.simonsinek.com
10008,Elvie,http://www.elvie.com
10009,Juno: the life company ®,http://www.withjuno.com
10010,Walton Charity,http://waltoncharity.org.uk
10011,Finitas,http://www.finitas.co.uk
10012,Marshall Motor Group,https://linktr.ee/MarshallMotorGroup
10013,Rural & Business Specialists Ltd,https://www.ruralmortgages.co.uk/
10014,Disclosure Services,http://www.disclosureservices.com
10015,Board Appointments (UK),https://boardappointments.co.uk/
10016,Zopa,http://www.zopa.com
10017,Toner Graham,http://www.tonergraham.com
10018,Thera Trust,http://www.thera.co.uk
10019,Kognitiv Inc.,http://www.kognitivinc.com
10020,Anthesis Group,https://www.anthesisgroup.com/
10021,Medacs Global Group,http://www.medacsglobalgroup.com
10022,Core Laboratories,http://www.corelab.com/
10023,AdviserScale,https://www.adviserscale.com/
10024,Auctree,https://auctree.com/
