,company_name,company_url
42637,PRO*ACT,http://www.proactusa.com
42638,Milwaukee Tool,https://www.milwaukeetool.jobs/?utm_source=social_linkedin&utm_medium=ad_organic&utm_campaign=LinkedInVisitWebsite
42639,Consumers Energy,https://careers.consumersenergy.com/
42640,PERI,http://www.peri.com
42641,ITICanada,https://www.iticanada.ca
42642,Subskribe,http://subskribe.com/
42643,Compulink Healthcare Solutions,https://www.compulinkadvantage.com/
42644,Boomtown,http://www.goboomtown.com/
42645,Hero,http://herohealth.com/
42646,"William Myers Group, LLC",https://www.williammyersgroup.com/
42647,"SalesRabbit, Inc.",http://salesrabbit.com/
42648,NMQ Digital,http://www.nmqdigital.com/
42649,"Performance Recruiters, LLC.",http://www.prdfw.com
42650,Backbar,https://www.getbackbar.com
42651,Shawcor,http://www.shawcor.com
42652,Equus Compute Solutions,http://www.equuscs.com
42653,Timmons Group,http://www.timmons.com/
42654,Keystone Technologies,http://www.KeystoneTech.com
42655,Cleverdist,https://www.cleverdist.com/
42656,Absolute Antibody,http://www.absoluteantibody.com/
42657,Orrjo,http://www.orrjo.com/
42658,AEG,http://www.aeg-inc.com/
42659,Maricopa Community Colleges,https://www.maricopa.edu/
42660,"Shee Atiká Enterprises, LLC (SAE)",http://www.sae-llc.net
42661,Sarcoma UK,http://www.sarcoma.org.uk/TenYears
42662,London Wildlife Trust,http://www.wildlondon.org.uk
42663,New Age Technologies,http://www.newat.com/
42664,Converge,https://www.converge.io/
42665,Prodisys Technologies,http://prodisystech.com/
42666,SleekFlow,https://www.sleekflow.io/
42667,Solent Freeport,https://solentfreeport.com/
42668,Tekuchi,http://www.tekuchi.com
42669,Rattleberry,http://rattleberry.co/
42670,Affinity Personnel,http://www.affinitypersonnel.co.uk
42671,Excellus BCBS,http://excellusbcbs.com
42672,Real Talent Matters ,http://realtalentmatters.com
42673,Xigen,http://www.xigen.co.uk
42674,Metalink,https://metalink.com/
42675,Journey Recruitment Ltd,http://www.journeyrecruitment.co.uk
42676,Ansible Labs,https://www.ansiblelabs.xyz/
42677,Visual Concepts,http://www.vcentertainment.com
42678,Dir3ct Recruitment,http://www.dir3ct.co.uk
42679,Medisoft Limited,http://www.medisoft.co.uk
42680,Kalles Group,http://kallesgroup.com/
42681,Royal Osteoporosis Society,https://theros.org.uk
42682,Direct Business Solutions,https://www.dbsne.com/
42683,Hadley Group,http://www.hadleygroup.com
42684,Hadron Talent Center,http://www.hadronfinsys.com
42685,Looi Consulting LLC,http://www.looiconsulting.com
42686,gap healthcare,http://www.gap-healthcare.com
42687,The Forward Trust,https://www.forwardtrust.org.uk
42688,Hyperoptic,http://www.hyperoptic.com/
42689,Wowza,https://www.wowza.com/
42690,Healthcare Junction,www.healthcarejuction.co.uk
42691,Codex DF,http://Www.codexDF.com
42692,Evolvinc,http://www.evolvinc.com
42693,"Enformion, Inc.",http://www.enformion.com
42694,Prospero Group,http://www.prospero.group
42695,TALENT AVENUE,https://www.talentavenue.co.uk/
42696,Salsify,https://www.salsify.com
42697,Ultromics,https://www.ultromics.com/resources/the-proof?hsLang=en
42698,Zurich Insurance,http://www.zurich.com
42699,Briggs & Stratton,http://www.basco.com
42700,Lucas McLean Recruitment,http://www.lucasmclean.com
42701,Skiltrek,https://www.skiltrek.com
42702,John Ross Associates,http://www.johnrossassociates.co.uk/
42703,Chronicled,http://chronicled.com
42704,Norco Group Limited,http://www.norcoenergy.com
42705,Blockchain Developer,http://www.blockchaindeveloper.us
42706,Husssl Ltd.,http://www.husssl.com
42707,Algorand,https://www.algorand.com/
42708,Radinnova,http://www.radinnova.com
42709,Liberty Music PR,http://www.libertymusicpr.com
42710,Wiley Sri Lanka,http://www.wiley.com
42711,R3 LLC,http://www.r3-it.com
42712,Bioprojet UK Limited,http://www.lincolnmedical.co.uk
42713,api.video,https://api.video
42714,RAYMOND ASSOCIATES LTD,http://www.raymonda.uk/
42715,NCRQ National Compliance and Risk Qualifications,https://www.ncrq.org.uk
42716,The Franchising Centre,https://www.thefranchisingcentre.com
42717,The Engineered Innovation Group,http://www.engineeredinnovationgroup.com/
42718,Rémy Cointreau,http://www.remy-cointreau.com
42719,Drake International Asia ,https://sg.drakeintl.com/
42720,NALA,http://nala.com
42721,Synergi,https://www.teamsynergi.co.uk
42722,Kuma Games Inc.,https://chibi.gg/
42723,DevsData LLC,https://devsdata.com
42724,MAJiK Systems,http://majik.io
42725,Cyberselves,http://www.cyberselves.com/
42726,WIA Systems Inc,http://www.wiasystems.com/
42727,anessa,https://anessa.com
42728,Adludio,http://adludio.com/showreel
42729,Kare Plus Ireland,http://kareplus.ie/
42730,Get Staff Recruitment,http://www.getstaffnow.co.uk
42731,Candy Castle Animation,https://candycastleanimation.com/
42732,FATMAP,https://fatmap.com/
42733,Secberus,http://www.secberus.com
42734,Belle,http://bellecares.com/
42735,IMB (International Mission Board),https://www.imb.org
42736,IQUW,https://iquw.com/contact
42737,Creative Retail Entertainment,http://www.cre.co.uk
42738,Osborne & Wise,http://www.osbornewise.com/
42739,Dapp Play Store,http://www.dapp-playstore.com
42740,Clean Planet Energy,https://www.cleanplanetenergy.com/
42741,Nestlé Purina North America,http://nestlejobs.com/nestle-purina
42742,Common Securitization Solutions,http://www.commonsecuritization.com/
42743,Quinton Davies,http://www.quintondavies.com/
42744,Pinntec Limited,http://www.pinntec.co.uk
42745,Charcoalblue,https://charcoalblue.com/
42746,Tracsis Rail Operations ,http://www.tracsis.com
42747,Infinitek Limited,http://www.infinitekgroup.com
42748,Geckoboard,https://www.geckoboard.com/
42749,JDHuntr In-House Counsel Jobs,https://www.jdhuntr.com
42750,Ceramic Network,https://ceramic.network
42751,Loft Orbital,http://www.loftorbital.com
42752,Cloudorizon,http://www.cloudorizon.com
42753,FSOL,http://www.fsol.in
42754,Drivers2Go Limited,http://www.drivers2go.co.uk/
42755,MazeMap,http://www.mazemap.com
42756,Partners in Change Consulting Limited,http://www.picconsulting.co.uk/
42757,Inspired Gaming Group,http://www.inseinc.com
42758,Weys,http://weys.io
42759,Axonify,https://axonify.com/?utm_source=facebook&utm_medium=social&utm_term=&utm_content=&utm_campaign=
42761,Alternatives,http://www.alternatives.ie
42762,Wavin UK,http://www.wavin.co.uk/
42763,Westland Horticulture Ltd,https://www.gardenhealth.com/
42764,ICONIC Distro Co. Ltd.,http://www.iconicdistro.com
42765,"Carve Systems, an iVision company",https://www.carvesystems.com
42766,Risc0,https://risc0.com
42767,Flowminder,http://www.flowminder.org
42768,Cloud for Good,http://www.cloud4good.com/
42769,I-Net Software Solutions,http://www.inetsoftwaresolutions.co.uk
42770,SGS Telekom || Connecting The World ||,http://sgstelekom.com/
42771,Verifi Inc.,https://www.verifi.com/
42772,ECLIPSE TOTAL SOLUTIONS LIMITED/ECLIPSE IT RECRUITMENT,http://www.eclipse-it.co.uk
42773,PageUp,https://pageuppeople.com
42774,BVSC,http://www.bvsc.org
42775,47 Degrees,https://www.47deg.com/
42776,Vision One,https://visionecorp.com
42777,Sleeping Giant Music,http://sleepinggiantmusic.com
42778,LinkTrust,http://www.linktrust.com
42779,"Big Fish 360, LLC",http://www.bigfish360.com
42780,ARCA,http://www.arca.com
42781,ContentGhar,https://contentghar.com/
42782,Molecula,https://www.molecula.com/
42783,"JASINT Consulting and Technologies, LLC",https://jasint.com/
42784,Luna Physical Therapy,https://www.getluna.com/
42785,Own partime business,http://None
42786,Open Influence,http://www.openinfluence.com
42787,"Jacaranda Consulting, Inc.",http://www.jac-sys.com/
42788,Virgo,http://www.virgosvs.com
42789,Equipment Depot,https://linktr.ee/eqdepot
42790,Friendemic,http://www.friendemic.com/
42791,FlowerHire,http://www.flowerhire.com/
42792,Aptar,http://www.aptar.com/
42793,Marriott Vacations Worldwide,http://mvwcareers.com/
42794,EDX Wireless,http://www.edx.com
42795,Overpass,https://www.overpass.com/
42796,KBRA,https://www.krollbondratings.com/
42797,Stryve Digital Marketing,https://www.stryvemarketing.com
42798,Algemetric,https://www.algemetric.com/
42799,NextShift,http://www.nextshift.com/
42800,Diligent Robotics,http://diligentrobots.com/
42801,Edovate Learning Corp.,http://www.edovate.com/
42802,Lennar,http://www.lennar.com
42803,Sharestates,http://www.sharestates.com
42804,Kiefa,http://www.kiefa.io/
42805,Railroad19,https://www.railroad19.com
42806,Diplomático Rum,http://www.rondiplomatico.com
42807,Realogy,http://www.realogy.com/
42808,CrowdSouth,https://www.crowdsouth.com
42809,1/ST Technology - AmTote International and Xpressbet,http://www.amtote.com
42810,OneCoast,http://www.onecoast.com
42811,Winno (YC W22),http://winno.app/
42812,Morley,https://www.morleynet.com
42813,Preply,https://preply.com
42814,PennyFly Entertainment,http://www.pennyflyentertainment.com
42815,"CryptoCon SF Jan ‘23 San Francisco, CA",www.cryptocon-sf.com
42816,TrellisWare Technologies,http://www.trellisware.com/
42817,SHIFT.com,http://www.SHIFT.com
42818,Jewish National Fund-USA,https://linktr.ee/jnfusa
42819,Torus Biosystems,http://www.torus.bio
42820,Exosite,http://www.exosite.com
42821,Travel by Jon & Jo'El,https://jlapptravels.com/
42822,Side Hustle Pro,http://sidehustlepro.co/
42823,Software Group Inc,http://www.softwaregroupinc.com
42824,MedPage Today,http://www.medpagetoday.com/
42825,MBA Team,http://www.mbateam.com
42826,Zifo,http://www.zifornd.com
42827,CREATIVOS RD,#
42828,Cledge,http://www.cledge.org
42829,Electrum (formerly PickMySolar),https://electrum.co
42830,Howden,https://www.howden.com
42831,Heinsohn,https://heinsohn.co/
42832,Exo,http://www.exo.inc/
42833,Cocaptain,https://www.cocaptain.app
42834,"Sharp Notions, LLC",https://sharpnotions.com
42835,Marketing Real Estate,http://www.marketingre.com/
42836,Public Lands,http://www.publiclandsjobs.com/
42837,St-Amour,http://www.st-amour.com/
42838,Sierra Pacific Group,https://sierrapacificgroup.com
42839,Financial Edge Training,https://www.fe.training
42840,Okera,http://www.okera.com
42841,"Connexity, Inc. ",http://www.connexity.com/
42842,Social Media Marketing Jobs,https://lnkd.in/d9sCERNd
42843,Agropur US,https://www.agropur.com/us/
42844,The Center for Health Affairs,https://neohospitals.org/
42845,Practichem,https://practichem.com
42846,MotorBiscuit,https://www.motorbiscuit.com/
42847,Benefix,https://www.benefix.us/
42848,NDG,https://www.ndgcommunications.com/?utm_source=linkedin.com&utm_medium=social&utm_campaign=social_media_posts
