,company_name,company_url
18582,Alpine Home Air,http://www.alpinehomeair.com
18583,IEX,https://www.iex.io
18584,Sign-IN Solutions INC,http://www.signinsol.com
18585,Zensar Technologies,https://www.zensar.com/
18586,IVIDTEK INC,http://www.ividtek.com
18587,Techcapital Software Pvt. Ltd.,https://www.techcapitals.com/
18588,BCT Partners,http://www.bctpartners.com/
18589,AccessOne,http://www.accessonemedcard.com
18590,Truss,http://truss.works
18591,"IntegriSource, Inc.",http://www.integrisource.net
18592,GasBuddy,http://www.gasbuddy.com
18593,HireRising,http://www.hirerising.com/
18594,3DStreet,http://www.3d.st
18595,Blu Omega ,http://www.bluomega.com/
18596,American Recruiting & Consulting Group,http://www.arcgonline.com
18597,Secure & Innovate Group,https://www.secureinn.com.au/
18598,Elafent,http://www.elafent.com
18599,Save Nemo e.V.,https://save-nemo.org/en/
18600,oobe,https://www.oobe.com.au
18601,Access4,http://www.access4.com
18602,MORC Creations,http://www.morccreations.com
18603,Beem It,http://www.beemit.com.au
18604,Entain,http://www.entaincareers.com/
18605,General Assembly,https://ga.co/3jgvkdC
18606,Sisense,http://www.sisense.com
18607,XONA,http://www.xonasystems.com/
18608,humm group,https://www.shophumm.com/humm-group/
18609,Ankr,http://ankr.com
18610,Clear Recruitment,http://www.clearrecruitment.com.au
18611,Child Paths,https://childpaths.ie/
18612,Digital Reach Online Solutions,https://digitalreachos.com/
18613,Firstaff Personnel Consultants,https://firstaff.ie
18614,Magic Media,https://magicmedia.studio
18615,Lightstep,http://lightstep.com
18616,SL Controls Ltd,http://www.slcontrols.com
18617,Oomnitza,https://www.oomnitza.com/
18618,Flaira Conseils,http://www.flairaconseils.com
18619,"Columbus Technology Solutions, Inc.",https://www.columbustechnologysolutions.com/
18620,Hire Train Retain,https://www.hiretrainretain.com/
18621,Silverware POS,http://www.silverwarepos.com/
18622,Semios ,http://www.semios.com/
18623,Ontopical,https://www.ontopical.com
18624,LAAgencia,https://www.laagenciabc.com/
18625,Veras Technologies Inc.,https://veras.ca
18626,Tribe Property Technologies,https://tribetech.com/
18627,Bartech Staffing,http://www.bartechstaffing.com
18628,Broadsign,https://broadsign.com/
18629,PotGuide,https://potguide.com
18630,CD PROJEKT RED,http://en.cdprojektred.com/
18631,Blueprint Solutions LLC,http://blueprintsolutions.us
18632,Nuvyyo,http://www.nuvyyo.com
18633,Mighty Networks,http://www.mightynetworks.com/
18635,QA Consultants,http://www.QAconsultants.com
18636,QUANTEAM - North America,http://www.quanteam.us
18637,Averna,https://www.averna.com/en/home
18638,Weir Motion Metrics,https://www.MotionMetrics.com
18639,Sur La Table,http://www.surlatable.com
18640,Auvik Networks Inc.,https://www.auvik.com/
18642,Monachil Capital Partners LP,https://www.monachilpartners.com/
18643,West-Island Conseils,http://www.westislandconseils.com/
18644,Samsung Ads Canada,http://adgear.com
18645,MVP Talent Corp,http://www.mvptalent.ca
18646,Peggy,https://peggy.com/
18647,Dexterra,https://dexterra.com/
18648,Seedbox Technologies,http://www.seedbox.com
18649,WhoPlusYou,http://www.whoplusyou.com
18650,RSM Canada,http://www.rsmcanada.com?cmpid=soc:licpr0620-for-linkedin-page-custom-button:bb01
18651,TechMentee,https://www.techmentee.com/
18652,Docsie.io,https://www.docsie.io
18653,VistaVu Solutions,http://www.vistavusolutions.com/
18654,Digital Convergence,https://www.digitalconvergence.ca
18655,Hermary ,https://www.hermary.com/
18656,Flöka,http://floka.co
18657,Hubelia ,http://www.hubelia.com
18658,Fresche Solutions,http://www.freschesolutions.com/
18659,Logisphère,https://logisphere.ca
18660,Kramer Electronics ,http://www.KramerAV.com
18661,devbar,http://www.devbar.ca
18662,Coder,https://coder.com/
18663,MatchBox Consulting Group,https://matchboxhr.com
18664,Frequency Foundry,http://www.frequencyfoundry.com/
18665,Recruitment Canada,http://RecruitmentCanada.ca
18666,Levio,https://www.levio.ca
18667,Berkeley Payments,http://www.berkeleypayment.com/
18668,Chelsea Avondale,http://chelseaavondale.com
18669,Sym-Tech Dealer Services,http://www.sym-tech.ca
18670,Rangle.io,https://rangle.io/?utm_source=social&utm_medium=linkedin&utm_campaign=profile_bio_link
18671,Promet Source,https://www.prometsource.com/
18672,ProShop ERP,http://www.proshoperp.com
18673,ClubRunner,http://www.clubrunner.ca
18674,Enable Training and Consulting Inc. (Enable Education),http://www.enableeducation.com/
18675,EA Mobile,http://www.ea.com
18676,Roam,http://www.exploreroam.com/
18677,AJ Chambers,https://www.aj-chambers.com/
18678,SD Worx Belgium,http://www.sdworx.be
18679,Hahnbeck,http://www.hahnbeck.com
18680,Citizens Online,https://www.citizensonline.org.uk/
18681,Cogito,https://cogitotalent.com/
18682,Proudfoot,http://www.proudfoot.com/
18683,djca Chartered Certified Accountants,http://www.djca.co.uk/
18684,Flummox,https://www.goflummox.com
18685,Boston Hale,http://www.bostonhale.com
18686,Cognita Schools,http://www.cognita.com
18687,OpusDatum Ltd,http://www.opusdatum.com
18688,Compliance Professionals,http://www.complianceprofessionals.co.uk
18689,Chyron,http://www.chyron.com/
18690,Douro Asset,http://www.douroasset.com/
18691,Alfa Energy Group,https://www.alfaenergygroup.com
18692,ReportOUT,https://www.reportout.org/
18693,Cera ,http://www.cerahq.com
18694,Atrium HR Consulting,https://atriumhr.com/
18695,Everleaf Drinks,https://www.everleafdrinks.com/
18696,Vanguard,http://www.vanguard.com
18697,CyberClan,https://cyberclan.com
18698,Sellick Partnership,http://www.sellickpartnership.co.uk/
18699,Proactis,http://www.proactis.com/
18700,Avery Dennison,https://www.averydennison.com
18701,Monite,https://monite.com/
18702,The Manchester College,http://www.tmc.ac.uk/
18703,3INA Makeup,http://www.3ina.com
18704,Chevin Fleet Solutions,https://www.chevinfleet.com/
18705,Proservartner,http://www.proservartner.co.uk
18706,Nuclear Decommissioning Authority,http://www.gov.uk/nda
18707,AO,http://www.ao-jobs.com
18708,Solvay,http://goto.solvay.com/li
18709,Nuffield Health,http://www.nuffieldhealth.com
18710,Brsk,https://www.brsk.co.uk
18711,Divido,https://www.divido.com
18712,Amicus Therapeutics,http://www.amicusrx.com/
18713,SmartestEnergy,http://www.smartestenergy.com/
18714,STEM,http://www.stemhealthcare.com
18715,Interxion,https://www.interxion.com
18716,Thursfields Accountancy Limited,http://www.thursfieldstax.co.uk
18717,Priory ,https://www.priorygroup.com
18718,Masentó Group,http://www.masentogroup.com
18719,Vidrio Financial LLC,http://www.vidrio.com
18720,AlixPartners,http://www.alixpartners.com/
18721,Enable,http://enable.com/
18722,Suvoda,https://www.suvoda.com
18723,GT Motive UK,http://www.gtmotive.co.uk/
18724,"Azuga, Inc.",https://www.azuga.com
18725,Tempus Ex,http://www.tempus-ex.com/
18726,Bitwise Inc,https://www.bitwiseglobal.com
18727,"Tyler Chase Recruiting, Inc",http://www.tylerchase.net
18728,"Global Agora, LLC.",http://globalagora.com
18729,Nothing Bundt Cakes,http://www.nothingbundtcakes.com
18730,Zazzle,http://www.zazzle.com/
18731,"Khaled Juffali Company, KJC",http://www.kjuffali.com/kjco/
18732,3Pillar Global,http://www.3pillarglobal.com/
18733,OneDigital Southeast,http://www.onedigital.com
18734,Fluke Health Solutions,https://www.fortive.com/fhs
18735,MRA Search,http://www.mrasearch.net
18736,Food Rocket,https://foodrocket.onelink.me/7vzO/b4740a89
18737,MJ Morgan Group,http://www.mjmorgangroup.com
18738,Sony Interactive Entertainment,http://playstation.com
18739,HealthAxis Group,http://www.healthaxis.com/
18740,SRAX,https://srax.com/
18741,Booster,https://boosterusa.com/
18742,Oxford Solutions,http://www.oxfordsolutionsinc.com/
18743,Integrity Staffing,http://www.integrity-staffing.com
18744,"CFM Partners, Inc.",http://www.CFMPartners.com
18745,Aspira,http://www.AspiraConnect.com
18746,Albany International Corp.,http://www.albint.com
18748,ADT,https://jobs.adt.com/
18749,Bergdorf Goodman,http://www.bergdorfgoodman.com
18750,INTOO USA,http://www.intoo.com/
18751,LTD Commodities,http://www.ltdcommodities.com
18752,Ventana Research,http://www.ventanaresearch.com/
18753,PipeDreams Ventures,http://www.pipedreamsventures.com
18754,Embroker,https://www.embroker.com/
18755,The Boston Beer Company,https://hcrb.fa.us2.oraclecloud.com/hcmUI/CandidateExperience/en/sites/CX
18756,Embarc Advisors,http://www.embarcadvisors.com
18757,Imagine360,http://www.imagine360.com
18758,NEIWAI,https://neiwai.life/
18759,Paro.ai,https://paro.ai
18760,Generali Global Assistance,http://us.generaliglobalassistance.com/
18761,VirtualHealth,https://www.virtualhealth.com
18762,Medal.tv,https://medal.tv
18763,Diamond T Services Inc.,http://diamondtservices.com
18764,Clearway Energy Group,https://www.clearwayenergygroup.com/
18765,ResiDex Software,http://residexsoftware.com
18766,Kearney & Company,http://www.kearneyco.com
18767,A S Logistics / Amstan Logistics,http://www.amstan.com
18768,GI Alliance,http://gialliance.com
18769,Manufactured,https://manufactured.com/
18770,Context Travel,http://www.contexttravel.com
18771,People Maketh,http://www.peoplemaketh.com/
18772,Inflammo,http://www.inflammo.co/
18773,Tandem Finance,http://www.tandemfinance.com
18774,Golin,http://golin.com
18775,Graphite,http://www.graphite.com
18776,MaxMind,http://www.maxmind.com
18777,AANSEACORE,http://www.aanseacore.com/
18778,RetailTour,http://www.retail-tour.com
18779,Recruiter Here,https://recruiterhere.com/
18780,"GeneLancet Biosciences, Inc.",https://www.genelancetbio.com/
18781,Lincoln Group,https://www.lincolngrp.com
18782,Little Secrets Chocolates,http://www.littlesecretschocolates.com
18783,Bocce's Bakery,http://www.BoccesBakery.com
18784,Real8 Group - Real Estate Executive Search Firm,http://www.real8group.com
18785,Sperax,https://www.sperax.io/
18786,G2,http://www.g2.com/
18787,SmartHop,http://www.smarthop.com?&utm_source=linkedin&utm_medium=social
18788,SwingSearch,http://swingsearch.com
18789,"Staffworks, Inc.",http://www.staffworkscny.com/
18790,Dragonfly Capital,https://www.dcp.capital/
18791,MercyOne,http://www.mercyone.org
18792,Jumo Health,http://bit.ly/2WsHc1d
18793,Huffman Associates LLC,http://www.huffmanassociates.com/
18794,Maia Strategy Group,http://www.maiastrategy.com
18795,Change Machine,https://change-machine.org
