,company_name,company_url
11736,1VALET,http://www.1valet.com/
11737,Riverlink Staffing,http://www.riverlinkstaffing.com
11738,Combine VB,http://www.combinevb.com
11739,Inpixon,https://www.inpixon.com
11740,The Canadian Medical Protective Association,http://www.cmpa-acpm.ca
11741,ZenHub,https://ZenHub.com
11742,Poka Inc.,https://www.poka.io
11743,Promethium IT Solution,http://www.promethiumitsolution.com/
11744,Firmex,https://www.firmex.com/
11745,"CityBase, Inc",http://www.thecitybase.com
11746,Coconut Software,https://www.coconutsoftware.com/
11747,BRON Studios,http://www.bronstudios.com
11748,Experience AI Solutions,http://www.experienceaisolutions.com
11749,Librestream,https://librestream.com/
11750,Ronin Group Services (a division of Ronin Way Inc.),https://roningroupservices.com/
11751,Concrete Cat,http://www.concretecat.com/
11752,Tulip,https://www.tulip.com/
11753,Kano,http://www.kanoapps.com
11754,National Bank of Canada,https://www.bnc.ca/
11755,SimplyPHP,https://www.SimplyPHP.com
11756,i-Sight,http://www.i-sight.com
11757,Stratuscent Inc,http://www.stratuscent.com
11758,icon,https://icontechnologies.ca/
11759,Dialpad,https://www.dialpad.com/
11760,Robotic Assistance Devices ,https://roboticassistancedevices.com/
11761,ArborXR,https://www.arborxr.com
11763,Omnirobotic,https://omnirobotic.com/
11764,Halcion Inc,http://www.halcioninc.com/
11765,KYYBA Inc,http://www.kyyba.com
11766,Forsta,https://www.forsta.com/
11767,Idea Theorem,https://www.ideatheorem.com
11768,Thomas & Schmidt,https://thomasandschmidt.ca/
11769,10x Genomics,https://www.10xgenomics.com/
11770,TAG HR,http://www.taghr.com/
11771,Bittensor,http://bittensor.com
11772,Tehama,http://tehama.io/
11773,Canalyst,http://canalyst.com?utm_source=linkedin&utm_medium=social&utm_content=li_page_btn
11774,DSI Recruiting,http://www.dsirecruiting.com
11775,Practice Better,https://practicebetter.io/
11776,Yellow Pencil,https://yellowpencil.com
11777,Buyatab Online Inc.,http://www.buyatab.com
11778,Beniva Consulting Group Inc.,http://www.benivagroup.com/
11779,Countable.co,https://www.countable.co
11780,KORE Wireless,http://www.korewireless.com/
11781,Unbounce,http://unbounce.com/
11782,WorldHire,http://www.worldhire.ca
11783,Element Fleet Management,https://www.elementfleet.com/
11784,BrandMaker,http://www.brandmaker.com/
11785,RWDI,http://www.rwdi.com
11786,Nöord Technologies  ,http://www.noordtechnologies.com
11787,Compest Solutions Inc.,http://www.compestsolutions.com
11788,Kontingence Recruitment,https://www.kontingence.ca/
11789,Sun Life,http://www.sunlife.com
11790,ZiMetrics Technologies,http://www.zimetrics.com
11791,Sapling,https://www.saplinghr.com?utm_source=linkedin&utm_medium=social&utm_campaign=company-profile&utm_content=cta&utm_term=visit-website
11792,Valeyo,http://www.valeyo.com/
11793,The Select Group,https://www.selectgroup.com?utm_source=linkedin-page&utm_medium=social-media
11794,New World Interactive,http://www.newworldinteractive.com/
11795,Intelex Technologies ULC,http://www.intelex.com
11796,TalentNet,http://www.talentnet.com/
11797,FFW,http://www.ffwagency.com/
11798,Aarorn Technologies Inc,https://www.aarorn.com
11799,CAE,http://www.cae.com
11800,Syngenta,http://www.syngenta.com
11801,Valuize,http://www.valuize.co
11802,Vivid Seats,http://www.vividseats.com
11803,Imhotep's Legacy Academy (ILA),https://www.dal.ca/faculty/science/imhotep.html
11804,Coveo,http://www.coveo.com/
11805,TickSmith,http://www.ticksmith.com/
11806,Agentnoon,http://agentnoon.com
11807,Hilo Labs,http://www.hilolabs.com
11808,NLPatent,https://www.nlpatent.com/
11809,Bio Conscious Technologies Inc.,http://www.bioconscious.tech
11810,Sanford Royce,https://sanfordroyce.com/
11811,Univeris,http://www.univeris.com/
11812,Resilience and Relief Foundation,http://resiliencerelief.com/
11813,sherpa°,https://www.joinsherpa.com/
11814,Brock Solutions,http://www.brocksolutions.com/
11815,Fintegro Company Inc.,http://www.fintegro.com/
11816,Tickit Health,http://www.tickithealth.com
11817,Ramani.io,http://www.ramani.io
11818,Monadical,https://monadical.com
11819,Meritek Conseil,http://www.meritek.ca
11820,Atomic.Finance,https://atomic.finance
11821,Collabera Canada Inc.,http://www.collabera.ca/
11822,NL Eats Community Outreach Inc.,http://www.nleats.com
11823,"Flight Centre Travel Group, The Americas",https://careers.fctgcareers.com/cw/en/filter/?search-keyword=&location-group=usa
11824,Pivotree,http://www.pivotree.com/
11825,Attabotics Inc.,http://www.attabotics.com/
11826,Bevertec,http://www.bevertec.com/
11827,FRAMOS,https://www.framos.com
11828,Wysdom.AI,https://wysdom.ai/
11829,CBC/Radio-Canada,https://cbc.radio-canada.ca
11830,Humi,http://www.humi.ca/
11831,Nexford University,http://www.nexford.org/
11833,Saidler & Co.,http://www.saidler.com
11834,Aluna Partners LTD,https://www.alunapartners.co.uk/
11835,ARTEMIS RECRUITMENT CONSULTANTS LIMITED,https://www.artemisrecruitment.co.uk
11836,Peppercorn AI Group,http://www.peppercornai.com
11837,OhentPay,https://www.ohentpay.com/business
11838,Redwood Publishing Recruitment,http://www.redwoodrecruitment.com
11839,PEAC Business Finance,http://www.peacfinance.com/uk/peac-business-finance/
11840,WuXi Biologics,https://www.wuxibiologics.com/
11841,Matrixport,http://www.matrixport.com
11842,The BSA Group,http://www.bsagroup.org.uk
11843,RFA,https://www.RFA.com
11844,Broadgate Search,http://www.broadgatesearch.com
11845,David Kennedy Recruitment Ltd. ,http://www.davidkennedyrecruitment.com/
11846,NHS Shared Business Services,http://www.sbs.nhs.uk
11847,EuroFinance,http://www.eurofinance.com/
11848,Grant Thornton UK LLP,http://www.grantthornton.co.uk
11849,Sine Wave Entertainment,http://sinewaveentertainment.com/
11850,Bybit,https://bybit.app.link/e/EzBfnzxxndb
11851,Gold Group,http://www.goldgroup.co.uk/
11852,Radiant Financial,http://www.radiantfinancial.co.uk
11853,IPFG,https://internationalpfg.com/
11854,Beeline Europe,https://www.beeline.com/
11855,Buckden Partners,http://www.buckdenpartners.com/
11856,Orwell Housing Association,http://www.orwell-housing.co.uk/
11857,94 TAX,https://94tax.com/
11858,CHASE ,http://www.chasepeople.com/
11859,Explore Learning,http://www.explorelearning.co.uk
11860,Consilium Recruit,http://www.consiliumrecruit.com
11861,The Co-operative Bank plc,http://www.co-operativebank.co.uk/
11862,Center for Creative Leadership,http://www.ccl.org/
11863,Jones Kemp,https://www.joneskemp.co.uk/
11864,Postify,https://www.postify.co.uk
11865,Good Club,https://goodclub.co.uk
11866,The EV Network,http://www.theevnetwork.com
11867,Eakin Healthcare Group,https://careers.eakinhealthcaregroup.com/e/careers/search/new
11868,Bright Horizons UK,https://solutions.brighthorizons.co.uk/
11869,Women for Women International,http://www.womenforwomen.org
11870,InterSystems UKI,http://www.intersystems.com/uk
11871,Idwal,http://www.idwalmarine.com
11872,Education Support Professionals Ltd,http://www.esp-recruit.co.uk
11873,XPS Pensions Group,http://www.xpsgroup.com
11874,The Bountiful Company,http://www.bountifulcompany.com
11875,OOSC CLOTHING,https://oosc-clothing.com
11876,Propelo,http://propelo.co.uk
11877,Learning Technologies Group plc,http://www.ltgplc.com/
11878,Pfizer,http://www.pfizer.com
11879,Dover Fueling Solutions,http://www.doverfuelingsolutions.com
11880,Henry Schein,http://www.henryschein.com
11881,Novuna,http://www.novuna.co.uk
11882,Shawbrook Bank,https://www.shawbrook.co.uk
11883,Bossa Games,http://www.bossastudios.com
11884,Informa Connect,https://informaconnect.com/
11885,JGA Recruitment Group,https://linktr.ee/jgarecruitment
11886,PremFina,https://www.premfina.com/
11887,Car & Classic,https://www.carandclassic.co.uk/
11888,Newtons Recruitment,http://www.newtonsjobs.co.uk/
11889,Eversheds Sutherland,http://www.eversheds-sutherland.com
11890,Patch App,http://www.patch.app/
11891,Trina Solar,https://www.trinasolar.com/en-glb
11892,Sponge,https://www.spongelearning.com/
11893,Central Recruitment Services,http://www.centralcare.co.uk
11894,Careers at Sponge,https://www.spongelearning.com/about/careers/elearning-jobs/
11895,International WELL Building Institute (IWBI),http://wellhealthsafety.com/
11896,Laird Connectivity,http://www.lairdconnect.com
11897,Project Brains,http://www.projectbrains.io/
11898,Retail Energy Code Company,https://www.retailenergycode.co.uk/
11899,A-Z Virtual Solutions,http://www.azvirtualsolutions.com
11900,Moneybarn,https://www.moneybarn.com
11901,OmniWire,https://www.omniwire.com
11902,Octopus Energy,https://octopus.energy/careers?utm_medium=social&utm_source=linkedin&utm_campaign=learn_more_button
11903,Teneo,http://www.teneo.com
11904,Kent Savers Credit Union,http://www.kentsavers.co.uk
11905,Mazars in the UK,https://www.mazars.co.uk
11906,apm,http://www.apm-global.net
11907,Financial Divisions,http://www.financialdivisions.co.uk
11908,Kuberno,http://www.kuberno.com/
11909,Design Cloud,https://designcloud.app
11910,Oxford Immunotec,http://www.oxfordimmunotec.com
11911,ePayments,http://www.epayments.com
11912,Start Network,http://www.startnetwork.org
11913,OYO UK,https://sites.google.com/oyorooms.com/freelanceagent/home
11914,Ignata Finance Group,http://www.ignatafinance.com
11915,Enigen,http://www.enigen.co.uk/
11916,Catch22,http://www.catch-22.org.uk
11917,Allegro Tax,http://www.allegro-tax.com
11918,White Hat Gaming,http://www.whitehatgaming.com/
11919,Concierge Auctions,http://www.conciergeauctions.com
11920,Battelle,http://www.Battelle.org
11921,"Rabbu, Inc.",https://rabbu.com/
11922,Grounded Solutions Network,https://groundedsolutions.org/
11923,"Thrive Portfolios, Inc.",http://www.thriveportfolios.com/
11924,Children's Minnesota,http://www.childrensmn.org
11925,Hello Temp,http://www.hellotemp.com/
11926,M Succession,https://www.manufacturingsuccession.com/
11927,A-Line Staffing Solutions,http://www.ALineStaffing.com
11928,GumGum,http://www.gumgum.com/
11929,WisdomTree Asset Management,http://www.wisdomtree.com
11930,Tetra Defense,https://www.tetradefense.com/
11931,McGriff,http://www.mcgriff.com
11932,Stanford University,http://stanford.edu
11933,Curaleaf,https://ir.curaleaf.com/
11934,Treehouse Partners,http://www.thetreehousepartners.com
11935,iConsultera,http://www.iconsultera.com/
11936,Diversis Capital,http://www.Diversis.com
11938,CVPartners,http://www.cvpartnersinc.com
11939,Chiefly Consultants,http://www.chieflyconsultants.com
11940,Eteamsys,https://www.eteamsys.com
11941,EHS Recruiting Company,http://www.ehsrecruitingcompany.com/
11942,Molekule,https://molekule.com/
11943,United Wealth Education,https://myuwe.net/
11944,"FAR Consulting, Inc.",http://www.FARconsultants.net
11945,Tango Card,http://www.tangocard.com/
11946,MTB Metals ,http://www.mtbmetals.com
11947,CIMA Consulting Group,http://cimacg.com/
11948,Pigment,https://gopigment.com
11949,"HDH Advisors, LLC",http://hdhadvisorsllc.com/
