,company_name,company_url
39406,Teknova,http://www.teknova.com/
39407,Marker Learning,http://www.markerlearning.com/
39408,Magnet Search Group Inc.,http://www.magnetsearch.ca
39409,Cardknox,http://www.cardknox.com/
39410,Multiview Financial Software,http://www.multiviewcorp.com
39411,The Plumtree Group Global,https://www.plumtreegroup.net/
39412,TCS World Travel,https://www.tcsworldtravel.com/
39413,Shapeshift 3D,http://shapeshift3d.com/
39414,Round Barn Labs,http://www.RoundBarnLabs.com
39415,Edge Auto Rental,http://www.edgeautorental.com
39416,MVP Recruiters,http://www.mvprecruiters.com
39417,HONCHO,http://honchoexecutive.com
39418,Alloy Automation,http://runalloy.com
39419,Whitelabeled Media,https://whitelabeledmedia.com/
39420,Email Allstars,http://www.emailallstars.com
39421,Foxconn,https://www.foxconn.com/
39422,1Kosmos,https://www.1kosmos.com/
39423,Swenson He,http://www.swensonhe.com
39424,Matter Neuroscience,https://matter.xyz/
39425,Great Jakes,http://www.greatjakes.com/
39426,Click-Industries LLC,http://click-industries.com/
39427,Market Performance Group,http://www.marketperformancegroup.com/?utm_source=linkedin&utm_medium=button
39428,Vapotherm,http://www.vapotherm.com
39429,MicroVentures,https://microventures.com
39430,Kalibri Labs,https://www.kalibrilabs.com/
39431,Prorese,https://www.prorese.com/
39432,Fortified Health Security,http://www.fortifiedhealthsecurity.com/
39433,Zenbooks,https://www.zenbooks.ca
39434,Thirty-One Gifts,https://www.mythirtyone.com/us/en/info/careers
39435,ZEISS Microscopy,https://www.zeiss.com/microscopy
39436,GameChanger,http://www.gc.com/
39437,TUFF Media,https://www.tuffmedia.ca/
39438,Insurance Brokers of Arizona - IBOAZ,https://insurancebrokersofaz.com/
39439,GRID Network ,https://www.gridranking.com/
39440,Ad Results Media,https://www.adresultsmedia.com/
39441,Decentralised Energy Canada (DEC),https://www.deassociation.ca/
39442,ePromos Promotional Products,https://www.epromos.com/?utm_source=linkedin&utm_medium=social&utm_campaign=li-cta
39443,Digital Thinker,http://www.isabellawang.us
39444,Uvagut TV,uvagut.tv
39445,HealthCare Partners,https://jobs.davitamedicalgroup.com/
39446,KIXEYE,http://corp.kixeye.com/
39447,Aisle Rocket,http://www.aislerocket.com
39448,Xemoto Media Ltd.,http://xemoto.media
39449,Mentium.io,http://mentium.io/
39450,Tier10 Advertising,https://www.Tier10.com
39451,Robindale Media ,https://robindalemedia.com/contact-2/
39452,Smerconish.com,https://www.smerconish.com/
39453,Jrae Consulting Inc.,http://www.jraeconsultinginc.com
39454,Winsupply,http://www.winsupplyinc.com
39455,LeadVision,https://leadvision.com
39456,REA Group,http://www.rea-group.com/
39457,Viget,http://viget.com
39458,Genius,http://genius.com
39459,Teleflora,http://www.teleflora.com
39460,The Mobile Shop,https://www.themobileshop.ca/
39461,Velentium,http://www.velentium.com
39462,Sandstone Care,http://www.sandstonecare.com/
39463,Eco Quality Solutions®,http://www.ecoqualitysolutions.com
39464,44 North Digital Marketing,https://fortyfournorth.ca
39465,More Recruitment,http://morerecruitment.nl
39466,LS Media,https://www.lsmedia.com
39467,iPullRank,https://ipullrank.com/?utm_source=linkedin&utm_medium=social&utm_campaign=button
39468,Accelerated Digital Media,https://www.accelerateddigitalmedia.com/
39469,The Freer Agency ,https://thefreeragency.com/
39470,CuliNex,http://culinex.biz/
39471,SeasonedPros.ca,http://www.seasonedpros.ca
39472,ChargeHub - by Mogile Technologies Inc,https://chargehub.com
39473,Grey Matter,http://www.GoGreyMatter.com
39474,OM Performance Marketers,http://www.growwithom.com/
39475,EC-Council,https://www.eccouncil.org/
39476,Senspire,http://flavorstudio.com/
39477,Table Rock,http://www.tablerockmanagement.com/
39478,BuzzFeed,http://www.buzzfeed.com
39479,Crozer Health,https://www.crozerhealth.org/
39480,Mindera - United States,https://mindera.com/
39481,Fusion Risk Management,https://www.fusionrm.com
39482,Getsell_IT,https://www.facebook.com/getofferusa/
39483,ZERO TO THREE,http://zerotothree.org/
39484,ConversionSpree LLC,https://www.conversionspree.com
39485,Adventure Woof Pack,https://adventurewoofpack.com/
39486,Grip,http://gripadvertising.com
39487,Team Handoff,http://www.teamhandoff.com
39488,DAYTA Marketing,http://www.daytamarketing.com/
39489,"Kerkhoff Technologies, Inc.",http://www.kerkhofftech.ca
39490,Phase Genomics,https://phasegenomics.com
39491,ACA Talent,http://www.acatalent.com
39492,Lumisave Industrial LED Technologies Ltd.,http://www.lumisave.com
39493,"Oscillas Technologies, Inc.",http://oscillas.com
39494,Source Management,http://www.sourcemanagement-inc.com
39495,Deckers Brands,http://www.deckers.com
39496,LogicalDox,https://www.logicaldox.com
39497,Marsh McLennan Agency,https://www.marshmma.com/
39498,Single Source,http://www.singlesource.com
39499,SimplyAsk,https://simplyask.ai/
39501,Medical Guardian,http://www.MedicalGuardian.com
39502,Learn to Thrive,http://www.learntothrive.co.uk
39503,SECURA Insurance,http://www.secura.net
39504,CRAFTSMAN+,https://craftsmanplus.com
39505,Nouryon,https://www.nouryon.com
39506,Preciate,https://www.preciate.com/
39507,Pure Search,http://www.puresearch.com
39508,Tibles,http://www.tibles.com
39509,"Act+Acre, Inc.",http://actandacre.com
39510,Ombraz,https://ombraz.com/pages/careers
39511,Zira,http://zira.us
39512,Panda Health,http://www.panda.health
39513,EPL Digital,http://www.epldigital.com/
39514,FACEGYM,https://facegym.com/
39515,JG Planning & Consulting,https://www.jgplanningandconsulting.com/
39516,Prospect Bacon,https://www.prospectbacon.com/
39517,Celegence,https://www.celegence.com/
39518,Atomic Invest,https://www.atomicvest.com/
39519,Universal Standard,http://www.universalstandard.com/
39520,"Boehringer Laboratories, LLC",http://www.boehringerlabs.com
39521,Vivo Cura Health,https://vivocura.ca/
39522,Corporate Central Credit Union,http://corpcu.com
39524,Bluebonnet Feeds,http://www.bluebonnetfeeds.com
39525,Vigilante Marketing,https://vigilante.marketing/
39526,LSQ,https://www.lsq.com/
39527,BDG,https://www.bdg.com/
39528,FAT Brands Inc.,https://www.fatbrands.com/
39529,ZAR IT Solutions,https://www.zarit.com
39531,Seed Health,http://seedhealth.com
39532,Adpearance,https://adpearance.com/
39533,Trusscore,https://www.trusscore.com?utm_medium=social&utm_source=linkedin&utm_campaign=ongoing&utm_content=website&utm_term=profile_button
39534,Camelot Strategic Marketing & Media,http://www.camelotsmm.com/
39535,Pinnacle Realty Advisors,http://www.pinnaclera.com/
39536,Barnard College,http://barnard.edu
39537,Honey-Can-Do International LLC,http://www.honeycando.com
39538,"United States Luggage Company, LLC",https://www.usluggage.com/
39539,Savant Zorg,#
39540,MNDFL,http://www.mndflmeditation.com
39541,Pet Supplies Plus,http://www.petsuppliesplus.com
39542,Hueman Group Media,https://www.huemangroupmedia.com/
39543,"Nev's Ink, Inc.",http://www.nevsink.com
39544,Wellness Impact Partners,https://www.wellnessip.ca/
39545,Emarsys,http://www.emarsys.com/?utm_source=linkedin&utm_medium=about_us
39546,"Journey, The Antidote Within",http://www.myjourney.coach/
39547,North Shore Smile Surgery,https://www.smilesurgery.com/
39548,TEK NINJAS,http://tekninjas.com/
39549,Eve Capital LLC,http://www.evecap.com
39550,"Precision Laboratories, LLC",https://www.precisionlab.com/
39551,"Jumpgate Solutions, LLC",http://jumpgatesolutions.com/
39552,Association of Faculties of Medicine of Canada,https://afmc.ca/
39553,Trinsic,https://trinsic.id/
39554,Vert and Vogue,http://www.vertandvogue.com
39555,IMI Hydronic Engineering,http://www.imi-hydronic.com/
39556,"Hound Labs, Inc.",http://www.houndlabs.com/
39557,The Chartis Group,http://www.chartis.com/
39558,inSided by Gainsight,http://www.insided.com?utm_campaign=Customer%20Success%202020&utm_source=linkedin&utm_medium=social&utm_content=linkedin_bio
39559,gigElev,https://www.gigelev.com/home
39560,Unified,https://unified.com/
39561,Levro,http://www.levro.com
39562,Cambio Creative,http://www.cambiocreative.com/
39563,WonderDads,https://get.wonderdads.com/
39564,Global Industrial Company,https://www.globalindustrial.com
39565,APATICS,http://www.apatics.net
39566,Clinical Trial Technology Solutions,http://www.cttsusa.com/
39567,Ritual,https://ritual.com
39568,Big Little Feelings,https://biglittlefeelings.com/
39569,NXT Wave Talent,http://www.nxtwavetalent.com
39570,Bloom Recruiting,http://www.bloomrecruiting.com
39571,Pekin Hardy Strauss Wealth Management,https://pekinhardy.com/
39572,Crunchy Links,https://crunchylinks.com/?utm_source=linkedin&utm_medium=referral
39573,Framework,https://frame.work/
39574,Photographers Without Borders,https://www.photographerswithoutborders.org
39575,Blinkist,https://www.blinkist.com/jobs
39576,Xoxoday,https://www.xoxoday.com/
39577,Apex Group | EXP Realty,https://apexgroupnw.com/
39578,Extra Sauce Agency,http://www.extrasauceagency.com
39579,iRevOps360,https://www.irevops360.com
39580,Strive Medical,http://www.strivemedical.com
39581,Laboratory Testing Inc.,https://www.labtesting.com
39582,Pulse Technologies,http://www.pulsetechnologies.com
39583,"BioMed Valley Discoveries, Inc.",http://www.biomed-valley.com
39584,Haehl Family Financial,http://www.haehlagency.com/
39585,Breach Secure Now!,http://www.breachsecurenow.com/cybersecurity-awareness-training/
39586,ZeroTo1,http://zeroto1.co
39587,HyperVelocity Consulting,http://www.hypervelocityconsulting.com
39588,OneScreen.AI,https://www.onescreen.ai
39589,Beamdog,http://www.beamdog.com
39590,The Game Band,http://thegameband.com
39591,Bonneville International,http://www.bonneville.com
39592,Iron-Willed Fitness,https://www.facebook.com/IronWilledFitness
39593,Pudu Robotics,https://www.pudutech.com/en?source=linkedin
39594,Call Center Guys,http://www.callcenterguys.com
39595,Animal Necessity,http://animalnecessity.com/
39596,NRTC Automation,http://www.nrtcautomation.com?utm_medium=social&utm_source=linkedin
39597,MJS Packaging,http://www.mjspackaging.com/
39598,PSI (Proteam Solutions Inc),http://www.psi92.com
39599,Æolus Digital,https://aeolusdigital.com
39600,Avenue i Media,http://www.avenueimedia.com
39601,MedWorth Recruiting LLC,http://www.medworthrecruiting.com
39602,"Tutti Quanti, LLC",http://www.tuttiquanti.us
39603,"I.K. Hofmann USA, Inc.",http://www.hofmannUSA.com
39604,Mini Mall Storage Properties,https://www.minimallstorage.com/
39605,Velaro,https://velaro.com/
39607,Office Practicum,https://www.officepracticum.com/getting-started/
39608,FlightBridge,http://www.flightbridge.com
39609,GSI,http://www.gsicorp.com
39610,GoHealth Urgent Care,http://www.gohealthuc.com
39611,Alder Creek Consulting,http://www.AspenTelluride.com
39612,Workforce Opportunity Services,http://www.wforce.org/
39613,XO,https://www.flyxo.com/
39614,Wall Colmonoy,http://www.wallcolmonoy.com
39615,Takeoff - Web Design Agency for B2b Tech,https://www.takeoffnyc.com/?utm_source=linkedin&utm_medium=company_page&utm_campaign=ongoing
39616,"Rising Star Ideas, LLC",http://risingstarideas.com
39617,PrideOne,http://www.prideone.com/
39618,Mutual of Omaha Reverse Mortgage,https://mutualreverse.com/contact-us-new/
39619,Altai Systems,http://www.altaisystems.com/
39620,Webstacks,https://www.webstacks.com/
