,company_name,company_url
41992,QIMA,https://www.qima.com
41993,AIT Global India,https://www.aitglobalindia.com/
41994,The Data Supermarket,https://www.thedatasupermarket.com
41995,Littlepay,http://littlepay.com/
41996,Astyra Corporation,http://www.astyra.com
41997,Intevity,https://www.intevity.com/
41998,Ethernovia,https://www.ethernovia.com/
41999,Digital Alliance,https://DigitalAllianceMedia.com
42000,"Crown Point Technologies, LLC",https://crownpoint.tech
42001,Siri Software Solutions Ltd,http://www.sirisoftsol.com
42002,Southwest Search,http://www.southwestsearch.net
42003,ProjectAI,http://www.projectai.com
42004,Learning Genie,https://www.learning-genie.com/
42005,Simpson Property Group,http://www.simpsonproperty.com.au
42006,Govenda,https://www.govenda.com/
42007,RevenueCat,http://www.revenuecat.com
42008,Brine Group,http://www.brinegroup.com
42009,Kymeta Corporation,http://www.kymetacorp.com
42010,30Acres,http://www.30acres.com/
42011,TechSur Solutions,https://techsur.solutions/
42012,catch&release,http://catchandrelease.com/
42013,Octane11,https://www.octane11.com
42014,Strategio,https://strategio.tech/
42015,Progrexion,http://www.progrexion.com/careers
42016,"Aperio Global, LLC",http://www.aperioglobal.com/
42017,Knox Networks,https://www.knox-networks.com/
42018,St. Onge Company,http://www.stonge.com
42019,UMortgage,https://umortgage.com/careers/
42020,Xata.io,http://xata.io
42021,"Diversified Technical Services, Inc. (DTSI)",http://www.dtsi.com/
42022,Bravo Care,http://BravoCare.com/
42023,Ocean Health Systems,https://oceanhealthsystems.com/
42024,Now100,https://www.now100.com
42025,NEXTGEN Group,https://nextgen.group
42026,Black Box Co,http://www.blackboxco.com.au
42027,Luttechub,http://www.luttechub.com
42028,MHK,http://mhk.com
42029,Davis Technology Management,https://www.davistm.com
42030,CareBridge,https://www.carebridgehealth.com/
42031,Octillion,http://www.octillion.tech/
42032,University of Vermont,http://www.uvm.edu
42033,Maris Consulting Group℠,https://www.mariscg.com
42034,Nominal Systems,https://www.nominalsys.com/
42035,Orbit Recruitment Group ,http://www.orbitrg.com
42036,Hoylu,http://www.hoylu.com/
42037,Telnet inc,https://www.telnet-inc.com/
42038,IT Resonance Inc,http://itresonance.com
42039,Sequencing,https://Sequencing.com
42040,Torch.AI,http://TORCH.AI
42041,KS2 Technologies,http://ks2inc.com
42042,Talent Intelligence Executive Solutions (TIES),http://ties.tech
42043,AgriSompo North America,https://www.sompo-intl.com/insurance/products/agriculture/
42044,"BioLife Solutions, Inc.",http://www.biolifesolutions.com/
42045,Tafi,http://www.maketafi.com
42046,Intertec Engineering Solutions & Consulting,https://www.intertecintl.com/
42047,Nu Skin,http://www.nuskin.com/
42048,Clear Function,http://clearfunction.com
42049,Mindseeker Professional Services,https://mindseeker.com
42050,BroadPoint Group,http://www.broadpointgroup.com
42051,Phoenix Technologies,https://www.phoenix.com
42052,AbsenceSoft,http://www.absencesoft.com
42053,SnS Global Corporation dba Horizon Staffing,http://www.snsglobalstaffing.com
42054,AMP Research | A Truck Hero Company,http://www.amp-research.com
42055,"Pragmatics, Inc.",http://www.pragmatics.com
42056,ActSeed Corporation,http://www.actseed.com
42057,TASC (Total Administrative Services Corporation),http://www.tasconline.com/
42058,Demeter Logistics,http://www.demeterlogistics.com/
42059,GeekHunter Brasil,https://www.geekhunter.com.br/
42060,Sunpro Solar Energy Specialists,https://www.gosunpro.com/
42061,Turnstile,https://www.tryturnstile.com
42062,Federal Reserve Bank of Kansas City,http://www.kansascityfed.org
42063,SpiceOrb,http://www.spiceorb.com/
42064,FalconTek,http://www.falcontek.com
42065,Groundswell,https://www.trygroundswell.com
42066,Third Eye Health,https://thirdeyehealth.net/
42067,Zensa LLC.,https://www.zensa.co/
42068,EFC Systems,http://www.efcsystems.com
42070,Tek Business Solutions LLC,http://tekbusinesssolutions.com
42071,EarthShift Global,https://www.earthshiftglobal.com/
42072,"CareMax, Inc.",http://www.caremax.com/
42073,Bee Digital Ltd,https://beedigital.marketing
42074,RennerBrown,http://www.rennerbrown.com
42075,MediFind,https://medifind.com/
42076,Piction Health,http://www.pictionhealth.com
42077,Teamworks,http://www.teamworks.com/
42078,"CompuMed, Inc.",https://compumedinc.com
42079,Journeyage,https://journeyage.com/
42080,Anti-Defamation League,http://www.adl.org/
42081,Hyre.,http://www.hyre.com.au
42082,Marsh International Group,http://marshig.com
42083,The Arcadia Group,http://arcadiamgroup.com
42084,VN Consultancy Services,http://www.vnconsultancy.org
42085,Sravz LLC,http://jobs.sravz.com/
42086,BEST Lending Co,http://bestlendingco.com
42087,DAIDEC Analytics,https://www.daidec.com/
42088,Preava,https://www.preava.com/
42089,Dystr,https://dystr.com/
42090,Genesis NGN,https://www.genesisngn.com
42091,Matra Group,https://thematragroup.in
42092,KeyLogic (previously IIA),http://www.keylogic.com
42093,Flip Out UK ,https://www.flipout.co.uk
42094,Software People Inc.,http://www.softwarepeople.us
42096,Events.com,http://www.events.com/
42097,Entelli Consulting,http://www.entelli.com
42098,SCOUT Solutions,http://www.scoutsolutions.net/
42099,Verikai,https://www.verikai.com/
42100,BEMO,http://www.bemopro.com
42101,WB Games Boston,https://careers.wbgames.com/studios/boston/
42102,Climavision,http://www.climavision.com
42103,BAO Systems,http://www.baosystems.com/
42104,Turntide Technologies,http://www.turntide.com
42106,"Nyquist Data, Inc.",https://nyquistdata.com/
42107,Duro,https://www.durolabs.co/
42108,ArkssTech - Dedicated IT Team,https://arksstech.com/
42109,Symphony Search,http://symphonysearchinc.com
42110,Competence Skills Pvt Ltd,http://competenceskills.com/
42111,Xylo Technologies,http://www.xylotechnologies.com
42112,Ranger Design,http://rangerdesign.com/
42113,Mountain Sports Distribution,http://mountainsportsdistribution.com
42114,VaporVM,https://www.vaporvm.com
42115,Createch - Creative + Tech Staffing,http://www.createch.com
42116,Seashell,https://www.seashell.com/
42117,Dragon Army,http://www.dragonarmy.com/
42118,Dogwood Services Inc.,http://www.dogwoodservices.com
42119,The National Society of Leadership and Success,http://www.nsls.org/
42120,"Guest Services, Inc.",http://www.guestservices.com
42121,Foretellix,http://www.foretellix.com/
42122,Favorite Healthcare Staffing,https://www.favoritestaffing.com/
42123,Ascend National Healthcare Staffing,http://ascendnational.com/
42124,Haag Global,http://haagglobal.com/
42125,Guided Insurance Solutions,http://guidedsolutions.com/
42126,"Radiac Abrasives, A TYROLIT Company",https://radiac.com/
42127,Hinge Talent,http://www.hingetalent.com
42128,"Revolving Games, Inc.",https://revolvinggames.com/
42129,Ascletis Pharma Inc.,https://www.ascletis.com/
42130,Leotek Electronics USA LLC,http://www.leotek.com/
42131,Modern Craft,http://www.themoderncraft.com
42132,TrustYou,https://bit.ly/3pj1Crd
42133,VieMed Healthcare,http://www.viemed.com
42134,"PWCC Marketplace, LLC",https://linktr.ee/PWCCMarketplace
42135,JMP Solutions,https://www.jmpsolutions.com/
42136,Thuma,http://thuma.co
42137,PIA Media ,http://www.piamedia.com
42138,CubiCasa,http://www.cubi.casa
42140,Primus Software Corporation,http://www.primussoft.com
42141,Firefly Partners,http://www.fireflypartners.com/
42142,Irving Knight Group,http://www.irvingknight.com/
42143,RSI,http://rsidelivers.com/
42144,NEFCO,https://www.gonefco.com
42145,Edify,https://www.edify.cx/
42146,Kal Tire Mining Tire Group,http://www.kaltiremining.com/
42147,Bluefin Payment Systems,http://www.bluefin.com/
42148,SimX,https://www.simxvr.com
42149,HRWize,http://www.hrwize.com
42150,Boomjam,https://boomjam.com
42151,CSR-in-Action Group,https://linktr.ee/csrinaction
42152,7 Figure Automation,https://7figureautomation.com?utm_source=linkedin&utm_medium=organic_social
42153,UX MAGICIANS,http://www.uxmagicians.com
42154,"Aspired Solutions, INC",https://aspiredsolutions.com/
42155,ALTR,https://www.altr.com
42156,AIRTIME MEDIA,http://www.myairtime.net
42157,上海泓博智源医药股份有限公司,http://www.pharmaresources.cn/
42158,B.E. Blank & Company,https://beblankco.com
42159,InfoSync ,https://www.issvc.com/
42160,Skin & Aesthetic Centers,http://www.skinandaesthetic.com/
42161,MMI Industries,http://www.mmi-industries.com
42162,Niad Systems Inc,http://www.niadsystems.com/
42163,KB Search Team,http://www.kbsearchteam.com
42164,ICE,http://www.ice.com/
42165,Fortis Life Sciences,http://www.fortislife.com
42166,essensys,http://www.essensys.tech
42167,Tosca,https://www.toscaltd.com/?utm_source=linkedin&utm_medium=social&utm_campaign=linkedin-company-page
42168,PMMC,http://www.PMMConline.com
42169,Atomic Recruiting,http://www.atomicrecruiting.com
42170,Card,http://www.card.nl
42171,Ayar Labs,http://ayarlabs.com
42172,"Tecomet, Inc",https://www.tecomet.com
42173,Rise Marketing,http://rise.co
42174,Newance ,http://www.newance.co/
42175,Ascend Performance Materials,http://www.ascendmaterials.com
42176,Encore Renewable Energy,http://www.encorerenewableenergy.com/
42177,Onslow Bay Financial,http://onslowbayfinancial.com/
42178,Xendat Data & Analytics,http://www.xendat.com/
42179,Skyward,http://www.skywarditsolutions.com
42180,Leaman Life Sciences,http://www.leamanlifesciences.com/
42181,CarSaver,http://www.carsaver.com/
42182,Earnest Research,http://earnestresearch.com
42183,Dekaf Digital,https://dekafdigital.com/contact/
42184,CONTROP Precision Technologies Ltd.,https://www.controp.com
42185,PDQ.com,http://www.PDQ.com
42186,Liferay,http://www.liferay.com?utm_source=linkedin&utm_medium=social&utm_campaign=7010g000000nK1uAAE&utm_content=linkedin-page-button
42187,PICPA,https://www.picpa.org/
42188,RoadSync,https://roadsync.com/
42189,Delhivery,https://www.delhivery.com/
42190,Energi Core,https://energi.world
42191,Dynamo Energy Hub,https://dynamoenergyhub.com/
42192,EVF Management,http://www.evfmgmt.com
42193,Concurrent Technologies Corporation,http://www.ctc.com
42194,Plastic Executive Recruiters,http://www.plasticexecutives.com
42195,Elodie Games,https://elodie.games
42196,GTECH LLC,http://www.greattechglobal.com
42197,Food Sales East,http://fse.us.com/
42198,"EC Innovations, Inc.",https://www.ecinnovations.com/
42199,Jet Aviation,http://www.jetaviation.com
42200,EcoPlants,https://www.ecoplants.tech/en
42201,Lucrescent Bearing Corporation ,https://www.lucre-usa.com/
42202,Almac Group,http://www.almacgroup.com
42203,Advancing Eco Agriculture,http://advancingecoag.com/
42204,Nulli - Identity Management,https://www.nulli.com
42205,Janie and Jack,http://www.janieandjack.com
42206,VizExplorer,http://www.vizexplorer.com
