,company_name,company_url
22650,HRS Hospitality & Retail Systems,http://www.hrsinternational.com
22651,Move The World,http://www.movetheworld.co
22652,"PracticeSuite, Inc.",https://www.practicesuite.com
22653,BerkOne,https://berkone.com/
22654,Allocations,http://www.allocations.com/
22655,Office Angels,http://www.office-angels.com
22656,Nobel Biocare,http://www.nobelbiocare.com/
22657,ForAfrika,http://www.forafrika.org/
22658,MNS Talent and Consulting,http://mnstalentandconsulting.com
22659,VIVA USA INC,https://www.viva-it.com
22660,Odore,http://www.odore.com?utm_source=linkedin&utm_medium=social&utm_campaign=awareness&utm_term=fans&utm_content=custom-button-li-profile
22661,Baam,https://baam.com/
22662,DigitalXRAID Ltd,https://www.digitalxraid.com/
22663,Thirdfort,https://thirdfort.com/
22664,EPHealthcare,http://www.ephealthcare.com.au
22665,DARA TRADE,https://dara.trade
22666,WSI Net Advantage,http://www.wsinetadvantage.com/
22667,"Executive Option, LLC",https://executiveops.us
22668,DiMassimo Goldstein,http://www.digobrands.com/
22669,JoVE,http://www.jove.com
22670,Hartford HealthCare at Home,https://hartfordhealthcare.org/locations-partners/hartford-healthcare-at-home
22671,DIGI AMERICA INC,https://www.digisystem.com/us/
22672,MCA Cross Border Advisors Inc.,http://www.mcacrossborder.com
22673,Xceedance,https://xceedance.com/
22674,Group Black,https://www.groupblack.co/
22675,Dent Reality,https://DentReality.com
22676,Save the Children International,http://www.savethechildren.net/
22677,"LGMG North America, Inc.",https://lgmgna.com/
22678,Multiplied,https://multiplied.io/
22679,Oberto Snacks Inc.,http://www.oberto.com/
22680,"Search Inc. (New York, NY)",http://www.search-inc.com/
22681,Spinnaker Support,https://spinnakersupport.com
22682,gsn,https://www.gsn.com.au
22683,Walman,http://www.walman.com
22684,Medplace,http://medplace.com/
22685,AYLIEN,https://aylien.com/
22686,Pally,http://www.getpally.com/
22687,Plerion,https://plerion.com/
22688,Kantata,https://www.kantata.com/
22689,air up,https://www.air-up.com/
22690,State of Florida,http://www.myflorida.com/
22691,LUMICKS,https://lumicks.com/
22692,WellNow Urgent Care,http://www.wellnow.com
22693,Uptime Institute,http://uptimeinstitute.com/
22694,Splice,https://worklife.splice.com
22695,Ambition,http://www.ambitiongrouplimited.com/
22696,Ionize,https://ionize.com.au/
22697,Applicita Ltd,http://www.applicita.com/
22698,Eventfinity,http://eventfinity.co
22699,Collinson,http://www.collinsongroup.com/en
22700,Collette,http://www.gocollette.com/
22701,Buzzgen Media,http://www.buzzgen.com/
22702,Taiwanese Credit Union (台灣信用合作社),http://www.tctcu.com
22703,Yakusan Brand Experience Group,http://www.yakusan.com
22704,Taktical Digital,http://www.taktical.co
22705,IPG Health,http://www.ipghealth.com/
22706,Talent Forte,http://www.talentforte.co.uk/
22707,Intralox,http://www.intralox.com
22708,Simbec-Orion,https://www.simbecorion.com/
22709,DLA Piper,https://www.dlapiper.com
22710,PlanRadar,http://www.planradar.com/
22711,ZeroLight,https://www.zerolight.com
22712,Talent Basket,http://www.talentbasket.com/
22713,Worldwide Webb,http://www.webb.game
22714,Marshall,http://www.marshallgroup.co.uk/
22715,Centrilogic,https://www.centrilogic.com/
22716,Leonardo DRS,http://www.leonardodrs.com/
22717,Attio,https://attio.com/
22718,Whizdom Recruitment ,https://www.whizdom.com.au/
22719,Dexerto,http://www.dexerto.media/
22720,SHOEBOX Ltd.,https://www.shoebox.md
22721,Marine Advanced Robotics | An OPT Company,https://www.wam-v.com/
22722,Conduktor,https://www.conduktor.io/
22723,The Dream Life Diary,https://www.thedreamlifediary.com/li
22724,Gem,http://www.gem.com
22725,My Virtual Mate ,http://myvirtualmate.com.au/
22726,Officeworks,http://www.officeworks.com.au
22727,Queensland Health,http://www.health.qld.gov.au/
22728,TRG Screen,https://www.trgscreen.com/
22729,Ableton,http://www.ableton.com
22730,The Candidate Recruitment Agency,http://www.thecandidate.co.uk
22731,Stewart Title,http://www.stewart.com
22732,NEOVA® SmartSkincare,https://www.neova.com
22733,InterCity Partners Ltd,http://www.intercitypartners.com/
22734,CannabizTeam - Executive Search and Staffing,https://cannabizteam.com/
22735,Canada Place Dental & Wellness,http://canadaplacedental.com/
22736,Red Spark,#
22737,OSP,https://www.osplabs.com/
22738,WPT Global,https://wptglobal.com
22739,Ambit,https://ambit.careers
22740,Flinders University,http://www.flinders.edu.au
22741,Athlete Career Placement,http://www.athletecareerplacement.com/
22742,"Rapid Robotics, Inc",https://rapidrobotics.com
22743,AMZ Pathfinder,https://www.amzpathfinder.com/
22744,WinMagic,http://www.winmagic.com
22745,Nym Technologies SA,https://nymtech.net
22746,Abbeyfield,http://www.abbeyfield.com
22747,Darklabs,https://dark-labs.com/
22748,Cholangiocarcinoma Foundation,http://www.cholangiocarcinoma.org/
22749,HIVE - Hampton Institute of Vocational Education RTO #22341 ,http://www.hive.edu.au/
22750,IoTecha Corp,http://www.iotecha.com/
22751,SiriusXM,http://www.siriusxm.com
22752,Outgo,http://www.outgo.com/
22753,NewX Energy,http://newx.energy/
22754,Cloud Recruitment Company,http://www.thecloudrec.com
22755,PTSD Resolution,http://www.ptsdresolution.org/
22756,UProspr,http://www.uprospr.com/
22757,SegmentStream,https://segmentstream.com/
22758,Department of Corrections NZ,https://www.corrections.govt.nz
22759,Continuum Solutions,http://www.continuum-lp.com
22760,NANA,http://www.nana.com
22761,Oceaneering,http://www.oceaneering.com
22762,Shift Accounting ,http://www.shiftacct.com/
22763,NCF Indiana,http://www.ncfgiving.com/indiana
22764,Tenpath,http://www.tenpath.com
22765,InvestaX,https://investax.io/
22766,Catena Media,https://www.catenamedia.com
22767,Connected Risk Solutions,https://connectedrisksolutions.com/
22768,Activate Group Limited,http://www.activate-group.com/
22769,Enerpac Tool Group,http://enerpactoolgroup.com
22771,DEKRA Automotive Ltd,https://www.dekra-uk.co.uk/en/business-consulting/
22772,Dometic,http://www.dometic.com/
22773,Anderson Advisors,https://andersonadvisorsmn.com
22774,Torque Agency Group,http://www.torqueagencygroup.com/
22775,SAFRA National Service Association,http://www.safra.sg
22776,Stonhard Canada,http://www.stonhard.ca/
22777,Currency Exchange International,https://www.ceifx.com/
22778,MSA - The Safety Company,http://www.MSAsafety.com
22779,iGear.com.au,http://www.igear.com.au
22780,Aquila,http://www.aquilasw.com
22781,Houston Methodist,http://www.houstonmethodist.org
22782,Management Dynamics,http://www.management-dynamics.com
22783,Colibrity,https://colibrity.com/
22784,Strike Force Sales Pty Ltd,http://www.strikeforcesales.com.au
22785,"MDLIVE, an Evernorth company",http://www.mdlive.com
22786,GK8,http://GK8.io
22787,Prince's Trust Canada,https://www.princestrust.ca
22788,MODE Recruitment,http://moderecruitment.com
22789,"Navigator Sales and Marketing, LLC",http://www.navigatorsales.com
22790,TicketSocket,http://www.ticketsocket.com
22791,Mastered,http://join.mastered.com
22792,CitySprint,https://www.citysprint.co.uk
22793,DVG Tech Solutions LLC,http://www.dvgts.com
22794,Trellis,https://www.yourtrellis.co.uk
22795,Guideline Healthcare,http://www.guidelinehealthcare.com/
22796,InductiveHealth Informatics,http://inductivehealth.com
22797,Acnovate Corporation,http://www.acnovate.com
22798,RE:DISCOVER,http://rediscoverltd.co.uk
22799,Simplus Australia,https://simplusaustralia.com.au/
22800,FARO Technologies,http://www.faro.com/
22801,Online Marketing Gurus,https://www.onlinemarketinggurus.com.au/
22802,CSC TCI,https://www.taxcomp.com
22803,DYOPATH,http://www.DYOPATH.com
22804,A Life Unlimited,http://www.remove-the-limits.com/
22805,shilo.people,https://www.shilopeople.com/
22806,Respondent,http://www.respondent.io/
22807,Cyborn,http://www.cybornnft.com
22808,I Will Tell International Film Festival ,http://www.iwilltell.com/
22809,msk.ai,http://msk.ai
22810,SafetyChain Software,https://www.safetychain.com/
22811,Ubersuggest by NP Digital,https://neilpatel.com/ubersuggest/
22812,Foolproof,https://www.foolproof.co.uk/services/
22813,TITLE Boxing Club,http://www.titleboxingclub.com
22814,Performio,https://www.performio.co/
22815,Respect,http://www.respect.com.au
22816,MarineTraffic,http://www.marinetraffic.com
22817,"RightWorks Staffing, Inc.",http://www.rightworksinc.com
22818,Nest Wealth,http://www.nestwealth.com
22819,"ADM Talent Recruiting, LLC",http://www.admtalentllc.com/
22820,Senior Lifestyle,http://www.seniorlifestyle.com
22821,Behavidence,http://www.behavidence.com
22822,BioMark,http://www.biomarking.com
22823,CCL Global,http://www.cclglobal.com
22824,MGA Homecare,http://www.mgahomecare.com/
22825,DeFacto,http://www.defacto.com.tr/
22826,Cedar Electronics,http://www.cedarelectronics.com
22827,North American Advertising Agency,http://www.NorthAmericanAdvertising.com
22828,Cannabis At Work,http://www.cannabisatwork.com
22829,Parse Biosciences,http://www.parsebiosciences.com
22830,"Advanced Drainage Systems, Inc.",http://www.adspipe.com
22831,Agile Recruit,http://www.agilerecruit.com
22832,F1000 ,https://f1000.com/
22833,Walter Surface Technologies,http://www.walter.com
22834,Claire's,http://www.claires.com
22835,Allego,https://www.allego.com/
22836,Page Executive,http://www.pageexecutive.com
22837,Castille - The Global Specialist Network in Tech and Finance,http://www.castillians.com
22838,"IMA Financial Group, Inc.",http://www.imacorp.com
22839,Vodafone,http://www.vodafone.com
22840,Blizzard Entertainment,https://careers.blizzard.com/?utm_source=linkedin
22841,Amplify Credit Union,http://www.goamplify.com/
22842,Startr Co.,http://www.startrco.com/
22843,NSTR Renewables,http://www.nstr-renewables.co.uk
22844,Urbanime,https://urbanime.com
22845,Mobble,http://www.mobble.io/
22846,Mainline Information Systems,http://www.mainline.com
22847,Phenopolis,https://phenopolis.co.uk
22848,Electives,https://www.electives.io/
22849,Aetna Corp.,https://aetnacorp.com/
22850,Abogados NOW,http://abogadosnow.com/
22851,Hiyield,http://hiyield.co.uk/
22852,"Ideal System Solutions, Inc.",http://www.idealssi.com
22853,Smartwyre,http://www.smartwyre.com/
22854,True North Safety Group,http://www.tnsgroup.ca
22855,OrderMate,https://www.ordermate.com.au/
22856,KaFe Rocks Group,https://kafe.rocks
22857,Garfield Refining,http://www.garfieldrefining.com/
22858,Choice Consultants - Media Sales Recruitment,https://www.choiceconsultants.co.uk/
22859,NorthStar Utilities Solutions,http://www.northstarutilities.com
22860,WeAreAspire,http://www.weareaspire.com
22861,Mind Partners UK,https://www.mindpartners.uk
