,company_name,company_url
34204,Dynamic Nation,https://dynamicn.com
34205,Jomoteam,https://www.jomoteam.com/
34206,Bio Agriculture Search,http://www.bioagrisearch.com
34207,Healio,http://Healio.com
34208,GRID Alternatives ,http://www.gridalternatives.org
34210,MarcoMedia,https://www.marcomediasm.com/
34211,Scitech,http://www.scitech.org.au
34212,"GoFarr Ventures, LLC",http://southcountysld.com/
34213,PayByPhone,http://paybyphone.com
34214,Lab Managed Services,https://www.labms.com.au/
34215,Send it to Alex,http://sendittoalex.co.uk/
34216,Guideposts,http://www.guideposts.org/
34217,"Volkswagen of America, Inc",http://www.vw.com
34218,Olympia Financial Group Inc,https://www.olympiafinancial.com/
34219,ESG (Customer Success as a Service®️),http://esgsuccess.com
34220,Vinomex SA de CV,http://www.sotol.com
34221,Syncarp,https://syncarpglobe.com/
34222,SGP Technology,http://www.sgp.technology/
34223,GILE Healthcare Real Estate ,http://www.gilecre.com
34224,G Adventures,http://www.gadventures.com
34225,Project Vae,https://projectvae.com
34226,National Literacy Trust,https://literacytrust.org.uk/
34227,Third Avenue Books,http://asthmaallergieschildren.com
34228,social sweethearts GmbH,http://www.socialsweethearts.de/
34229,Ascend Consulting LLC,http://www.ascendllc.co
34230,Kentik,http://www.kentik.com/
34232,Nettwerk Music Group,http://www.nettwerk.com
34233,Euro Asia Pay Holdings Inc.,http://www.euroasiapay.com/
34234,TMTG,http://www.tmtgcorp.com/
34235,The LiRo Group,https://www.liro.com/
34236,Conservation Without Borders,https://conservation-without-borders.org/
34237,CareGo Tek Inc.,http://www.carego.com/
34238,The Globe and Mail,http://www.theglobeandmail.com/
34239,iwinBACK Inc.,https://www.iwinback.com/
34240,Loqus Business Intelligence,http://www.loqusgroup.com
34241,Island Staffing,http://www.islandstaffing.us
34242,Utica National Insurance Group,https://www.uticanational.com/
34243,Davy,https://www.davy.ie
34244,Partners In Health,https://www.pih.org
34245,Instruction Partners,http://instructionpartners.org
34246,Quartic.ai,http://quartic.ai/
34247,New Western,http://www.newwestern.com/
34248,Supercool,https://supercooldesign.co.uk
34249,Ollanna,http://www.ollanna.com
34250,Corelight,https://www.corelight.com/
34251,Newforce Global Services Ltd,https://www.newforceltd.com/in/
34252,Canadian Western Bank,http://www.cwbank.com
34253,RCLCO Real Estate Consulting,http://www.rclco.com/
34254,"ITMC Systems, Inc",http://www.itmcsystems.com
34255,Cook Consulting Group - Cyber Security Recruitment & Consulting,http://www.ccg.works/
34256,HyperX Marketing,https://www.hyperxmarketing.com
34257,Sharp & Carter,http://www.sharpandcarter.com.au
34258,NextLabs,http://www.nextlabs.com
34259,PERSOLKELLY Singapore,https://www.persolkelly.com.sg/
34260,First Health Advisory ,http://www.firsthealthadvisory.com
34261,"Winsight, LLC",http://www.winsightmedia.com
34262,Healthie,https://gethealthie.com
34263,BelleVie,https://www.belleviecare.co.uk/
34264,Impossible Transformations,http://www.missionimpossibleleaders.com
34265,Weld North Education (now Imagine Learning),https://www.weldnorthed.com/
34266,Stoltenberg Consulting,https://www.stoltenberg.com/
34267,Pluto TV,http://pluto.tv
34268,ASEELapp,https://aseel.xyz/af/er.html
34269,CDA Law,http://www.cdalaw.co.uk/
34270,Verisk  –  casualty solutions,https://www.verisk.com/insurance/capabilities/claims/casualty-solutions/
34271,Military Spouse Advocacy Network,https://www.milspouseadvocacynetwork.org/
34272,STARICX,https://staricx.com/
34273,IronArch Technology,http://www.ironarchtechnology.com
34274,Cypress Creek Renewables,https://www.ccrenew.com
34275,Mastery Logistics Systems,http://mastery.net/
34276,Network Health WI,http://www.networkhealth.com
34277,Manning Global AG,http://www.manningglobal.com
34278,Savics ,https://www.savics.org
34279,Theorem Method,https://theoremmethod.com
34280,Prefr.co,http://prefr.co/
34281,SPIDR Tech,http://www.spidrtech.com
34282,Post Oak Preservation Solutions,https://www.postoakpreservation.com/
34283,TRAILS to Wellness,https://trailstowellness.org
34284,PRECISIONeffect London ,http://www.precisioneffect.co.uk/
34285,Mawer Investment Management,http://www.mawer.com/
34286,SRIJAN SPECTRUM PRIVATE LIMITED,http://www.srijanspectrum.com/
34287,"VED Software Services, Inc.",http://www.vedsoft.com
34288,OOMM Games,http://oommgames.com
34289,Evolve Security,https://www.evolvesecurity.com/
34290,Ethos360 Recruitment,http://www.ethos360.com.au
34291,Smart Resources,http://www.smartstaffing.com
34292,DTC Marketing,https://devinthecoach.com/
34293,Accraply,http://www.accraply.com/
34295,TEAM Software,http://www.teamsoftware.com/
34296,Judge India Solutions,https://www.judge.com/services/offshore-it-learning-solutions
34297,Vegan-Friendly,http://www.vegan-friendly.co.uk/
34298,Gateway Fiber,https://gatewayfiber.com
34299,International Well-Rounded School,http://iwschool.co.uk/
34300,IQ Solutions,http://www.iqsolutions.com
34301,FUSEE,https://fusee.io
34302,Bolton,http://www.BoltonUSA.com
34303,hotukdeals,http://www.hotukdeals.com
34304,Treedom,http://www.treedom.net/en
34305,HR Ways - Hiring Tech Talent,http://www.hrways.co
34306,Gnosis ,https://www.gnosis.io
34307,Mason & Co,http://www.masonac.com/
34308,Lucent Green Finance,http://www.lucent.com.au/
34309,Kerr Compressor Engineers (EK) Ltd,https://www.kerr-compressors.com
34310,Eventscase,http://www.eventscase.com
34311,TIKTAL,http://tiktal.co/
34312,Family for Every Child,http://www.familyforeverychild.org
34313,Jornaya,https://jornaya.com/?utm_source=linkedin&utm_medium=li_company_page&utm_campaign=li_company_page_header
34314,Hillsdale Investment Management Inc.,http://www.hillsdaleinv.com
34315,"Cascade Energy, Inc",http://www.cascadeenergy.com/
34316,Komodo,http://www.komodowellbeing.com
34317,GlobaliD,https://global.id
34318,Gelato,http://www.gelato.com
34319,ARMADA Supply Chain Solutions,http://www.armada.net/
34320,Possibl,http://www.possibl.com.au/
34321,viAct,https://www.viact.ai
34322,BoardRoom Group,https://www.boardroomlimited.com
34323,Bug Function,https://www.bugfunction.com/
34324,Marpipe,https://www.marpipe.com
34325,"Arizona Benefit Consultants, LLC",https://www.arizonabenefitconsultants.com
34326,i3 Verticals,http://www.i3Verticals.com
34327,Voucherify,https://voucherify.io
34328,The Bison Group,http://www.bisongroup.co/
34329,Celeros Flow Technology,http://www.celerosft.com
34331,eGain Corporation,https://www.egain.com/
34332,ALTTRAX,https://www.alttrax.com
34333,Tremco Roofing and Building Maintenance,http://www.tremcoroofing.com
34334,Pomeroy,http://www.pomeroy.com/
34335,Rebellion Defense,https://rebelliondefense.com/
34336,Compensation Tool,http://www.compensationtool.com/
34337,"3 Reasons Consulting, LLC",http://www.3reasonsllc.com
34338,Fundtec,http://fundtec.in
34339,Sembcorp Energy UK,https://www.sembcorpenergy.co.uk/
34340,Atom,http://www.atominc.com/
34341,Cartus,http://www.cartus.com
34342,Hunt Club,https://www.huntclub.com/
34343,Cherry Pick Talent Ltd.,http://cherrypicktalent.com/
34344,Radius,https://radiusinsights.com/
34345,Flexing It®,http://www.flexingit.com/
34346,"Bayard Advertising, Inc.",http://www.bayardad.com
34347,Merino Consulting Services,https://www.merinoservices.com/
34348,Logic Pursuits,https://logicpursuits.com/
34349,eProductivity Software,https://eproductivitysoftware.com/
34350,GeniusU,https://www.geniusu.com/
34351,Sedulo Group,http://www.sedulogroup.com/
34352,XOXO app,#
34353,Ignite Hubs,https://ignitehubs.org.uk/
34354,Showwcase,https://www.showwcase.com/
34355,"JJR Solutions, LLC",http://www.jjrsolutions.com
34356,YesWeHack ⠵,https://www.yeswehack.com
34357,Provider Choice,http://providerchoice.com.au
34358,PRC-Saltillo,https://www.prc-saltillo.com/
34359,Electrolux,http://www.electroluxgroup.com
34360,MT Designs,https://www.fiverr.com/mhamzadesigns
34361,Studio Legale Metta,https://www.studiolegalemetta.com/en
34362,Gillette Children's,http://www.gillettechildrens.org/
34363,Pareto USA,https://www.paretolaw.com
34365,nicolahale.com,http://www.nicolahale.com
34366,Growth Scalers,https://growthscalers.com/
34367,Ankor Software,https://www.ankor.io/
34368,Datasearch Consulting,http://www.datasearchconsulting.com/
34369,PeopleFun,http://www.peoplefun.com
34370,Whirlpool Corporation,http://www.whirlpoolcorp.com
34371,The Credit Pros,https://thecreditpros.com
34372,"Akademos, Inc.",http://www.akademos.com
34373,Reed & Mackay,https://www.reedmackay.com/
34374,Solution Street,https://www.solutionstreet.com/
34375,Saorsa Group Ltd,http://www.saorsahotel.com
34376,InfoPeople Corporation,https://www.infopeoplecorp.com/
34377,iFathom ,http://www.ifathom.ca
34378,Cosmica Capital,http://www.cosmica.capital
34379,GoCheck Kids,https://www.gocheckkids.com
34380,GTECH GLOBAL SERVICES,http://gtechglobalservices.com/
34381,INS Global,https://ins-globalconsulting.com
34382,"Career Connections, LLC.",http://www.careerconnectionsit.com
34383,Locofy.ai,https://www.locofy.ai/
34384,ICUC,https://icuc.social/
34385,Breg,https://www.breg.com/
34386,CNH Industrial Capital,http://www.cnhindustrialcapital.com
34387,NAES Corporation,https://www.naes.com
34388,DexHigh Services Private Limited,https://www.dexhigh.com
34389,Mattang,https://mattang.com/
34390,Oak Ridge National Laboratory,http://www.ornl.gov/
34391,Dornan Technologies LLC,http://www.dornantech.com/
34392,Sagatech,http://sagatech.co.uk
34393,"Sainsbury's Digital, Tech and Data",https://sainsburys.jobs/roles/digital-tech-data/
34394,Nityo Deep Tech,https://nityodeeptech.one
34395,Magnolia Consulting Group,http://www.magnoliaconsultinggroup.org/
34396,Spartan Technologies,https://www.spartantech.net
34397,Lume Deodorant,http://www.lumedeodorant.com
34398,Brinks Home,https://brinkshome.com
34399,ZKTMeta,https://zktube.io/
34400,World Kinect Energy Services,http://world-kinect.com
34401,MasTec Network Solutions,http://www.mastecnetworksolutions.com/
34402,Cornelius Vanderbilt Capital Management ,https://vanderbilt.ltd
34403,"Navitas Business Consulting, Inc.",http://www.navitas-tech.com/
34404,Optidge,http://www.optidge.com/
34405,AAA Club Alliance,https://www.aaa.com/aaa/212/careers/index.html
34406,One X Tech,https://www.onextech.com.sg
34407,Buntaiste,https://buntaiste.com/
34408,Versent,http://www.versent.com.au/
34409,Stand Together,https://standtogether.org/
34410,H3 Dynamics,http://www.h3dynamics.com
34411,Centers for Disease Control and Prevention,http://www.cdc.gov
34412,4Twenty Consulting,http://www.4twentyconsulting.com
34413,MediaAlpha,http://www.mediaalpha.com/
34414,ITR Concession Company LLC,http://www.indianatollroad.org
34415,ProGrad,http://www.faceprep.in/prograd/
34416,Riverside.fm,https://riverside.fm/
34417,Zudy,http://www2.zudy.com/LI
34418,Steward Health Care Network,https://www.steward.org/network/steward-health-care
34419,"adHere, Inc",http://www.adherellc.com
