,company_name,company_url
35928,SecureIT,http://www.secureit.com
35929,Cheshire Law Group,http://www.cheshirenonprofitlaw.com
35930,Konnekt,https://www.konnekt.com/?utm_source=linkedin&utm_medium=button&utm_campaign=visit-website
35931,"BTI Solutions, Inc.",http://www.btisolutions.com
35932,Faye,http://fayedigital.com/
35933,Accelon Inc.,http://www.acceloninc.com
35934,Harvard Medical School,http://hms.harvard.edu
35935,My Therapy Assistant,https://www.mytherapyassistant.com/
35936,Panasonic,https://holdings.panasonic/global/
35937,OSTIA,http://www.ostia.org.uk
35938,"Kates Nussman Ellis Farhi & Earle, LLP",https://www.katesnussman.com/
35939,Lundi,http://www.lundi-inc.com
35940,Provenance Capital Group,http://www.provenancegroup.io
35941,AcchaLabs,http://www.acchalabs.ai
35942,Conexus SG,http://www.conexussg.com
35943,Top Talents 宁波英甬高才科技有限公司,https://techtalentsuk.com/zheli/
35944,Bellwether Coffee,https://www.bellwethercoffee.com/
35945,Inserso Corporation,http://www.inserso.com
35946,Firme A,#
35947,"ShellBlack.com, LLC",https://www.shellblack.com
35948,ACE Legal Search,http://www.acelegalsearch.com
35949,Troy Consultancy,http://www.troyconsultancy.co.uk
35950,neuralg8 inc. ~ intelligent solutions,https://www.neuralg8.com/
35951,Dynamic Crowd Measurement,http://www.dynamiccrowdmeasurement.com/
35952,Strands Hair Care,http://www.strandshaircare.com
35953,Bang Energy,http://bangenergy.com/
35954,Workplace Options,https://www.workplaceoptions.com/
35955,Integrity Solutions® Ltd,https://integritysolutionsltd.com/
35956,State Farm Agent,https://www.statefarm.com/careers/become-an-agent
35957,"Icosavax, Inc.",http://www.icosavax.com/
35958,"SafeSleeve, LLC",http://www.safesleevecases.com
35959,TA Services,http://www.taservices.com/
35960,Caselton Clark,http://www.caseltonclark.co.uk
35961,Tribes Studio,https://tribes.studio/
35962,Hubilo,https://www.hubilo.com/
35963,Apartment SEO,https://apartmentseo.com
35964,Connections Health Solutions,http://www.connectionshs.com
35965,Witt O'Brien's,https://www.wittobriens.com
35966,Coalfire Federal,http://www.coalfirefederal.com
35967,EdenPark ,http://www.edenparkcanada.com
35968,Nicely Entertainment,http://www.nicelytv.com
35969,Ardurra,http://www.Ardurra.com
35970,Simply Paraplanner,http://SimplyParaplanner.com
35971,Custom Staffing,http://mycustomstaffing.com/
35973,Unity SCM,http://www.unityscm.com
35974,Newtopia Inc.,http://www.newtopia.com
35975,Kroma Wellness,http://www.kromawellness.com
35976,BlueHub Capital,http://bluehubcapital.org
35977,Burrow,https://www.burrow.com
35978,Airspan Networks,http://www.airspan.com
35979,AllenComm,http://www.allencomm.com
35980,Cartrast,http://www.cartrast.com
35981,Mogli,http://mogli.com
35982,Arrowmac,http://www.arrowmac.com
35983,Age of Learning,http://www.ageoflearning.com/
35984,University of Wisconsin-Madison,http://www.wisc.edu
35985,BrightSpring Health Services,http://brightspringhealth.com/
35986,ANN INC (Ann Taylor | LOFT | Lou & Grey),http://www.ascenaretail.com/
35987,ProScribe,https://www.proscribemd.com/
35988,Lemekart,http://lemekart.myshopify.com
35990,"Enterra Solutions, LLC",http://www.enterrasolutions.com
35991,SatisFacts Research,http://www.satisfacts.com/
35992,"Line 5, LLC",http://www.line5.com
35993,Reusability,http://www.reusability.com
35994,tesa,http://www.tesa.com/?utm_campaign=li-button&utm_medium=social&utm_source=linkedin
35995,Virtual Academy Advanced Training Solutions,http://www.virtualacademy.com/
35996,Canadian Council on Invasive Species,https://canadainvasives.ca/
35997,ams OSRAM,http://www.ams-osram.com
35998,Leena AI,https://leena.ai/
35999,Consumer Choice Award - Choix du Consommateur,http://www.ccaward.com/
36000,Electric Power Research Institute (EPRI),https://www.epri.com/
36001,Arctic Leaf Creative,https://www.arcticleaf.co.uk
36002,Richard M Photography LLC,https://www.richardmphotography.com/
36003,Exorbital,https://www.linkedin.com/company/exorbital/about/www.exorbital.info
36004,Flentis Corporation,https://www.flentis.com/landing-page-workforce
36005,Rory Hock,https://www.roryhock.com/linkedin
36006,Piramal Critical Care,http://piramalcriticalcare.com
36007,Properly,http://www.properly.ca
36008,Business Warrior,https://businesswarrior.com/
36009,SmartLinx,http://www.smartlinx.com/
36010,Réverbère,http://studio-reverbere.com/
36011,Shelter Movers,http://sheltermovers.com/
36012,Sweft ,http://www.gosweft.com/
36013,LitheSpeed,http://www.lithespeed.com/
36014,Advance Solutions Corp. (ADVANCE),https://www.advancesolutions.com
36015,BIBS,http://www.bibsworld.com
36016,Subnation,https://subnation.gg
36017,Lingua Franca Club,https://linguafrancaclub01.wixsite.com/learning
36018,Gersh Autism,http://gershautism.com/
36019,The Cake,http://thecake.com/
36020,RecruitSavvy,http://www.recruitsavvy.com
36021,Apto Solutions,http://www.aptosolutions.com
36022,BAD ACE,http://www.youbadace.com
36023,Vacca Family Law Group,http://www.vaccalaw.com
36024,BioDuro-Sundia,https://bioduro-sundia.com/
36025,Michael Kors,http://MichaelKors.com
36026,Otte Polo Group,http://ottepolo.com
36027,"Honeyfund.com, Inc.",http://www.honeyfund.com
36028,"Veros Technologies, LLC",http://verostech.com
36029,Updater,http://www.updater.com
36030,De Gruyter,http://www.degruyter.com
36031,Sargent Solutions Inc.,http://www.sargentsolutions.ca
36032,De Lune,http://www.delune.co
36033,Louise McDonnell,http://louisemcdonnell.com
36034,Eleventh Hour,http://www.11thr.com
36035,FloodGate Medical,https://floodgatemedical.com/career-opportunities/
36036,IDS International,http://www.idsinternational.com
36037,Sirius Personnel,https://www.siriuspersonnel.com
36038,Sage Hospitality Group,https://www.sagehospitality.com/about-sage/
36039,HiredHippo,https://bit.ly/3iX9A5u
36040,Continental Research Corporation,http://Crcorp.com
36041,Ledgy,https://ledgy.com/
36042,Aditum Bio,https://www.aditumbio.com/
36043,Highland Ag Solutions,https://www.highlandagsolutions.com/
36044,PLAY.FUN,https://bit.ly/3jj0NLQ
36045,Santa Barbara Nutrients,https://santabarbaranutrients.com/
36046,"Flying Elephant, LLC.",http://www.deannasingh.com
36047,Tuned,http://www.tuned.com/
36048,Koji,https://withkoji.com/
36049,Intern Guys,https://www.internguys.com
36050,Rampiva,https://www.rampiva.com
36051,Drupal Association,http://drupal.org/association
36052,JJS Consulting Group,https://jjsconsultinggroup.com/
36053,Jopari Solutions Inc.,http://www.jopari.com
36054,FMT Consultants,http://www.fmtconsultants.com/
36055,Osmose,http://www.osmose.com
36056,Over the Top Marketing,http://www.overthetop.com
36057,CSTMR Fintech Marketing & Advertising,https://cstmr.com/
36058,"Horizon Hospitality Associates, Inc",http://www.horizonhospitality.com
36059,Foncii,http://www.foncii.com/
36060,AOMA Graduate School of Integrative Medicine,http://www.aoma.edu
36061,ABI Research,http://www.abiresearch.com/
36062,Skilbi,http://skilbi.com
36063,Suncorp Valuations,http://www.suncorpvaluations.com
36064,Billboard,http://www.billboard.com
36065,Sankhya Gestão de Negócios,https://www.sankhya.com.br/
36066,Kraftful,https://www.kraftful.com/
36067,Catapult Health,https://www.catapulthealth.com
36068,Shelter Movers Nova Scotia,http://www.sheltermovers.com
36069,MeasureOne,http://www.measureone.com
36070,Stryke Club,https://strykeclub.com/
36071,Career Techniques Inc.,http://www.ctechny.com
36072,Chatfuel,https://www.chatfuel.com/
36073,Givingli,https://apps.apple.com/us/app/givingli/id1386635163?ls=1
36074,OpticoreIT,http://www.opticoreit.com/
36075,moove,http://www.moovetogether.com/
36076,Turtle Fur,http://www.turtlefur.com
36077,CrowdTamers,http://crowdtamers.com/
36078,"DAB Global, LLC",https://dabglobalsearch.com
36079,Saia Inc.,http://www.saia.com/
36080,Blackpoint Cyber,http://www.blackpointcyber.com/
36081,Birthsmarter,http://birthsmarter.com
36082,HairClub Israel Ltd,https://www.hairclub.co.il/
36083,"Real Estate Project Solutions, LLC",https://www.realestateprojectsolutions.com/
36084,Future-Proof Group Media,http://www.future-proofgroup.com
36085,"Hogan - Hansen, A Professional Corporation",http://www.hoganhansen.com
36086,CODESM - Marketing as a Service,https://codesm.com/?utm_source=linkedin_auth&utm_medium=main
36087,The Larko Group,http://www.thelarkogroup.com
36088,DE VRANSY,http://DeVransy.com
36089,Miele,http://www.miele.com
36090,Tephra Labs,http://tephra.com
36091,WorldPantry.com,http://www.worldpantry.com
36092,"KOMAN Holdings, LLC",http://komanholdings.com
36093,CyOne Inc.,http://cyoneinc.com
36094,"3 Enrollment Marketing, Inc.",http://www.3enrollment.com/
36095,M3 Global Research Community,http://m3gr.io/BWASSR
36096,Nibble Health,http://nibblehealth.com
36097,"The Warrior Connection, Inc.",http://warriorconnection.org/
36098,Lucra Sports,http://www.lucrasports.com
36099,Vanguard Partners,http://www.discovervanguard.com
36100,"Anthony Andrew, LLC",http://www.anthonyandrew.com/
36101,Fairway Consulting Group,http://www.fcgsearch.com
36102,NetFore Systems,http://www.netfore.com
36103,Day & Zimmermann,http://www.dayzim.com
36104,Vincero Collective,http://vincerocollective.com/
36105,Knowles Corporation,http://www.knowles.com
36106,"LotLinx, Inc.",https://www.lotlinx.com/
36107,Louré,http://loureskincare.com
36108,Reorg,https://Reorg.com
36109,1-800Accountant,http://www.1800accountant.com
36110,MyGolfSpy,https://mygolfspy.com/
36111,Baseline Co.,http://www.mybaseline.co
36112,DG+Design,https://www.dgplusdesign.com/
36114,Optimum Global Talent,https://www.optimumgt.com/
36115,ExpressionMed,http://ExpressionMed.com
36116,Daxor Corporation,https://www.daxor.com/
36117,OpenTug,https://opentug.com/
36118,"MediaPowerMarketing, Inc",https://www.mediapowermarketing.com
36119,Impulso Media,http://www.Impulsomedia.ca
36120,Audienz Marketing,http://audienz.com
36121,Crossbar,http://crossbar.org/
36122,"Miller, Cooper & Co., Ltd.",http://www.millercooper.com
36123,Groupe vétérinaire Daubigny,https://groupedaubigny.ca/
36124,Avalon Consulting Group,http://www.avalonconsulting.net
36125,Kodi Connect,http://www.kodiconnect.com
36126,HarmonyTech,https://www.harmonytech.com/
36127,Polsinelli,http://www.polsinelli.com/
36128,Four Seasons Hotels and Resorts,http://www.fourseasons.com
36129,ClearVision Optical,http://www.cvoptical.com/
36130,AMALY,http://www.amaly.org/
36131,ARI WALSH ,http://ariwalsh.com/
36132,Slim.AI,https://www.slim.ai/
36133,Cannabis Employment Professionals,https://www.cannabisemploymentpros.com/
36134,Audo,https://audo.com/
36135,Ocqlar,http://www.ocqlar.com
36136,ST (Stephen Thomas Ltd),http://www.stephenthomas.ca
36137,PGA TOUR Superstore,http://www.pgatoursuperstore.com/
36138,TERH International,http://www.terh.international
36139,Qixas Group,https://www.qixas.com/
36140,Victory Marketing,http://www.vmarketing.biz
36141,Illinois Action for Children,http://www.actforchildren.org
