,company_name,company_url
20726,Group Nine LLC,http://groupninellc.com/
20727,Solgen Power,https://www.solgenpower.com
20728,Wingspan Legacy Partners,https://www.wingspanlegacy.com/
20729,WEALTHWAVE-OFFICES OF CALDWELL & ASSOCIATES,https://wealthwave.com/gregcaldwell
20730,Replit,https://replit.com/
20731,Gerent,http://gerent.com/
20732,Crypto Asset Rating Inc,http://www.cryptoassetrating.com
20733,Accord Financial Corp.,https://www.accordfinancial.com/
20734,Thunes,http://www.thunes.com
20735,Arvest Bank,http://www.arvest.com
20736,Academy Mortgage Corporation,https://www.academymortgage.com
20737,Premium Retail Services,http://premiumretail.com/
20738,"Rivel, Inc.",http://www.rivel.com/
20739,Mountain America Credit Union,http://www.macu.com
20740,ECMC,http://www.ecmc.org
20741,Viably,https://www.runviably.com/signup?utm_source=Linkedin&utm_medium=companypage&utm_campaign=signupcta
20742,Froogal.ai,https://www.froogal.ai
20743,AllianceIT Inc,http://www.allianceit.com
20744,Bank of the Sierra,http://www.bankofthesierra.com
20745,a2c IT Consulting,http://www.a2c.com
20746,WebFX,https://www.webfx.com/
20747,Tri Counties Bank,https://www.tcbk.com/
20748,ABM RENOVATION,http://www.abmrenovation.com
20749,Hyatt Regency Lost Pines Resort & Spa,https://www.hyatt.com/en-US/hotel/texas/hyatt-regency-lost-pines-resort-and-spa/auslp
20750,Savvy Wealth,https://savvywealth.com
20751,Cohen & Steers,https://www.cohenandsteers.com/
20752,ZOLL Medical Corporation,http://www.zoll.com/
20753,Daman Consulting,http://www.damaninc.com
20754,Fiftheye Technologies,http://www.fiftheyetechnologies.com/
20755,Skit.ai,https://skit.ai/
20756,RMS,http://www.rms.com
20757,Duo Health,http://duohealth.com/
20758,TranSigma,http://www.transigma.com
20759,"3Ci, An MAU Company",http://www.3ci-mau.com
20760,Barsala,http://www.barsala.com
20761,Hempy CBD Oil - Buy only the Best in Hemp Derived CBD Oils Online!,http://www.cbdpure.com?AFFID=268524
20762,Stronghold,https://linktr.ee/strongholdpay
20763,Playmake,http://playmake.games
20764,Office of Administrator and Registrar General,http://www.oarg.gov.sl
20765,TriVista Recruitment,https://trivista.com/services/executive-search-interim-management/
20766,Logix Fiber Networks,https://www.logix.com/
20767,True Payment Services LLC,https://truepaymentservices.com/
20768,GPARENCY,https://gparency.com/
20769,Associated Bank,https://www.associatedbank.com/
20770,People*Strata - The Future of Talent Acquisition,https://peoplestrata.com/
20771,Misen,http://misen.com
20772,Aquia Inc,https://www.aquia.us
20773,Blueprint Power,https://www.blueprintpower.com/
20774,Drew Consulting,http://www.drewconsulting.ie/
20775,Food Banks Canada | Banques alimentaires Canada,http://www.foodbankscanada.ca/
20776,S.i. Systems,http://www.sisystems.com
20777,Paramount Commerce,http://www.paramountcommerce.com
20778,Kootenay Savings Credit Union,https://www.kscu.com/
20779,motusbank,https://www.motusbank.ca/
20780,Meridian Credit Union,http://www.meridiancu.ca
20782,BC Greens,https://www.bcgreens.ca/
20783,TUI Musement,http://www.musement.com/
20784,Cloudologic,https://www.cloudologic.com/
20785,Crown Partnership,http://www.crownpartnership.co.uk/
20786,Meatless Farm,https://www.meatlessfarm.com/
20788,Time for the Planet 🌍 (en),http://time-planet.com/
20789,Roxstar Group,https://www.roxstarluxurygroup.com/
20790,The Apartment Network,https://www.theapartmentnetwork.com/
20791,Brite,https://britedrinks.com/
20792,Loop Not Luck,http://loopnotluck.com
20793,Brand Recruitment,http://www.brandrecruitment.co.uk/
20794,BlueNovius: Digital Pharma Marketing Agency - Medical Explainer Videos for Pharma & Life science ,https://www.bluenovius.com
20795,Stature PR,http://www.staturepr.com
20796,Higher Success (Rec2Rec),http://www.highersuccess.co.uk
20797,SciLeads,https://scileads.com/
20798,Verbit.ai,http://www.verbit.ai/
20799,Urban Digital Recruitment Ltd,http://www.urbandigitalrecruitment.com/
20800,PQShield,http://www.pqshield.com/
20801,CoachHub - The digital coaching platform,https://www.coachhub.com/
20802,Champ Travel,http://champtravel.com/
20803,ASA RECRUITMENT,http://www.asarecruitment.co.uk
20804,RunningTooth,http://www.runningtooth.com
20805,Next Station,#
20806,Webtopia - eCommerce Scaling Experts,https://www.webtopia.co
20807,TN Recruits Ltd,http://www.tnrecruits.com/
20808,Talist Recruitment,https://talist.org
20809,Hannelius Recruitment,http://www.hanneliusrecruitment.com
20810,M3 Global Research,https://www.m3global.com/
20811,JCW Group,http://www.jcwgroup.com
20812,V-Land UK Ⓥ,http://www.v-land.co.uk
20813,Get Nourish3d,https://get-nourished.com/
20814,The Global Disinformation Index,http://www.disinformationindex.com
20815,Cengage EMEA,http://www.cengage.co.uk/
20816,Multitone Electronics,https://www.multitone.com
20817,Entrust Resource Solutions,http://www.entrustrs.com
20818,Pangaea Global Associates,http://www.pangaeaglobalassociates.com
20819,EmPact Consultancy,http://www.empact.org.uk/
20820,Softcat plc,https://www.softcat.com
20821,Xcenda,http://www.xcenda.com
20822,Skift,http://www.skift.com/
20823,Bid Solutions,https://bidsolutions.co.uk/
20824,DD,http://www.ddgroup.com
20825,VERTO HR,http://www.vertohr.co.uk
20826,FinTech Recruitment Solutions,https://www.fintech-rs.com/
20827,Executive Language Coaching,http://www.executive-language-coaching.com
20828,Molly Brown London Ltd,http://www.mollybrownlondon.com
20829,Gone West Global,http://www.gonewest.com/
20830,Digivante,http://www.digivante.com
20831,White Spot,http://www.whitespot.ca
20832,Basis Technology,http://www.basistech.com/
20833,Citizens Advice,http://www.citizensadvice.org.uk
20834,Back2Normal Chiro Ltd,http://www.back2normal.me
20835,Rightlander,https://www.rightlander.com/
20836,9DASHLINE,http://www.9dashline.com
20837,Van Financial Consulting LLC,http://www.vanfinancialconsulting.com
20838,eCommerce Placement,http://www.ecommerceplacement.com
20839,"Getinline, Inc.",https://www.getinline.org/
20840, Nomadd Group,www.nomaddgroup.com
20841,Haystack Needle LLC,http://www.haystackneedle.com
20842,Valvoline Inc.,http://www.valvoline.com/careers
20843,The Consultancy PR,http://www.theconsultancypr.com
20844,Sensei Ag,http://www.sensei.ag
20845,Aux Talent,http://www.auxtalent.com
20846,Big Drop Inc,https://bigdropinc.com
20847,MoodMe,http://www.mood-me.com/
20848,Horizon Telcom,http://www.horizonconnects.com
20849,Radiant Systems Inc,http://www.radiants.com
20850,CSforALL,https://www.csforall.org/
20851,Seso Inc.,http://www.sesolabor.com
20852,Wolters Kluwer Health,https://www.wolterskluwer.com/en/health
20853,Aventus | Boutique CX BPO,https://www.Aventus.com
20854,Robertson Sumner LTD,http://www.robertson-sumner.com
20855,AtkCo,http://atkcoinc.com
20856,Beige Corporation,http://beigecashmere.com
20857,Talent Partners,http://TalentPartnersInc.com
20858,Red2Green Digital,http://www.r2gdigital.com/
20859,ETHOSH,https://www.ethosh.com/
20860,interviewstream,http://www.interviewstream.com/
20861,National Strategies Public Relations,http://www.nspublicrelations.com
20862,DART Innovation,http://dartdisplays.com/
20864,Clarion Events Inc. - North America,https://us.clarionevents.com/
20865,"Remote Marketing Jobs, LLC",http://www.remotemarketingjobs.biz
20866,FileWave,http://www.filewave.com/
20867,"LiveIntent, Inc.",https://bit.ly/2ysBCi0
20868,Advantage Tech Services,https://www.advantagetechservices.com/
20869,Millennia,http://www.millenniapay.com
20870,Go Global Compliance Inc.,http://www.goglobalcompliance.com
20871,Leoforce,http://www.leoforce.com/
20872,Medical Disposables Corp,https://www.medicaldisposables.us/
20873,True Care Home Care,http://www.truecareny.com
20874,Roadrunner,http://www.shiproadrunnerfreight.com
20875,BOLDSCIENCE,http://www.boldsci.com
20876,Spears Group,http://www.thespearsgroup.com/
20877,Harvest Hosts,https://www.harvesthosts.com
20878,Vouris,https://www.vouris.com/solutions/what-we-do
20879,Neway Technologies Inc.,https://www.neway.cloud
20880,IDERA Software,http://www.idera.com/
20881,CloudKitchens,https://www.cloudkitchens.com
20882,Mployer Advisor,https://mployeradvisor.com/
20883,MDC Interior Solutions,http://www.mdcwall.com
20884,Pod,https://www.atlasjobs.com/
20885,TZA Labor Management Software,http://www.tza.com/
20886,GeckoTriState,http://www.geckohospitality.com
20887,Myota ,https://myota.io
20888,MicroGenDX,http://www.microgendx.com
20889,IOTech Systems,https://www.iotechsys.com
20890,SkillGigs.com,http://skillgigs.com/
20891,MishiPay,https://mishipay.com/
20892,Resolute Pros,http://www.resolutepros.com
20893,Zebec Protocol,http://zebec.io/
20894,Schaper Associates,https://linktr.ee/SchaperAssociatesInc
20895,BenefitMall,http://www.benefitmall.com
20896,FINN Partners,https://www.finnpartners.com/
20897,"Accelerynt, Inc.",https://www.accelerynt.com/
20898,Hearst,http://www.hearst.com
20899,RealSure,https://www.realsure.com/
20900,WorkHound,http://www.workhound.com
20901,"Idiomatic, Inc.",http://www.idiomatic.com/
20902,The Gillum Agency,https://careers.gillumsfg.com
20903,YES! Media,https://www.yesmagazine.org/
20904,Snorkel AI,https://snorkel.ai/
20905,DealerAI.com,https://dealerai.com
20906,UptimeHealth,http://uptimehealth.com
20907,"Turnkey Technologies, Inc.",https://www.turnkeytec.com/
20908,"BICITIS Group, Incorporated",http://www.bicitisgroup.com/
20909,Nexsales,https://www.nexsales.com/
20910,3SI Security Systems,http://www.3si.com
20911,Ambassador Labs,https://www.getambassador.io/
20912,Hatch Early Learning,https://www.hatchearlylearning.com
20913,Vallure Agency,http://www.vallureagency.com
20914,HealthAsyst,https://www.healthasyst.com
20915,Auritas,http://www.auritas.com/
20916,Social Impact Solutions,https://www.socialimpactsolutions.com/
20917,Scigilian Software Inc.,https://www.scigilian.com
20918,WINN Insurance Agency LLC,https://winnsurance.com/
20919,"Confidant Recruiting, Inc.",http://confidantrecruiting.com
20920,Basilisk SEM,http://basilisksem.com/
20921,Idaho Statesman,http://idahostatesman.com/
20922,Pray.com,http://www.pray.com
20923,"Extreme Technologies, Inc.",http://www.extreme-technologies.com
20924,KERN,http://www.kernagency.com
20925,Exelixis,http://www.exelixis.com
20926,Talroo,https://www.talroo.com/
20927,Assurance Scientific,http://assurancescientificlabs.com/
20928,TonDone,https://tondone.com
20929,9Rooftops,https://9rooftops.com
20930,Designity,http://www.designity.com
20931,"GlobalHealth, Inc.",http://www.globalhealth.com/
20932,Eleven Fifty Seven,https://www.11fiftyseven.com/
20933,Offbeat,https://www.offbeat.xyz
20934,The Midtown Group,http://www.themidtowngroup.com
20935,Sojern,https://bit.ly/3fHSyaY
20936,"Pink Panda Holdings, Inc.",https://pinkpanda.io/
20937,"Bailey Information Technology Consultants, LLC",http://www.baileyinfotec.com/
20938,CAC Specialty,http://www.cacspecialty.com
20939,Smartling,https://www.smartling.com/?utm_source=linkedin&utm_medium=social-media&utm_campaign=linkedin-profile
