,company_name,company_url
41346,Paynt,http://www.paynt.com/
41347,Caravel Global Investments,http://www.offshore-usa.com/
41348,Professional Career Solutions,https://professional-careers.com/
41349,Thrive Recruitment Marketing,http://www.thrivemarcoms.co.uk
41350,European Student Placement Agency,http://www.espauk.com/
41351,"N2G Worldwide Insurance Services, LLC",http://n2g.com
41352,VRFD,http://www.verdilabcosmetics.com/
41353,Echelon Insurance,https://echeloninsurance.ca/
41354,UST HealthProof,http://www.usthealthproof.com
41355,Tester Work,https://testerwork.com/
41356,Target Specialty Products,http://www.target-specialty.com
41357,Sallara Marketing Ltd,https://www.laradenney.com/marketing-freelance-packages
41358,Print Studios Ltd®,http://www.print-studios.com
41359,MarginEdge,http://www.marginedge.com
41360,Ledger Investing,https://ledgerinvesting.com
41361,Speech Graphics,http://www.speech-graphics.com
41362,Davenham Asset Finance Limited,http://www.davenhamassetfinance.co.uk/
41364,Park Street,http://www.parkstreet.com/
41365,Oxwash,https://www.oxwash.com/
41366,ProofID,https://proofid.com
41367,"CEXEC, Inc.",http://WWW.CEXEC.COM
41368,"Providence Partners, LLC",http://www.ppaac.com
41369,Weparaplan,https://weparaplan.co.uk/
41370,Klickly,http://www.klickly.com
41371,J.M. Wilson,https://www.jmwilson.com
41372,The Sterling Choice,http://www.thesterlingchoice.com/
41373,The Hayo'u Method,https://hayoumethod.com/
41374,Environmental Solutions Group,http://www.doveresg.com/
41375,Corporate Visions,https://corporatevisions.com/
41376,Recruitment Heroes,http://www.recruitment-heroes.com/
41377,Fresh Balance Agency,http://www.freshbalanceagency.com
41378,HR Anew,http://www.hranew.com/
41379,Lyftrondata,https://www.lyftron.com/
41380,Bit Complete,https://www.bitcomplete.io/
41381,Capital Wealth Advisors,http://www.capitalwealthadvisors.com/
41382,ToughBuilt Europe,http://www.toughbuilt.com
41383,Devhunt,https://hellodevhunt.com
41384,BLE Lighting and Power Limited,https://www.blelighting.co.uk/
41385,Ares Management Corporation,http://www.aresmgmt.com
41386,ORS Partners,http://www.orspartners.com/
41387,ext. marketing,http://ext-marketing.com/
41388,Jonas Software,https://jonassoftware.com/
41389,"KMS Solutions, LLC",http://www.kmssol.com
41390,ASP - Associated Systems Professionals,http://www.aspwv.com
41391,"Southleft, LLC",https://southleft.com
41392,Campaign Nucleus,https://www.campaignnucleus.com/
41393,PDERAS Consulting Group Inc.,http://pderas.com/
41394,Tech Career Labs [TCL] - Part of RAMBEE Group,https://www.techcareerlabs.com
41395,Praxis Health,https://www.gopraxishealth.com/
41396,Community Fibre Limited,http://www.communityfibre.co.uk/
41397,CSVNow,https://www.csvnow.com/
41398,iFocus Beauty,http://info.ifocusbeauty.com/
41400,TACT,http://www.tact-it.co.uk
41401,"Weichert, Realtors",http://www.weichert.com/careers
41402,Accusource Consulting,http://www.asource.in
41403,Hallam,https://www.hallaminternet.com/
41404,DWS Group,http://www.dws.com
41405,Turbulent,http://www.turbulent.ca
41406,Actual Size ,http://www.actualsize.com
41407,Valcon,http://www.valcon.com
41408,Genous,https://genous.earth/
41409,BHW REFRIGERATION & AIR CONDITIONING LTD,https://bhwoxford.co.uk/
41410,Vya,http://vyasystems.com
41411,Mortgage Coach,http://www.mortgagecoach.com
41412,Pegasus Financial Planning,http://www.pegasusfp.net/
41413,Lucy Lawson Creative Recruitment Ltd,http://www.lucylawson.co.uk
41414,Cloud Chamber,https://cloudchamberstudios.com/
41415,Hello Laundry,https://hellolaundry.co.uk
41416,Smart Sense Wealth Management,https://www.tfaconnect.com/
41417,Sphere Partners,http://www.sphereinc.com/
41418,M&M Wealth Associates,http://www.mmwealthassociates.com/
41419,Pinnacle Performance Company,http://www.pinper.com/
41420,Parke Lane People Limited,http://www.parkelanepeople.com
41422,Urge Interactive,https://urgeinteractive.com/
41423,Aldrich Wealth ,https://wealthadvisors.com
41424,KCloud llc,https://kcloudit.com/
41425,"DMK Advisor Group, Inc.",https://www.dmkadvisorgroup.com
41426,Maths — No Problem!,http://www.mathsnoproblem.com
41427,Principality Building Society,http://www.principality.co.uk/
41428,YMCA Trinity Group,http://www.ymcatrinitygroup.org.uk
41429,Stand.earth,http://www.stand.earth
41430,Astro Agency,https://astroagency.uk
41431,Unified Patient Network,http://unifiedpatientnetwork.org/
41432,Sureminds Solutions Private Limited,http://sureminds.co.in/
41433,Faithlife,http://www.faithlife.com/
41434,Flowcode®,https://www.flowcode.com/
41435,IMS People Possible,https://imspeople.com/
41436,Coverfly,https://www.coverfly.com
41437,"H2R-Solutions, LLC",http://www.h2r-solutions.com
41438,Junction LDN,https://junctionldn.com/
41439,Canyon Associates,http://www.canyonassociates.net/
41440,Pagoda Projects,http://pagodaprojects.com/
41441,TeeTurtle,http://www.teeturtle.com
41442,Archetype®,http://www.archetype.xyz
41443,RCI Technologies,http://www.rci-technologies.com/
41444,Tetra,https://www.inhomehelps.com/
41445,Angel Funds,https://angelfunds.unicornplatform.page/
41446,Redstone Search Group,http://www.redstonesearch.com/
41447,Cignpost Diagnostics,https://www.cignpostdiagnostics.com/
41448,Get Set Pet,http://www.getsetpet.com/
41449,Vested Technology,https://getvested.io/
41450,ProTrials Research Inc.,https://protrials.com
41451,TickX ,https://www.tickx.com
41452,World Financial Group (WFG),https://www.worldfinancialgroup.com/
41453,Avida Inc.,https://www.avidasw.com/
41454,Capula,http://www.capula.co.uk
41455,Citizens Bank of Edmond,https://mycitizens.bank/
41456,eRichards Consulting,http://e-richards.com
41457,10x Recruiting,http://www.10xyourtalent.com
41458,Tandem Bank,https://www.tandem.co.uk/
41459,Bulmers Ireland,http://www.candcgroupplc.com/
41460,Indigenous Friends Association,https://www.indigenousfriends.org/
41461,Fornova,https://www.fornova.com/
41462,NewsBank,http://www.newsbank.com
41463,Destination 219,https://www.destination219.com
41464,DriveRightData,http://www.driverightdata.com/
41465,Sevenstep,http://www.sevensteprpo.com/
41466,Lechler Spa,http://www.lechler.eu
41467,Tempdent Recruitment & Training,http://www.tempdent.co.uk
41468,Vertem,https://vertem.com/
41469,Cogency,http://www.cogencylabs.co.uk
41470,Hearst Newspapers,https://www.joinhnp.com/
41471,Qualasept Pharmaxo Holdings Ltd,http://qphl.co
41472,"Eccalon, LLC",http://eccalon.com
41473,QuillBot,https://quillbot.com
41474,Strata|ESG,https://www.strataesg.com
41475,Pinnacle Infotech,http://pinnacleinfotech.com
41476,Kenan Advantage Group,http://www.thekag.com/
41477,Echo Global Logistics,http://www.echo.com
41478,Logan Sports Marketing,http://www.logansportsmarketing.com
41479,Accelerate,http://accelerate.ws
41480,"Virtucom, Inc.",http://www.virtucom.com
41481,eTribez,http://www.etribez.com
41483,GlobalReach Technology,http://www.globalreachtech.com/
41485,The Walsh Group - Walsh Construction & Archer Western,http://www.walshgroup.com
41486,Salt Communications,https://saltcommunications.com/
41487,First American Home Warranty,http://homewarranty.firstam.com/
41488,American Public Media Group,http://americanpublicmedia.publicradio.org/
41489,E*TRADE from Morgan Stanley,http://us.etrade.com
41490,Partner Staffing,http://www.partnerstaffing.com
41491,Lincoln Recruitment Specialists,http://www.lincoln.ie
41492,The Keva Dine Agency®,http://www.kevadine.com/
41493,Collective.Design,http://collective.design
41494,TFA,http://www.t-f-a.co.uk
41495,Apollo,http://www.apollo-oe.com/
41496,Code Brew Labs,https://www.code-brew.com/?utm_source=Linkedin_button
41497,7879,http://www.7879.co
41498,TruSearch Consulting,https://tru-search.co.uk/
41499,Zest Media Group,http://zest.london
41500,Appointed Personnel Ltd ,http://www.appointedpersonnel.com
41501,IT Talent,http://www.it-talent.co.uk
41502,Legacy Builders Financial,http://www.vicruelas.com/
41503,Mustard Kick,https://www.mustardkick.com/
41504,St. John Associates,https://stjohnjobs.com/
41505,Hodan Associates,http://www.hodanassociates.com
41506,"Men's & Fathers' Rights Divorce Lawyers, Schultz & Associates, LLC",https://mensrightsdivorcelaw.com
41507,V3 Talent Partners Inc.,http://www.v3.co
41508,Adim,http://adimverse.com
41509,"Uniglobal Pension Planning, Inc.",https://www.uniglobal.com
41510,Automatic Schematic,https://www.automaticschematic.co.uk/
41511,AnimaCrackers,http://www.animacrackers.com
41512,Gradient,https://www.gradientcomfort.com/
41513,Kurica Creative Inc. 🏳️‍🌈,https://kurica.ca
41514,Kinkor Consulting,http://www.kinkorconsulting.com/
41515,dot. Cards,https://dot.direct
41516,SCA London,https://sca.london/
41517,Marotta Controls,http://www.marotta.com
41518,Motion Recruitment Partners LLC,https://motionrp.com/
41519,Graymont,http://www.graymont.com/
41520,GemHarvest Executive Recruiting,http://www.gemharvest.com/
41521,MAPSYS Inc.,http://www.mapsysinc.com
41522,Objective Paradigm,http://www.oprecruiting.com/
41523,MOKE International,https://rb.gy/x32zps
41524,Santander Consumer Finance,https://www.santanderconsumer.com/
41525,Fuse Interactive,http://www.gofuse.com
41526,Crossvale,https://www.crossvale.com/
41527,"The Avery Point Group, Inc",http://www.LeanSigmaRecruiter.com
41528,Monkeyjump Labs,https://www.monkeyjumplabs.com
41529,Akash Network,https://akash.network
41530,IT Resource Hunter,http://www.itresourcehunter.com
41531,CrowdPlat,https://www.crowdplat.com
41532,KRB Avocats | Lawyers,http://krblaw.ca
41533,Citysearch Rental Network,http://citysearchcalgary.com/
41534,Sun Machine Games,http://www.sunmachinegames.com
41535,Wyvern,http://www.wyvern.space
41536,QClay Design,http://qclay.design/
41537,Australiance,http://www.australiancetalent.com/
41538,Shaw/Scott,http://www.shawscott.com
41539,NYC Bank,#
41540,RewardOps,http://www.rewardops.com
41541,MojoTech,http://www.mojotech.com/
41542,Toys For Bob,http://www.toysforbob.com/
41543,VIAVIA,https://www.VIAVIA.live
41544,WFH Remote Jobs,https://www.linkedin.com/company/w-f-h-remote-jobs-usa/about/workfromhomeremotejobs.com
41545,Blokhaus Inc,http://blokhaus.io
41546,Ratna Global Tech,https://ratnaglobaltech.com
41547,VacationRenter,https://www.vacationrenter.com
41548,eParaplan Connect,http://eparaplan.co.uk/
41549,Jay Agency,http://jasonmarzec.com
41550,Globatec IT Facilities,http://www.globatec.com.br
41551,GridPlus,http://www.gridplus.io
41552,IRLY,https://5bxhottbjoi.typeform.com/to/RGKm5AIk
41553,Galileo Search,http://www.galileosearch.com.au
41554,NIBO Marketing,https://www.nibomarketing.com
41555,On Q Recruitment,http://www.onqrecruitment.com.au/
41556,Zylo,http://zylo.com/
41557,Qapital,http://www.qapital.com
41558,Lavish Recruitment Associates,https://www.lavishrecruitmentassociates.co.uk/
41559,Uniform,https://uniform.dev
41560,Growth Leads,https://www.growthleads.com/
41561,XtracIT Inc,http://www.xtracit.com/
