,company_name,company_url
35068,WESTERN MILLING,http://www.westernmilling.com
35069,Documint ,https://documint.me/
35070,amtextechnologies,http://www.amtextechnologies.com/
35071,"Triage Partners, LLC",http://www.triage-partners.com
35072,"CAMP Systems International, Inc.",http://www.campsystems.com
35073,REOMNIFY,http://www.reomnify.com
35074,Amida Technology Solutions,http://www.amida.com
35075,Journey,https://www.journey.live/corporate-meditation
35076,"Procentrix, LLC",http://www.procentrix.com
35077,Workhelix,http://www.workhelix.com
35079,b.solutions,https://b-solutions.io/
35080,Reaktor,https://www.reaktor.com/
35081,Creative Alignments,http://www.creativealignments.com
35082,ProcurementExpress.com - PO App,https://www.procurementexpress.com/?utm_source=linkedin
35083,adapt.,https://adapt.digital
35084,Daughters Capital,www.daughterscapital.com
35085,Storm8,http://www.storm8.com
35086,RafterOne,http://www.rafter.one/
35087,"My Vision HR, LLC",http://www.myvisionhr.com/
35088,Peerpoint,https://www.peerpoint.com/
35089,Topgolf,https://topgolf.com/us/
35090,Harris Bricken Sliwoski LLP,http://www.harrisbricken.com/
35091,George Weston Foods,http://www.gwf.com.au/
35092,Alignment Recruiting LLC,http://www.alignment-recruiting.com
35093,SmartAction,http://www.smartaction.ai/
35094,Every Mother ,https://every-mother.com/
35095,"fme US, LLC",https://www.fme-us.com/
35096,PeopleSuite Talent Solutions,http://www.peoplesuite.com
35097,Millennial Marketing Agency,http://www.millennialmarketing.agency/
35098,Canaan Inc.,https://canaan-creative.com/
35099,Encore,https://encoreglobal.com/
35100,Code2040,http://www.code2040.org
35101,Morningstar,http://www.morningstar.com/company/
35102,Casey's,http://www.caseys.com
35103,Party City,http://www.partycity.com
35104,"Raintree Systems, Inc.",https://www.raintreeinc.com
35105,IT Coalition,https://itcoalition.com
35106,9thWonder Agency,https://www.9thwonder.com/
35107,Joel Bennett Consulting,https://www.joelbennettconsulting.com
35108,IM Supply,https://www.imsupplygroup.com
35109,Synoptek,https://www.synoptek.com
35110,The Spectator World,https://spectatorworld.com/
35111,Netradyne,http://www.netradyne.com/
35112,DRG Talent,http://www.drgtalent.com
35113,Heyday,https://www.heydayskincare.com/
35114,Egg Strategy,http://www.eggstrategy.com
35115,WV Department of Health and Human Resources,http://www.dhhr.wv.gov/
35116,"Electra Vehicles, Inc.",http://www.electravehicles.com/
35117,Joseph Sassoon Group,http://www.josephsassoongr.com
35118,Nerder,http://nerder.com
35119,Benivo,http://www.benivo.com/
35120,Marina Sirras & Associates LLC,http://lawseek.com
35121,Gusmer Enterprises,http://www.gusmerenterprises.com/
35122,CIRAS - Iowa State University,http://www.ciras.iastate.edu
35123,Overdose.,http://overdose.digital/
35124,Becker Wright Consultants,https://beckerwrightconsultants.com/
35125,Holler,http://holler.io
35126,Bowlero Corporation,https://www.bowlerocorp.com/
35127,LightRiver Companies,https://www.lightriver.com
35128,Thinktown Education Inc. 新课堂国际教育,https://www.thinktown.com/
35129,Chief Outsiders,https://www.chiefoutsiders.com/
35130,VMS BioMarketing,http://www.vmsbiomarketing.com
35131,Arizona College,http://arizonacollege.edu
35132,Elabor8,http://elabor8.com.au
35133,Silhouette Group Inc.,http://www.silhouettegroup.com
35134,Provention Bio,https://www.proventionbio.com/
35135,MilliporeSigma,http://www.sigmaaldrich.com
35136,Coherent,https://www.coherent.global
35137,Dubber,https://www.dubber.net/
35138,Neighborly®,https://www.neighborlybrands.com/
35139,Deere Employees Credit Union,https://deereemployeescu.com
35140,Airmeet,https://www.airmeet.com/
35141,Webolutions,https://webolutions.com/?utm_medium=referral&utm_source=linkedin&utm_campaign=referral-directory&utm_content=visit-website
35142,JVN,https://www.jvnhair.com/
35143,Workspend Inc.,http://workspend.com/
35144,Partnerships to Uplift Communities (PUC) Schools,http://www.pucschools.org/
35145,Avenue Living Asset Management,https://www.avenuelivingam.com
35146,Dahua Technology USA,http://us.dahuasecurity.com/
35147,Mindpath Health,http://www.mindpath.com
35148,Givebutter,https://givebutter.com?utm_source=linkedin&utm_medium=social
35149,"Urovant Sciences, Inc.",http://urovant.com
35150,Burnett Specialists Staffing & Recruiting,https://www.burnettspecialists.com/
35151,Infinity X Talent,https://www.instagram.com/infinityxtalent/
35152,Suntuity,http://www.suntuitysolar.com/
35153,ReKTGlobal,https://www.rektglobal.com
35154,Outcast,http://www.thisisoutcast.com
35155,Piazza,http://www.piazza.com
35156,Akeyless,https://www.akeyless.io/
35157,Olympus Corporation of the Americas,http://www.olympusamerica.com
35158,myKaarma,https://www.mykaarma.com
35159,HR Ministry Solutions,http://www.hrministrysolutions.com/
35160,Azibo,https://www.azibo.com/
35161,Mindful Media PR,http://www.mindfulmediapr.com
35162,Safari Solutions,http://www.safarisolutions.com
35163,M Booth,http://mbooth.com/
35164,"Integr8staff, llc.",http://www.integr8staff.com/
35165,11:11 Media,https://parishilton.com/
35166,VIPRE Security Group,http://www.vipre.com/
35167,Accentuate Staffing,http://www.accentuatestaffing.com
35168,Collage Group,http://www.collagegroup.com/
35169,Paradise Mobile,http://www.paradisemobile.com/
35170,DE-YAN,http://WWW.DE-YAN.COM
35171,Work Friendly,http://www.workfriendlyconsulting.com
35172,Santis Health,http://santishealth.ca/
35173,BIOQuebec,http://www.bioquebec.com/accueil
35174,Process Pro Consulting,https://www.processproconsulting.com
35175,West Coast Environmental Law,https://wcel.org/
35176,Hippo Insurance,https://hippo.com
35177,The Holman Group,http://www.holmangroup.com
35178,Very Good Ventures,https://verygood.ventures/
35179,Recruitomics Consulting,http://www.recruitomics.com
35180,Law In Order Pty Ltd,http://www.lawinorder.com/
35181,FIA Tech,https://www.fia-tech.com
35182,Nomos One,http://www.nomosone.com
35183,Certain Affinity,http://www.certainaffinity.com
35184,AutoRentals.com,https://www.AutoRentals.com
35185,Office/Bureau,http://www.officebureau.ca
35186,CORT,http://www.cort.com
35187,Platinum Leaf Facilities,http://platinumleaf.ca/
35188,Torc Robotics,https://torc.ai/
35189,Initiative,http://www.initiative.com
35190,Adfinitas Health,http://www.AdfinitasHealth.com
35191,Waisman Group,http://waismangroup.ca
35192,Informa Engage,http://engage.informa.com
35193,VOYlegal,http://voylegal.com
35194,Backstage,http://www.backstage.com
35195,Playgig,http://www.playgig.com
35196,Hileman Group,http://www.hilemangroup.com
35197,Atrium Hospitality,https://atriumhospitality.com
35198,"Swervice, Inc.",https://gusher.co/startups/swervice
35199,MTY Food Group,http://www.mtygroup.com
35200,GoDigital Media Group,http://www.godigitalmg.com/
35201,Ayima,http://www.ayima.com/
35202,SPM Marketing & Communications,http://spmmarketing.com
35203,Pansophic Learning,http://pansophiclearning.com
35204,Kronozio,http://www.kronocard.com
35205,Performance Systems Integration,https://www.psintegrated.com/?_bct=liad&utm_source=linkedin&utm_medium=profile
35206,Filtration Group,http://www.filtrationgroup.com
35207,Sportskeeda,https://www.sportskeeda.com
35208,Malaria No More,http://www.malarianomore.org
35209,"Resolver, a Kroll Business",http://www.resolver.com
35210,DiverseMinds.co,https://www.diversemindsco.com
35211,Ontada,http://www.ontada.com
35212,Incode Technologies,http://www.incode.com
35213,Aspire Staffing Group,http://www.aspirestaffinggroup.com
35214,MD Analytics,https://www.mdanalytics.com
35215,Virtasant,https://virtasant.com
35216,Incident IQ,https://www.incidentiq.com/
35217,Modco Media,http://modcomedia.com/
35218,Spice,https://drinkspicetea.com/
35219,Quantam,http://www.iquantam.com
35220,TaxValet — Sales Tax Done for You.,https://thetaxvalet.com/
35221,SuperSummary,http://www.supersummary.com
35222,Osmo,http://playosmo.com/?utm_source=linkedin&utm_medium=bio&utm_campaign=learn_more
35223,Blank Label,http://www.blanklabel.com
35224,Exponential-e,http://www.exponential-e.com
35225,"Professional Services Group, Inc.",http://www.psgcip.com
35226,Performant Corp,http://www.performantcorp.com/
35227,SLP Now,https://slpnow.com
35228,Delivery Associates,http://www.deliveryassociates.com/
35229,Qcells USA Corp.,https://www.qcellsusa.com
35230,Murraysmith,http://murraysmith.us
35231,PlugandPlay Talent,https://plugandplaytalent.com/
35232,Questica,https://www.questica.com
35233,Cosumnes Community Services District,http://www.yourcsd.com
35234,Visotsky Consulting,http://visotsky.us/
35235,Global Expansion,http://www.globalexpansion.com/
35236,Madison Wells,http://www.madisonwells.com
35237,RMI,http://rmi.org
35238,EXCEPTIONAL HEALTH CARE SERVICE,https://www.healthandwellnessmedicalservices.com/
35239,Nifty League,http://niftyleague.com/
35240,FieldCore,http://www.fieldcore.com
35241,WorldatWork,http://www.worldatwork.org
35242,cosine solutions,http://www.cosine-solutions.com
35243,Life Link III,http://www.lifelinkiii.com
35244,Youngsoft Inc,http://www.youngsoft.com
35245,Sirtex Medical Limited,http://www.sirtex.com
35246,Splashdot,http://www.splashdot.com
35247,Repurpose Recycling,https://repurposerecycling.com/
35248,Netomi,https://www.netomi.com/
35249,Bioeconomy,https://bioeconomy.co
35250,Guardian Professional,https://guardian.pro
35251,Rescue | The Behavior Change Agency,http://rescueagency.com/
35252,Uponor,http://www.uponorgroup.com/
35253,Matter Made,http://www.mattermade.co/
35255,Intra-Cellular Therapies,http://www.intracellulartherapies.com
35256,Poshmark,http://www.poshmark.com/
35257,AutoCamp,http://www.autocamp.com
35258,WALO,http://walo.app
35259,RailVision Analytics,http://www.linkedin.com/company/railvision-analytics
35260,TekniPlex,http://www.tekni-plex.com
35261,Montreal Institute of Swimming,http://swim-montreal.com
35262,LIVunLtd,http://livunltd.com/
35263,Oden Technologies,http://www.oden.io
35264,SolarWinds,http://www.solarwinds.com/
35265,Polygon Studios,https://twitter.com/PolygonStudios
35266,Lendd Group Pty Ltd,http://www.lendd.com.au
35267,"SBI, The Growth Advisory",http://www.sbigrowth.com
35268,Biossance,http://biossance.com
35269,"Plant Professionals, LLC",http://www.plantprofessionals.co/
35270,Medical Care Development (MCD) Inc.,http://www.mcd.org/
35271,Mister General Contractor Inc,http://www.mistercontractor.ca/
35272,HR Strategies Consulting Inc.,http://www.hrstrategiesconsulting.com/
35273,ChemoCentryx,http://www.chemocentryx.com
35274,Xola,https://www.xola.com/?utm_source=linkedin&utm_medium=business-profile&utm_campaign=brand
35275,National Renewable Energy Laboratory,http://www.nrel.gov
35276,The Staffing Exchange Inc.,http://www.staffingexchange.com/
35277,InnoAgile Consulting,http://www.innoagile.ca
35278,Air Pros USA,http://airprosusa.com/
35279,Terri Schiavo Life & Hope Network,http://lifeandhope.com
35280,CMI Media Group,http://www.cmimediagroup.com/
