,company_name,company_url
2943,Harvard in Tech Seattle,https://www.harvardintechseattle.com
2944,Shields Health Solutions,http://shieldsrx.com
2945,i3solutions,http://www.i3solutions.com/
2946,One Identity,https://www.oneidentity.com/
2947,Vestwell,http://vestwell.com/
2948,Datadog,http://datadoghq.com/careers
2949,TECONICA,https://www.teconicasoftwares.com
2950,Avantax Wealth Management®,https://www.avantax.com
2951,Hyperscience,https://bit.ly/3swY1WL
2952,Paytronix Systems,http://www.paytronix.com
2953,Colonize Mars,https://mars.cards/
2954,TeckLink,https://tecklink.ge/
2955,"Chenega IT Enterprise Services, LLC",http://www.chenegaites.com
2956,Search Group Solutions,https://searchgroupsolutions.com
2957,Cross River,http://www.crossriver.com
2958,MissionStaff,http://www.missionstaff.com
2959,Rectangle Health,http://rectanglehealth.com
2960,Hallmark Global Technologies Ltd,http://hgtechinc.net
2961,Replenium,http://www.youtube.com/channel/UCKHgGT_6b80T6BT9C4QvGYA
2962,McLean Intelligent Workforce,http://www.mcleaniw.com/
2963,AllCampus,http://www.allcampus.com
2964,Agilisium Consulting,https://www.agilisium.com/
2965,GENINVO,https://www.geninvo.com
2966,"Pinnacle Partners, Inc",http://www.PartnersInStaffing.com
2967,Interactive Resources - iR,http://irtalent.com
2968,Haulistic,http://shiphaulistic.com
2969,Crypmaps,http://www.crypmaps.com
2970,NICE CXone,https://www.niceincontact.com/
2971,Triplemint,https://www.triplemint.com/?utm_source=linkedin&utm_medium=social&utm_content=link%20in%20bio
2972,Vizzuality,https://www.vizzuality.com/
2973,WorkRamp,https://www.workramp.com
2974,Hireguide,https://www.hireguide.com/?utm_source=linkedin&utm_medium=companypage&utm_content=signup-button
2975,Avtech Solutions Inc,https://www.avtechsol.com
2976,HoundDog,http://www.hounddog.com
2977,DataEdge,http://dataedgeusa.com/
2978,Fusionbox,http://www.fusionbox.com/
2979,UrbanFootprint,http://www.urbanfootprint.com
2980,Terraformation Inc.,http://eepurl.com/hljQvT
2981,Tragic Media,https://tragic.media/
2982,RFRIT,http://www.rfrit.com
2983,Nextiva,https://www.nextiva.com
2984,TeammateMe,https://TeammateMe.com
2985,Gatsby,https://linktr.ee/GatsbyJS
2986,Unity,https://unity.com/
2987,Alumni Match .co,http://AlumniMatch.co
2988,Apollo Technical,http://www.apollotechnical.com
2989,PGi,https://www.pgi.com?utm_source=linkedin&utm_medium=social
2990,Exarca Inc.,http://www.exarcainc.com
2991,Kiavi,http://www.kiavi.com
2992,Harness,https://harness.io/free-trial
2993,Ebusiness Technologies Corp.,http://www.ebusinesstechs.com
2994,MeetKai Inc.,http://www.meetkai.com
2995,Softcom Systems Inc,http://www.softcomsystems.com
2996,Modern Health,https://www.modernhealth.com?utm_source=linkedin&utm_medium=social
2997,ITShare,http://itshareacademy.com
2998,Elsdon Consulting ltd,http://www.elsdonconsulting.com
2999,Rishabh Software,https://www.rishabhsoft.com
3000,Pulivarthi Group,http://www.PulivarthiGroup.com
3001,Newsela,https://newse.la/38XBni8
3002,Kikoda ,https://kikoda.com/capabilties/
3003,Prescribe FIT,https://www.prescribefit.com
3004,Peyton Resource Group,http://www.prg-usa.com
3005,NTT DATA,https://www.nttdata.com/global/en/careers
3006,The Fractional Token Company,https://fractional.art/
3007,"Donato Technologies, Inc.",https://donatotechnologies.com/
3008,Scope AR,http://scopear.com
3009,Freethink,http://www.freethink.com
3010,Cratis Automation Solutions,https://cratis-solutions.com
3011,Vroom,http://www.vroom.com
3012,Ziff Davis,http://www.ziffdavis.com
3013,Volition,http://www.volition.com
3014,Flexcar,http://www.flexcar.com
3015,"Ab Ovo, Inc.",http://www.abovoinc.com
3016,Engooden Health,https://www.engooden.com/
3017,"Spatial Informatics Group, LLC",http://www.sig-gis.com
3018,Dahl Consulting,https://www.dahlconsulting.com
3019,Intelletec,http://www.intelletec.com
3020,Aforce solutions,http://www.aforcesolutions.com
3021,SiteCapture,http://www.sitecapture.com
3022,AdLiven,http://www.adliven.com
3023,NYU WIRELESS,http://wireless.engineering.nyu.edu/
3024,Addepar,https://addepar.com
3025,Progress,https://www.progress.com/
3026,Trava,https://www.travasecurity.com/
3027,Tech Aveev LLC,http://techaveev.com/#
3028,AppDynamics,https://www.appdynamics.com/
3029,Mercari US,https://www.mercari.com/
3030,"Sira Consulting, an Inc 5000 company",http://www.siraconsultinginc.com
3031,"Client Resources, Inc.",http://www.clientresourcesinc.com
3032,Powerhouse Consulting Group,http://mypowerhouse.group
3033,"RIT Solutions, Inc.",http://www.ritsolinc.com
3034,GuideWell,http://guidewell.com/
3035,Apex IT Services,http://www.apex-its.com
3036,Tachyon Technologies,http://www.tachyontech.com
3037,Match,http://lifeatmatch.com/
3038,Parasoft,http://www.parasoft.com
3039,FloWaste Inc.,https://www.flowaste.com/contact
3040,PartnerPage,https://partnerpage.io
3041,"MRS BPO, LLC",https://mrsbpo.com/
3042,Peace Technology Ethiopia,https://macictsolution.com/
3043,Répandu,http://www.repandu.com
3044,Democracy Works,http://democracy.works
3045,IntelliPro,https://intelliprogroup.com/jobseeker#jobs
3046,"Nemo IT Solutions, Inc",http://www.nemoitsolutions.com/
3047,Lorhan Corporation Inc,https://www.lorhancorp.com/contact
3048,Canix,http://www.canix.com
3049,Unit21,https://www.unit21.ai/schedule-demo?utm_source=linkedin&utm_medium=profile
3050,Marathon TS,http://www.marathonts.com/
3051,Spotlist Inc.,https://www.spotlistinc.com/
3052,"ARK Solutions, Inc.",http://www.ARKSolutionsInc.com
3053,impact.com,https://impact.com
3054,2nd Watch,https://www.2ndwatch.com
3055,Kajabi,http://Kajabi.com
3056,AASOFTNET,http://www.aasoftnet.com
3057,E-IT,http://www.eitprofessionals.com
3058,Mission,https://www.missioncloud.com/contact-us
3059,t2.world,https://t2.world/
3060,Matterport,http://www.matterport.com
3061,ACL Digital,https://www.acldigital.com/
3062,Decision Six,http://decisionsix.com/
3063,Thriveworks,https://thriveworks.com/online-counseling/
3064,SGS Technologie,https://www.sgstechnologies.net
3065,Integrity Power Search,http://www.integritypowersearch.com
3066,"ChrisHunt, Inc.",https://chrishunt.com/contact/
3067,iXoop ,http://www.ixoop.com
3068,ScreenMeet,http://screenmeet.com
3069,Apex Fintech Solutions,http://www.apexclearing.com
3070,"Spruce InfoTech, Inc",http://www.spruceinfotech.com
3071,Ntelicor,http://www.ntelicor.com
3072,ManTech,https://www.mantech.com
3073,Echobind,https://echobind.com
3074,Five9,https://www.Five9.com
3075,Arrow Electronics,https://www.arrow.com/en/fiveyearsout
3076,Nerdery,https://www.nerdery.com/
3077,Retina AI,https://retina.ai
3078,O Company,https://ocompany.io/
3079,Sarithm Limited,https://sarithm.com
3080,Boostability,https://www.boostability.com
3081,Agoric,https://agoric.com
3082,Edward Jones,https://www.edwardjones.com/us-en/
3083,VSP Global,https://vspglobal.com/cms/careers.html
3084,Homeward,http://www.homeward.com
3085,Meta-Carbon,http://www.carbon-creatures.com
3086,C-Vision Inc.,http://www.c-visionit.com
3087,"Murphy & Associates, Inc.",https://www.murphyandassoc.com/
3088,Encore Technologies,https://encore.tech
3089,springbig,http://www.springbig.com
3090,Blue Shield of California,https://www.blueshieldca.com/careers
3091,Cogstate,http://www.cogstate.com
3092,Vector Talent Resources,http://vectortalent.com/
3093,RapidPay,https://www.rapidpaylegal.com.au/
3094,WeMoney,https://wemoney.sng.link/B7n27/y2yg?_dl=https%3A%2F%2Fwww.wemoney.com.au
3095,Perx Health,http://www.perxhealth.com
3096,FR Consultancy,https://www.frconsultancy.com.au/
3097,Canva,http://www.canva.com
3098,Alex Solutions,http://www.alexsolutions.com.au
3099,Fleet Space Technologies,http://www.fleetspace.com
3100,Needus,https://www.needus.com.au
3101,Particular Software,http://particular.net
3102,Molander Recruiting,http://www.molanderrecruiting.com.au
3103,Plain Concepts,http://www.plainconcepts.com
3104,SiteMinder,https://www.siteminder.com
3105,CareCone Australia,http://carecone.com.au
3106,SignOnSite,http://www.signonsite.com
3107,Hastha Solutions,http://www.hasthasolutions.com/
3108,Winston Wolf Talent Solutions,http://winstonwolf.com.au
3109,Technology People Group,http://www.technologypeople.com.au/
3110,carsales.com.au,https://www.carsales.com.au/work-with-us
3111,GoSource Pty Ltd,http://www.gosource.com.au
3112,eftpos Payments Australia,http://www.eftposaustralia.com.au
3113,IAG,http://www.iag.com.au
3114,Airteam,http://www.airteam.com.au/
3115,Aglet,https://aglet.app
3116,Hireup,https://www.hireup.com.au/
3117,Big Wave Digital,http://www.bigwavedigital.com.au
3118,Datarock,http://datarock.com.au/
3119,Renaissance InfoSystems,http://www.reninfo.com.au
3120,Ensure Recruitment,http://www.ensurerecruitment.com.au/
3121,Josef,https://joseflegal.com/
3122,IT Alliance Australia,https://www.italliance.com.au/
3123,ITbility,http://www.itbility.com.au
3124,Aircall,https://aircall.io
3125,Collabera Australia,http://www.collabera.com.au
3126,Enablo,http://www.enablo.com
3127,Latitude IT,http://www.latitudeit.com.au
3128,VoiceFoundry APAC,http://www.voicefoundry.com.au
3129,Telstra Health,https://www.telstrahealth.com/home.html
3130,Octopus Deploy,https://octopus.com
3131,Velan Consulting Pty Ltd,http://velanconsulting.com.au/contact.html
3132,CloudM Solutions,http://www.cloudm.com.au
3133,nimbus,https://www.nimbus.cloud/
3134,Hunt & Co.,http://huntandco.io
3135,Immuta,https://www.immuta.com
3136,Ampion ,http://www.ampion.com.au
3137,A Cube Services Pty Ltd,http://www.acubeservices.com.au
3138,Scaleup Consulting Australia,https://scaleupconsulting.com.au/
3139,Cirqle Group,https://www.cirqlegroup.com/
3140,The Onset,https://theonset.com.au/
3141,Willow,https://www.willowinc.com/
3142,TreviPay,http://www.trevipay.com
3143,Education Horizons,http://www.educationhorizons.com
3144,Secure Code Warrior,https://www.securecodewarrior.com/careers/
3145,Fyndr Group,https://fyndrgroup.com/
3146,Acolade Consulting,http://www.acolade.com.au
3147,Snobal,https://snobal.io/software-solutions/
3148,Nine,https://www.nineforbrands.com.au/
3149,Inwinteck Pvt Ltd,http://www.inwinteck.com
3150,Realtair,http://www.realtair.com/tour/
3151,XPT Software,http://www.xptsoftware.com/
3152,S&W Seed Company Australia,https://www.swseedco.com.au
3153,KGiSL Australia,https://www.kgisl.com/gss/australia
