,company_name,company_url
41775,Sierra Business Solution,http://sierrasoln.com
41776,Shine Lawyers,https://www.shine.com.au/careers
41777,Transputec Ltd,http://www.transputec.com
41778,BLUE ORIGIN,http://www.blueorigin.com/
41779,Atheras Analytics,http://www.atherasanalytics.com
41780,Producers Direct,http://www.producersdirect.org
41781,Electric Studio Limited,https://www.electricstudio.co.uk/
41782,TradeCentric,http://www.tradecentric.com/
41783,Summit Staffing Partners,http://www.summit-staffing.com
41784,Inguro,http://www.inguro.com
41785,Réseau D'informations Scientifiques Du Québec (Risq) Inc,#
41786,Biometrics Institute,http://www.biometricsinstitute.org
41787,Savannah Energy,https://www.savannah-energy.com/
41788,Tanzania School Trust,https://tanzaniaschooltrust.com/
41789,Intrinsic Executive Search,http://www.intrinsicsearch.com
41790,Adjusting Appointments Limited,http://www.adjustingappointments.com
41791,PairUp,http://www.pairupapp.com
41792,Tutoria,https://tutoria.io
41793,ENCORE IT SOLUTIONS,http://www.encore-itsolutions.com
41794,CyberIAM,https://cyberiam.com/?&utm_source=LinkedIn&utm_medium=Custom-Button
41795,"Reingold, Inc.",http://www.reingold.com
41796,Nimbus Consulting ,https://nmbs.io
41797,Antelope Recruitment Ltd,http://www.anteloperecruitment.com
41798,Swrve,https://www.swrve.com/
41799,Jackpocket,http://jackpocket.com
41800,Pegasus: IT Value Acceleration Services,http://www.pegasus-consultancy.co.uk
41801,Indaver Ireland & UK,http://www.indaver.ie
41802,Brio Systems,https://www.getbrio.com/?utm_source=LinkedIn&utm_medium=Profile&utm_campaign=Bio
41803,Fenix Freight,http://www.fenixfreight.com
41804,Open Data Services Co-operative,http://opendataservices.coop/
41805,Synergy,http://www.synergybis.com
41806,InterPayments,https://www.interpayments.com
41807,Pandable,https://pandable.co
41808,"Kohr Consulting, LLC",http://www.kohrconsulting.com
41809,Life Science Law,http://www.lslaw.co.uk
41810,Psicurity,http://www.psicurity.com
41811,Scoop News Group,http://scoopnewsgroup.com
41812,"Modleski Web Design, LLC",https://modleskiweb.com
41813,X-Lab,http://www.x-labsystems.com
41814,The Collaboration Company,http://www.collaborationcompany.com
41815,CWSI,https://cwsisecurity.com/
41816,Programmers Force,https://pf.com.pk/apply-now/
41817,HostDr,https://hostdr.co
41818,HRLocker,https://www.hrlocker.com
41819,Financial Careers Ltd,https://www.financialcareersltd.co.uk/
41820,Institute of Global Macro & Portfolio Management,https://www.igm.ac/
41821,GreatSchools.org,https://www.greatschools.org/
41822,Web3 Talent Agency,https://web3talent.tech/
41823,Close Brothers Asset Finance and Leasing,http://www.closeasset.co.uk/
41825,AIS Technology,http://aistech.co.uk
41826,Comparitech,https://www.comparitech.com
41827,TC Facilities Management,http://www.tcfm.co.uk/
41828,LT Selection Ltd,http://www.ltselection.co.uk/
41829,ICAgile,http://www.icagile.com/
41830,Ward Howell International,http://www.ward-howell.com
41831,CVP (Customer Value Partners),http://www.cvpcorp.com
41832,VIOTAS,http://www.VIOTAS.com
41833,Deesse by Ella Heart,www.ellaheart.co.uk
41834,BlackArrow,https://www.blackarrowgroup.io/
41835,Modernize,http://www.modernize.io
41836,Bodum,https://www.bodum.com
41837,Lodestone Mortgages & Protection,http://www.lodestone.mortgage
41838,Technical Interviewers,http://techinterviewers.com
41839,IntelliSavvy,https://www.intellisavvy.com
41840,Cardone Ventures,http://www.cardoneventures.com/
41841,European Leveraged Finance Association,http://www.elfainvestors.com
41842,Diversified Solutions,http://www.div-sol.com
41843,Top Recruit,https://www.top-recruit.co.uk/
41844,Zenzo Digital,http://www.zenzodigital.co.uk
41845,Polyvinyl Records,http://www.polyvinylrecords.com
41846,The Indigo Road Hospitality Group,https://www.theindigoroad.com/
41847,The Education and Training Foundation,http://www.etfoundation.co.uk/
41848,Water Born Media Ltd,https://www.waterbornmedia.com/
41849,Debite,https://debite.io/
41850,Foundation Recruitment,http://www.foundationrecruitment.com
41851,blow LTD,http://www.blowltd.com
41852,Booksy UK and Ireland,http://booksy.com/en-gb
41853,Life Ikonic,www.lifeikonic.com
41854,Cleanpark UK,http://www.cleanparkuk.com/
41855,Sonrai Security,https://sonraisecurity.com
41856,"Live Planet, Inc.",https://vividlabs.com/
41857,RapidAscent,https://rapidascent.com/
41858,Apollo Polls,http://www.apollopolls.com
41859,Asset Management Fidelity,http://www.amfinvestments.com
41860,W2 Contract Jobs,http://www.w2contract.com
41861,Look Ahead Care and Support,http://www.lookahead.org.uk
41862,Neatleaf,https://www.neatleaf.com
41863,BotsAndUs,https://www.botsandus.com
41864,Space Goods,http://www.spacegoods.com/
41865,Unify,http://www.unify.com/
41866,EllisKnight International Recruitment - Certified B Corporation® ,https://www.ellisknight.com/
41867,Kubit,https://kubit.ai
41868,ENV Media,http://env.media/
41869,Bold+Beyond,http://www.boldbeyond.com
41870,Dilan Alexander,https://www.youtube.com/channel/UCtDY7tubfZnaK8oAoaWNSWw
41871,Fusion Worldwide,http://www.fusionww.com
41872,Vybe Social,https://www.vybesocial.app/
41873,HereYaGo,http://www.hereyago.com
41875,Old Rope Music Group,http://www.oldroperecords.com
41876,Bhuvi IT Solutions,http://bhuviits.com/
41877,Active Partners Trust,https://www.activepartnerstrust.org.uk/
41878,Five Lives,https://fivelives.health/
41879,Fair Forex,http://www.fairforex.com
41880,One World Women,http://twitter.com/oneworldwomen1
41881,Salisbury Highway Veterinary Surgery,http://shvs.com.au
41882,myPOS,https://www.mypos.com/
41883,Task Force Talent,https://www.taskforcetalent.com/
41884,"Webilent Technology, Inc.",http://www.webilent.com
41885,Pensions for Purpose,http://www.pensionsforpurpose.com
41886,2 Circles Solutions,https://2circlessolutions.com/
41887,Équité Association,https://www.equiteassociation.com
41888,Imperial Professionals,http://www.imperialrecruitmentgroup.com/imperial-professionals/
41889,Post Urban,https://posturban.vc
41890,iSoftBet ,http://www.isoftbet.com/
41891,PDW Group (UK) LTD,http://www.pdwgroup.co.uk
41892,Solutran,http://www.solutran.com
41894,Police Digital Service,http://pds.police.uk
41895,Staykeepers,https://www.staykeepers.com/
41896,Visa Grab International Fzc Dubai,http://www.visagrab.asia
41897,XDEFI Wallet,https://www.xdefi.io
41898,Kodak Alaris,http://www.kodakalaris.com/
41899,goHappy,https://www.gohappyhub.com/
41901,"Proximity Learning, Inc.",http://proxlearn.com/
41902,CLUBZERØ,https://www.clubzero.co/find-out-more
41903,Popup Asylum LTD,www.popupasylum.co.uk
41904,Mercian Labels,https://www.mercianlabels.com/
41905,Pinnacle Tek LLC,https://www.pinnacletek.net/
41906,540,http://540.co
41907,Leading Motion Ltd,http://www.leadingmotion.co.uk
41908,"The GOG Foundation, Inc",https://www.gog.org
41909,Locality,http://www.locality.org.uk
41910,RevLocal,http://www.revlocal.com/
41911,Spetz,https://www.spetz.app
41912,Naftal Consulting,http://www.naftalconsulting.com
41913,Burendo,http://burendo.com/
41914,Realtors Property Resource (RPR),http://www.narrpr.com
41915,EverWash,http://www.everwash.com
41916,Greatscale Ventures,http://greatscale.ventures
41917,DIREK LTD,http://www.direk.io
41918,The Munroe Agency,http://www.munroe.com
41919,Impact Logic,http://www.impactlogic.com
41920,Bizintex Inc,http://www.bizintex.com
41921,Mantis Innovation,https://www.mantisinnovation.com/
41922,KONEXA Talent Engagement,http://www.konexa.cl
41923,CG-VAK Software USA Inc,http://www.cgvak.com
41924,OCP,https://www.ocp.org
41925,Radius Payment Solutions Limited,https://www.radiuspaymentsolutions.com/careers/
41926,Driveway,http://www.driveway.app/
41927,SeedL (Live Virtual Interactive Learning),http://www.seedlgroup.com/
41928,DRUID AI,http://www.druidai.com/
41929,Slide,http://www.slideinsurance.com
41930,Surge – a Catalyte company,http://www.surgeforward.com
41931,American Partners,http://www.americanpartnersinc.com
41932,Agriconnect,https://www.agriconnect.com/
41933,Techyon Italia,https://www.techyon.it/
41934,Centurion Safety,http://www.centurionsafety.eu
41935,Segal McCambridge ,http://www.smsm.com
41936,Professional Insight,http://www.professional-insight.com
41937,nowhere Group Ltd,http://www.now-here.com
41938,Digital Maelstrom,https://www.digitalmaelstrom.net
41939,Strong Gens,http://www.strong-gens.com/
41940,KhyathiTech Corp,http://www.KhyathiTech.com
41941,Atos Medical,http://www.atosmedical.com
41943,TA Builder,http://www.tabuilder.com/
41944,Alula,http://alula.net
41945,CMO Group PLC,http://www.cmogroup.com
41946,Pia Financial Solutions,http://www.piafs.co.uk
41947,Matsmart - Motatos,http://www.motatos.com
41948,Diesel Labs,https://diesellabs.com/
41949,Shippabo,http://www.shippabo.com
41950,Searley Owen,http://www.searleyowen.com/
41951,University of Arizona,http://arizona.edu
41952,Pocket Pinata Interactive,http://www.pocketpinata.com
41953,urbancoolab,https://urbancoolab.com/
41954,iSquareInfo LLC,http://www.isquareinfo.com
41955,Acoem UK,http://www.acoem.co.uk
41956,The AA,http://www.theaacareers.co.uk
41957,Progile Tech,https://www.progiletech.com
41958,MemberSpace,https://www.memberspace.com
41959,Fintelligence AG,http://www.fintelligence.ch/
41960,Marvel Technologies Inc,https://marveltechus.com
41961,East End Resources,http://www.eastendresources.com
41962,The Staffing Ninjas (TSN Partners),http://www.tsnpartners.com
41963,Techmorgonite Software Solutions,http://www.techmorgonite.com/
41964,HooYu,https://www.hooyu.com
41965,Technovision Inc.,http://www.technovision-inc.com
41966,Stage 32 (stage32.com),http://www.stage32.com
41967,Reflik,https://www.reflik.com
41968,Global Soft Technologies LLC,http://www.globalsofttech.us
41969,Big A Tech Search,http://www.BigATechSearch.com
41970,SourceFactor LLC,http://www.sourcefactor.com
41971,Bridge Technical Talent,http://www.bridge-talent.com
41972,Swantide,https://www.swantide.com/
41973,Digital Alliance,http://www.digitalalliance.net
41974,Gulfstream Aerospace,http://glf.aero/EXPLORE
41975,HCF Australia,http://www.hcf.com.au
41976,Virtus Talent,http://www.virtustalent.co.uk
41978,PRO IT USA,https://proit-usa.com/
41979,Great Gulf,http://www.greatgulf.com
41980,ALDI USA,https://careers.aldi.us/?utm_campaign=brand&utm_medium=social_media&utm_source=linkedin.com&utm_term=visit_website
41981,MoTek Technologies,http://www.motektech.com
41982,"Soterius, Inc.",https://www.soterius.com/
41983,NN INFOTECH LLC,http://www.nninfotech.com/
41984,Raindrops,https://www.raindropstechnology.com/
41985,Cannabliss®,https://cannabliss.com
41986,CoRecruitUSA,http://www.corecruitusa.com
41987,Blue Tiger,https://bluetiger.digital
41988,LER TechForce ,https://www.lertechforce.com/about-us
41989,Code for Australia,http://www.codeforaustralia.org
41990,"HotSpaces.Net, Consulting & Recruiting services since 1999",http://www.hotspaces.net/
41991,DPR Solutions,http://www.dprsolutions.co.uk
