,company_name,company_url
12162,Silent Eight,http://www.silenteight.com/
12163,Transport for Wales,http://tfw.gov.wales
12164,Heroes,https://www.makeheroes.co
12165,Zywa (YC W22),http://www.zywa.co/
12166,Morae,http://www.moraeglobal.com/
12167,MERJE,http://www.merje.com
12168,Antler,http://www.antler.co/
12169,Elsewhen,http://bit.ly/Elsewhen-LI
12170,RP International,http://www.rpint.com/
12171,Charities Aid Foundation,https://www.cafonline.org
12172,Sears Home Services,https://www.searshomeservices.com
12173,Alliance Global Advisors,http://www.alliance-globaladvisors.com
12174,Qolo,http://www.qolo.io/
12175,"BM Technologies, Inc. (BMTX) f/k/a BankMobile",http://www.bmtx.com
12176,Stock Traders Daily,https://members.stocktradersdaily.com/seo/freetrial.php?vendor=30
12177,ITExpertUS,http://itexpertus.com/
12178,The Bancorp,https://thebancorp.com/
12179,Launch Consulting Group,http://launchconsulting.com
12180,Star Technology Solutions Inc (StarTechs Inc),http://startechsinc.com
12181,Transom Consulting Group,http://www.transomconsulting.com
12182,Foundation,https://foundation.app/
12183,Shareworks by Morgan Stanley,https://www.shareworks.com
12184,AAFMAA Wealth Management & Trust LLC,https://www.aafmaa.com/wealth
12185,Amres Corporation,http://www.amresnetwork.com
12187,Doorway Home Loans,http://www.doorway.com/
12188,SimpleTire,https://bit.ly/Simple-Linkedin
12189,HireVibes,http://www.hirevibes.io/
12191,Aggne,http://www.aggne.com/
12192,"Shamrock Home Loans, Inc.",http://www.shamrockhomeloans.com
12193,Cortex Consultants LLC,http://www.cortexconsultants.com/
12194,Vetta,http://vetta.digital/
12195,Apidel Technologies,https://www.apideltech.com/
12196,"Zillion Technologies, Inc.",http://www.zilliontechnologies.com/
12197,Clifton Search,http://www.cliftonsearch.co.uk
12198,Inside Sales Staff,http://www.insidesalesstaff.com/
12199,Honorlock,http://honorlock.com/
12200,HomeTrust Bank,http://www.htb.com
12201,Xyant Services,http://www.xyant.com/
12202,Brookwood Recruitment Ltd,http://www.brookwoodrec.com
12203,International Medical Group (IMG),https://www.imglobal.com
12204,e.biT Consulting,http://www.e-bitconsulting.com/
12205,Leeds Professional Resources,http://www.leedsresources.com
12206,Kinetix,http://www.kinetixhr.com/
12207,inWebo,https://www.inwebo.com/?utm_source=LK&utm_medium=Lk_page&utm_campaign=Profil_LK
12208,Omna Search,http://omnasearch.com
12209,Alliance Credit Union,https://alliancecu.com
12210,"Wildfire Defense Insurance Services, Inc.",http://www.wdisinc.com
12211,Roots Automation,http://www.rootsautomation.com/
12212,Espresso,https://www.espresso.xyz/
12213,Federal Reserve Bank of Richmond,http://www.richmondfed.org/
12214,American National Bank & Trust Company,http://www.amnb.com
12215,Finalis,https://www.finalis.com/linkedin
12216,BciCapital,https://www.citynationalcm.com/specialty-lending/Equipment-Financing
12217,Mission Valley Bank,http://www.missionvalleybank.com/
12218,Spiral,https://spiral.us/
12219,Zonda,https://zondahome.com/
12220,Roo,https://roo.vet/
12221,Hatch,http://www.hatch.co
12222,SIGNA Sports United,https://www.signa-sportsunited.com/
12223,Crump Life Insurance Services,http://crump.com/
12224,CollegePads.com,https://www.rentcollegepads.com/?utm_source=linkedin&utm_medium=social&utm_campaign=bio&utm_content=
12225,Get Beyond,https://www.getbeyond.com
12226,"MSIG Holdings (U.S.A.), Inc. - Mitsui Sumitomo Marine Management (U.S.A.), Inc.",http://www.msigusa.com
12227,Holland America Line,http://www.hollandamerica.com
12228,Benchmark Search,http://www.benchmarksearchgroup.com
12229,ConSol Partners,http://www.consolpartners.com
12230,Agility 360,https://www.agility360.net/
12231,Ethos,http://www.ethoslife.com/
12232,"Fanatics, Inc.",http://www.fanaticsinc.com
12233,The Global FoodBanking Network,http://www.foodbanking.org/
12235,Millennium Corporation,http://www.millgroupinc.com/
12236,Prove,https://prove.com/
12237,Flybits,https://flybits.com
12238,PadSplit,http://padsplit.com
12239,Odessa,https://www.odessainc.com/
12240,Selene Finance LP,http://www.seleneadvantage.com
12241,LKIS Technologies,http://www.lkistech.com
12242,Oliver Parks,http://www.oliverparks.com
12243,AccruePartners,http://www.accruepartners.com/
12244,Sequence Systems,http://www.sequencestaffing.com
12245,Boats Group,http://www.boatsgroup.com/
12246,Ascent Services Group,https://ascentsg.com
12247,Community.com,http://www.community.com
12248,MOGEL,http://mogelrpo.com
12249,The Mom Project,http://themomproject.com/
12250,InShare,https://inshare.com/
12251,LoanStreet Inc.,http://www.loan-street.com
12252,Mark Technologies Inc,http://www.marktechnologiesinc.com
12253,Total Expert,https://totalexpert.com/
12254,ACCsurance,http://www.accsurance.com/
12255,Extra Card,https://extra.app/
12256,OneOncology,http://www.oneoncology.com/
12257,R.A Jones,http://www.rajones.com/
12258,Notion,https://notion.so
12259,B-Stock Solutions,https://bstock.com/
12260,Berkshire Bank,http://www.berkshirebank.com
12261,MIEC,http://www.miec.com/
12262,Arke,https://www.arke.com
12263,StraussGroup - Executive Search Consultants,http://www.straussgroup.com
12264,NAB,http://www.nab.com.au
12265,Elders,http://www.elders.com.au
12266,M3S - Total Talent Solutions,https://www.m3ssolutions.com/
12267,Sensibill,https://getsensibill.com/?utm_source=linkedin&utm_medium=social&utm_campaign=SensibillHomePage
12268,HomeEquity Bank,http://www.homeequitybank.ca
12269,Proto,https://www.proto.cx/
12270,Brim Financial,https://brimfinancial.com/
12271,Tangerine,http://www.tangerine.ca/
12272,World Parkinson's Program,https://www.pdprogram.org/
12273,Canadian Blood Services,https://blood.ca/
12274,Noble Futures | Specialist Recruitment for the Animal-Related Industries,http://www.noble-futures.com/
12275,RICS,https://bit.ly/3waDpo7
12276,Lucky Saint,http://www.luckysaint.co/
12277,Scout,http://www.wearescout.co.uk
12278,Breezy,http://breezy.io/
12279,Eastside Co (Shopify Plus Agency),https://eastsideco.com/
12280,Sabotage Agency,http://www.sabotage.agency
12281,Paragon Skills,http://www.paragonskills.co.uk/
12282,Appetite Development Studio Ltd,https://appetite.studio
12283,Howard Jackson Recruitment Limited,https://www.howardjackson.co.uk
12284,Pentera,https://www.pentera.io/
12285,Outfield Technologies,http://www.outfield.xyz
12286,Lyreco UK and Ireland,https://lyreco.com
12287,Aspion,http://www.aspion.co.uk/
12288,Bod Australia Limited,https://bodaustralia.com/
12289,Digital Salon,http://www.digitalsalongroup.com/
12290,RocketMill,http://www.rocketmill.co.uk
12291,MAAS Marketing,https://www.maas-marketing.co.uk/
12292,SKYLAN RECRUITMENT LIMITED,http://www.skylanrecruitment.co.uk/
12293,Growth Gorilla,https://growthgorilla.co.uk
12294,Adlib,http://www.adlibsoftware.com
12295,Get on Roads,http://www.getonroads.com
12296,Livetree,http://livetree.com/
12297,The Advocate Group,http://www.advocate-group.co.uk/
12298,Digital Aesthetics,https://digitalaesthetics.co.uk/
12299,Niche Website Builders,https://www.nichewebsite.builders
12300,Nobul Resourcing Solutions,http://www.nobulrs.com
12301,The TEFL Org | Market Leading Provider Of Courses To Teach English As A Foreign Language,http://www.tefl.org/
12302,Conundrum,https://www.conundrum.co.uk/
12303,Lyreco Group,https://www.lyreco.com/webshop/
12304,Sleek,https://sleek.com
12305,TechInsights,http://www.techinsights.com
12306,Power Factors,http://www.pfdrive.com/
12307,StaffHost Europe,https://www.StaffHostEurope.com
12308,Banham Group,http://www.banham.co.uk
12309,Essentra,https://www.essentraplc.com/
12310,British Gymnastics,http://www.british-gymnastics.org
12311,This Is Prime,http://www.thisisprime.co.uk
12312,PneumaticScaleAngelus,https://psangelus.com/
12313,Accruent,https://www.accruent.com/
12314,Nettitude Group,https://www.nettitude.com/
12315,RF-SMART,http://www.rfsmart.com/
12316,UPFRONT,http://weareupfront.com/
12317,3x Capital,https://3xcapital.fund/
12318,Life Fitness UK,https://www.lifefitness.co.uk/en-gb
12319,Wealth and Freedom Together,http://www.wealthandfreedomtogether.com
12320,DYWIDAG,http://www.dywidag.com
12321,FWB Park Brown,https://www.fwbparkbrown.com/
12322,FMCG Executive Network Ltd,http://www.fmcgexecutive.co.uk
12323,WDS,http://www.wds.co
12324,CF Social Work Ltd,http://www.cfsocialwork.co.uk
12325,Cambridge Innovation Consulting - CamIn,http://www.camin.com
12326,We Are Adam,http://www.weareadam.com/
12327,PM Society,http://www.pmsociety.org.uk/
12328,Group8,http://www.groupeightglobal.com/
12329,Davies McGrath Law,http://daviesmcgrathlaw.co.uk
12330,Specialist Ceramics,https://SpecialistCeramics.co.uk
12331,Mitchells & Butlers PLC,http://www.mbplc.com/
12332,NewAge Marketing,http://www.newagemarketing.co
12333,Reader's Digest UK (Vivat Direct Limited),http://www.readersdigest.co.uk
12334,Olatoo,http://www.olatoo.com
12335,Midmer Ltd,http://www.midmer.co.uk/
12336,Grant Thornton International Ltd,https://www.grantthornton.global/
12337,Eventus,http://www.eventussystems.com/
12338,Bigwave Marketing,https://www.bigwavemedia.co.uk
12339,Immersive Labs,https://www.immersivelabs.com
12340,Valiantys - Atlassian Platinum Solution Partner,http://www.valiantys.com
12341,Tridge,https://www.tridge.com/
12342,TopClosers ,http://www.topclosers.com
12343,Nodus Analytics Ltd,http://www.nodusanalytics.com
12344,NXT EQuity,http://www.nxtequity.com
12345,Takeover Marketing LTD.,https://www.takeovermarketing.co.uk/
12346,Collab,http://www.collab.com
12347,Reprise Digital UK,https://www.reprisedigital.com/
12348,Top Labels Online,http://www.toplabelsonline.com
12349,Beyond Expectations Limited,https://beyondexpectations.org.uk/contact/
12350,Kay Flawless ,http://www.kayflawless.com
12351,i3Secure Ltd,https://i3secure.co.uk
12352,FUEL10K,http://www.fuel10k.com
12353,recruitAbility,http://www.therecruitability.com/
12354,Telefónica Tech,https://tech.telefonica.com/es
12355,Rapid ERP,http://www.rapid-erp.com
12356,SHL,https://www.shl.com/
12357,The Pipeline Group,http://www.thepipelinegroup.io/
12359,Dobrin Homes,http://dobrinhomes.com/
12361,The Curtin Team ,https://www.curtinteam.com
12362,Yoga Nebula Inc.,https://yoganebula.com/hatha/corporate-wellness/
12363,"Lead Sherpa®, Inc.",http://leadsherpa.com
12364,"Change Finance, PBC",http://change-finance.com
12365,Sora,https://www.sora.co/
12366,Planful,http://www.planful.com
12367,WAC Lighting,http://www.waclighting.com/USA/
12368,Unifi,http://www.unifiservice.com
12369,hubli,https://www.hubli.com/
12370,Burnham Rosen Group,https://www.burnrose.com/
12371,Panera Bread,http://www.panerapeople.com
12372,Mosaic North America,http://www.mosaic.com
12373,Advanced Material Future Preparedness Taskforce,http://www.amptnetwork.com
12374,Scienaptic AI,http://www.scienaptic.ai/
12375,Netrush,https://netrush.com/
12376,"Emerald One, LLC",http://www.emeraldone.com
12377,Waters Agency,http://www.watersagency.com
