,company_name,company_url
10244,O'Brien Glass Industries,https://www.obriencareers.com.au/
10245,AnRKey X,https://anrkeyx.io/
10246,Edgewell Personal Care,http://www.edgewell.com/
10247,Invisible Partners,http://www.invisiblepartners.com.au/
10248,Mable,https://mable.com.au/
10249,Newmont Australia,http://www.newmont.com
10250,BI & DW Australia,http://www.bidwaustralia.com.au
10251,The Finance Stand,http://www.thefinancestand.com.au
10252,Tapanda Pty Ltd,http://www.tapanda.com.au
10253,TAO Solutions Inc.,http://www.taosolutions.ca/
10254,National Association for the Visual Arts,http://www.visualarts.net.au/
10255,Lydian Financial Services,http://www.lydian.com.au/
10256,Immutable,https://www.immutable.com/
10257,JD Ross Energy,http://www.jdrossenergy.com
10258,Digital Marketing Institute,https://digitalmarketinginstitute.com/
10259,Ascension Executive Recruitment,http://www.ascension.ie
10260,EXANTE,http://exante.eu/
10261,Jetbooks.ie,https://www.jetbooks.ie/
10262,The RFT Group ++ 353 (0)1 2302400,http://www.rftgroup.ie/
10263,Grant Thornton Ireland,http://www.grantthornton.ie
10264,Limelight Software,https://www.golimelight.com/
10265,theFinanceStack,http://www.thefinancestack.com
10266,Orlando Financial,https://www.facebook.com/Orlandofinancial
10267,The Mason Group - Strategic Search Partners,https://www.masongroup.ca
10268,Quality IT Resourcing,https://qitresourcing.com/
10269,ShyftLabs,https://shyftlabs.io/
10270,Forum Ventures,https://www.forumvc.com/
10271,Vaco Lannick,http://www.lannick.com
10272,Procurify,https://www.procurify.com
10273,Toyota Canada Inc.,http://www.toyota.ca
10274,Miami Ad School Toronto,http://www.miamiadschool.ca/
10275,William F. White International Inc.,http://www.whites.com
10276,Environics Research,https://environics.ca/
10277,Globe Electric,http://www.globe-electric.com
10278,WeCommerce,https://www.wecommerce.co
10279,The Federation of Community Social Services of BC,https://fcssbc.ca/
10280,Kassen Recruitment,http://kassen.ca
10281,Copper Cane Wines & Provisions,https://www.coppercane.com/
10282,Summit Search Group,http://www.summitsearchgroup.com
10283,LMC Healthcare,http://www.LMC.ca
10284,Wolseley Canada Inc.,http://www.wolseleyinc.ca
10285,CapIntel,https://capintel.com/
10286,HealthCareCAN - SoinsSantéCAN,https://www.healthcarecan.ca
10287,H&M,http://career.hm.com/content/hmcareer/entrance.html?redirect=true
10288,Flow Alkaline Spring Water,http://www.flowhydration.com
10289,HEXO Corp,https://www.hexocorp.com/
10290,BAM Strategy,http://www.bamstrategy.com/
10291,PolicyAdvisor,http://policyadvisor.com
10292,Stevenson & White,http://www.stevensonandwhite.com/
10293,Alithya,https://www.alithya.com/
10294,ESG Global Advisors Inc.,http://www.esgglobaladvisors.com/
10295,Picton Mahoney Asset Management,https://www.pictonmahoney.com/
10296,Wawanesa Insurance,http://www.wawanesa.com/
10297,hiring associates llc,http://www.hiringassociate.com
10298,BrainFinance,http://www.brainfinance.com
10299,Food Banks BC,http://www.foodbanksbc.com/
10300,Alinea International,https://www.alineainternational.com/
10301,MERIX Financial,http://www.merixfinancial.com/
10302,Ledcor,https://jobs.ledcor.com/
10303,Berger-Levrault North America,https://www.berger-levrault.com/ca/fr/
10304,Makeship,http://www.makeship.com
10305,Borrowell,https://www.borrowell.com/
10306,Merchant Growth,http://www.merchantgrowth.com
10307,Altiuss,http://altiuss.com
10308,IMV Inc.,http://imv-inc.com/
10309,ICES,http://www.ices.on.ca
10310,Harbinger Network Inc. ,http://www.harbingernetwork.ca/
10311,Multi-Health Systems Inc. (MHS),http://www.mhs.com/
10312,Uni-Select Inc.,https://www.uniselect.com
10313,LVI Associates,http://www.lviassociates.com
10314,Innomar Strategies,http://www.innomar-strategies.com
10315,iA Financial Group (Industrial Alliance),https://ia.ca/
10316,Inner City Health Associates,http://www.icha-toronto.ca/
10317,PayBright ,http://paybright.com/
10318,Xenon Pharmaceuticals Inc.,http://www.xenon-pharma.com/
10319,john st.,http://www.johnst.com
10320,Ubisoft,https://jobs.ubisoft.com/
10321,Drake International,http://www.drakeintl.com/
10322,The Conference Board of Canada,http://www.conferenceboard.ca/
10323,LHH Knightsbridge,https://www.lhh.com/lhhknightsbridge/en
10324,Prophix Software,http://www.prophix.com/
10325,Coast Capital Savings,http://www.coastcapitalsavings.com
10326,Fairstone,https://www.fairstone.ca/
10327,Insurance Supermarket Inc.,http://insurance-supermarket.ca/
10328,Medavie Blue Cross / Croix Bleue Medavie,https://www.medaviebc.ca/
10329,Outward Bound Canada,http://www.outwardbound.ca/
10330,Versapay,http://www.versapay.com?utm_campaign=Linkedin&utm_source=linkedin&utm_medium=social&utm_term=button&utm_content=custom-button-url
10331,Cambridge Brain Sciences,http://www.cambridgebrainsciences.com
10332,Federated Co-operatives Limited,https://www.co-op.crs/careers
10333,Argus Hospitality Group,https://www.argusproperties.ca/argus-group-companies
10334,Inkblot Therapy,http://inkblottherapy.com/
10335,Mojio,https://www.moj.io
10336,Cineplex,http://www.cineplex.com
10337,Canadian Musicians Co-operative,https://www.canadianmusicians.coop/
10338,ServiceNow,http://www.servicenow.com
10339,FGC Health,https://fgchealth.com/
10340,NetDynamic Consulting Inc.,https://netdynamicconsulting.com/
10341,Biron Health Group,http://www.biron.com/
10342,Sabio Inc. ,https://sabio.inc/
10343,Carousel Group,http://carouselgroup.net/
10344,"Paul Sidhu, Entrepreneur and Financial Service Broker",https://www.predictablebankonyourself.com/landing-page
10345,Vancity,https://www.vancity.com/
10346,Leap Recruitment Partners,http://www.leaprecruitment.ca
10347,Nature's Path Foods,http://www.naturespath.com/
10348,Finance Professionals Inc.,http://www.fpinc.ca
10349,Stericycle,https://linktr.ee/Stericycle
10350,CDI College,https://www.cdicollege.ca/
10351,NowVertical Group Inc.,http://www.nowvertical.com
10352,Toromont Cat,http://www.toromontcat.com
10353,BLANKSLATE Partners,http://blankslate.partners/
10354,Flinks,https://flinks.com
10355,SonicWall,http://www.sonicwall.com
10356,Uplift Inc.,http://www.uplift.com
10357,Knabu ,https://www.knabu.me/
10358,Global Reward Solutions,http://www.globalrewardsolutions.com
10359,Skillful,http://www.meetskillful.com
10360,Qudini - Retail Choreography,http://www.qudini.com/
10361,Evermore Global,http://evermoreglobal.co.uk/
10362,Meraki Talent Ltd,http://merakitalent.com/
10363,Fondy - Online Payments,https://fondy.io
10364,Pinsent Masons Vario,https://pinsentmasonsvario.com
10365,Search Talent LTD,http://www.searchtalent.co.uk/
10366,The Stephen James Partnership,http://www.thesjp.co.uk
10367,OXBO,http://oxbo.io
10368,Zafin,http://www.zafin.com
10369,Highbury Consulting,http://www.highburyconsulting.com
10370,Rhys & Moore Strategy Talent,http://www.rhys-moore.com/
10371,Genomics plc,http://www.genomicsplc.com/
10372,Jensten Group,http://www.jensten.co.uk/
10373,Montpellier Resourcing,http://www.montpellier.uk.com
10374,RTGS.global,https://rtgs.global/
10375,Lionchase North America,http://www.lionchase.com/
10376,Acorns,https://www.acorns.com/
10377,Dispute by LegalPine,https://getdispute.com
10378,Jadu,http://jadu.ar
10379,Federal Reserve Bank of Boston,https://www.bostonfed.org/
10380,Unique Wealth Strategies,http://www.uniquewealthstrategies.com/
10381,Synovus,http://www.synovus.com
10382,Green Rhino Recruitment,http://www.greenrhinorecruitment.com/
10383,FirstBank & Trust,https://www.firstbanktexas.com/
10384,CRG,https://getcrg.com/
10385,BillGO,http://www.billgo.com/
10386,United Way of Central Maryland,https://www.uwcm.org/
10387,Super Soccer Stars,http://supersoccerstars.com/
10388,Blue Bottle Coffee,https://jobs.lever.co/bluebottlecoffee
10389,City National Bank of Florida,http://www.citynational.com
10390,Mos,https://www.mos.com
10391,Illinois SBDC at the Starved Rock Country Alliance,http://www.alliancesbdc.org/
10392,Claire Myers Consulting,http://www.clairemyersconsulting.com
10393,Numerated,https://numerated.com
10394,"Foreside Financial Group, LLC",https://www.foreside.com/
10395,Vetsource,https://www.vetsource.com/
10396,Aureon Consulting,https://www.aureonconsulting.com
10397,ClearSpend,http://www.clearspend.com
10398,DigitalPay,http://www.digitalpay.us/
10399,Railsbank,http://www.railsbank.com
10400,Matrix IFS,http://www.matrix-ifs.com
10401,"Five Rings Financial, LLC",http://www.FiveRIngsFinancial.com
10402,Hitachi Solutions America,https://global.hitachi-solutions.com/
10403,Center for Audit Quality,http://www.thecaq.org
10404,Fíonta,http://www.fionta.com/
10405,"Alison Brown Placement Specialists, LLC",http://www.abplacements.com
10406,21st Century Democrats,https://www.21stcenturydems.org/
10407,FIMC,https://www.fimc.com/
10408,"KGS Technology Group, Inc",http://www.kgstechnologygroup.com
10409,Hometap,http://www.hometap.com/
10410,DallasTek Software Solutions,http://www.dallasteksol.com
10411,Altisource,http://www.altisource.com
10412,Charter Partners Inc.,http://www.charterpartners.com
10413,Pillar Two,https://www.pillar-two.com/
10414,Attra,http://www.attra.com/
10415,Compas,http://www.compas.com.au/
10416,Afterpay,http://www.afterpay.com.au
10417,Vantage Resources,http://www.vantage.ie/
10418,Hiive,http://www.hiivemarkets.com
10419,WiseHome Investment Group,https://www.wisehomeinvestmentgroup.com/
10420,Zūm Rails,https://zumrails.com/
10421,PartnerStack,http://www.PartnerStack.com
10422,ClearEstate,https://www.clearestate.com/
10423,Adfast,https://adfastcorp.com/en/
10424,Dialog Insight,http://www.dialoginsight.com
10425,Daylight,https://daylight.io/
10426,Aviva Canada,http://www.aviva.ca
10427,Canada Life,http://www.canadalife.com
10428,Payments Recruitment Limited,http://www.payments-recruitment.co.uk
10429,Save the Children UK,https://www.savethechildren.org.uk/
10430,Sanderson Design Group plc.,https://www.sandersondesign.group
10431,Unilink,http://www.unilink.com
10432,Plumm,https://www.plummhealth.com/
10433,Gina M. Palazzo Graphic Design,http://www.palazzographicdesign.com
10434,Breakline,https://breaklineagency.com/
10435,Webrecruit,https://www.webrecruit.co
10436,Birds Eye UK & IE,http://www.birdseye.co.uk
10437,Westminster Forum Projects,https://www.westminsterforumprojects.co.uk/
10438,ITAM FORUM,http://www.itamf.org/
10439,Excelerate360,http://www.excelerate360.com/
10440,Ingeus,http://www.ingeus.com/uk
10441,The Happy Learning Company,http://www.thehappylearningco.uk/
10442,Pawprint,http://www.pawprint.eco/
10443,Fuel50,https://fuel50.com/
10444,Retail Marketing International,https://rmi.co/
10445,ghSMART,http://www.ghsmart.com
10446,Lumity,http://www.lumitylife.co.uk
10447,Huntress,http://www.huntress.co.uk
10448,E.L.F. BEAUTY,https://www.elfbeauty.com/
10449,ALS Recruiting Ltd,https://www.alsrecruiting.com/
10450,Wilson Grey,https://wilson-grey.com/
10451,TIDAL DIGITAL,https://tidal.digital/?utm_source=linkedin&utm_medium=social&utm_campaign=visit-website-button
10452,Floral Image,https://floralimage.com/
10453,Monumental,http://www.monumentalmarketing.co.uk
10454,Get More Vits,http://www.getmorevits.com
