,company_name,company_url
21368,iTvorks Inc,http://itvorks.com/
21369,Learn In,http://www.learnin.com/
21370,4Geeks Academy,https://www.4geeksacademy.com/
21371,Model-Prime,http://www.model-prime.com
21372,Wiltek Solutions,https://wiltek.org
21373,VIPFicated,http://www.vipficated.com/
21374,Plnar,http://www.plnar.ai
21375,Artsy,https://www.artsy.net/
21376,DEW SOFTWARE INC,http://www.dewsoftware.com
21377,DANAConnect,https://www.danaconnect.com
21378,SMBX,http://thesmbx.com/
21379,FSI,https://www.fsiservices.com
21380,Strollbar,http://www.strollbar.com
21381,FCamara Consulting & Training,http://www.fcamara.com.br
21382,ABN TECH CORP,https://abntechcorp.com
21383,University of Illinois System,http://www.uillinois.edu/
21384,Elite Technical,http://www.elitetechnical.com
21385,GraGo Inc,https://www.grago.io/
21386,RightStone,https://www.rightstone.com/
21387,"Pharmacy Quality Solutions, Inc.",https://www.pharmacyquality.com
21388,Conga,https://conga.com/
21389,"Quintar, Inc",http://quintar.ai
21390,ImagineX Consulting,http://www.imaginexconsulting.com
21391,Eppo,http://www.geteppo.com
21392,"ABAL Technologies, Inc",http://www.abaltech.com
21393,Zartico,https://www.zartico.com
21394,Get Well,http://www.getwellnetwork.com
21395,IDC Technologies Solutions Pvt Ltd,http://idctechnologies.com/
21396,KohliSys,http://www.kohlisys.com
21397,Imperfect Foods,http://www.imperfectfoods.com
21398,Risen One Consulting,https://www.risen-one.com/
21399,Udo,http://udo.com
21400,LendingTree,https://www.lendingtree.com/careers/
21401,Vineti,https://www.vineti.com/
21402,Elevate Security,http://www.elevatesecurity.com/
21403,Smart Church Solutions,http://www.smartchurchsolutions.com
21404,Moment House,https://www.momenthouse.com
21405,Kutir Corporation,http://www.kutirtech.com
21406,Level Access,https://www.levelaccess.com
21407,Collegiate Admission and Retention Solutions,http://www.collegiatersvp.com/
21408,Coin Metrics,https://coinmetrics.io/
21409,CalTech IT Solution - Staffing & IT Services,http://www.caltechits.com
21410,"Penta Technologies, Inc.",http://www.penta.com
21411,Forte Group,http://www.fortegrp.com
21412,Stream 9,https://www.stream9.net/
21413,Saven Tech,https://www.saventech.com/
21414,Integration International Inc.,http://www.i3intl.com/
21415,"Resource Squared, LLC",https://www.r2.work/
21416,Wider Circle,http://www.widercircle.com
21417,Bungie,https://careers.bungie.com/
21418,Lunar Solar Group,https://lunarsolargroup.com/
21419,SeekOut,http://seekout.com
21420,Mantle,http://www.mantle3d.com
21421,OurFamilyWizard,https://www.ourfamilywizard.com
21422,Little Bear Labs,https://littlebearlabs.io
21423,Ginkgo Software,https://ginkgosoftware.io/
21424,OmegaHires,http://www.omegahires.com
21425,Entegee,http://www.Entegee.com
21426,Teamware Solutions a division of Quantum Leap Consulting Pvt. Ltd,http://www.teamwaresolutions.net
21427,Mayvue Solutions,http://www.mayvue.com
21428,Coforma,https://coforma.io
21429,TimeDoc Health,http://www.timedochealth.com/
21430,MassageBook,http://www.massagebook.com
21431,Premier Talent Partners,http://www.premiertalentpartners.com/?utm_source=Linkedin&utm_medium=profile
21432,TekStaff Solutions,http://www.tekstaffinc.com
21433,Amare Global,http://www.amareglobal.com
21434,KitBash3D,https://www.kitbash3d.com/
21435,Ad Leverage,http://www.adleverage.com
21436,"SysLogic, Inc.",http://www.syslogicinc.com
21437,enGenius Consulting Group,https://engeniusinc.com
21438,"Market Street Talent, Inc.",http://www.marketstreettalent.com/
21439,Sendwave (International Remittance),http://www.sendwave.com
21440,DuskRise,http://www.duskrise.com/
21441,Peloton Interactive,http://www.onepeloton.com/
21442,morphood,https://www.morphood.com/
21443,Feather,https://feather-insurance.com/
21444,ClarisHealth,https://www.clarishealth.com/
21445,Nifty Island 🏝,https://www.niftyisland.com/
21446,"Sherpa 6, Inc.",https://www.sherpa6.com
21447,"Yudrio, Inc.",https://www.yudrio.com
21448,Shyft6,http://www.shyft6.com
21449,AWS Jobs,https://bit.ly/3dncNX9
21450,"Synergy Business Consulting, Inc.",http://www.synergybc.com
21451,Everykey,https://everykey.com
21452,Wunder,http://www.wundercapital.com/linkedin
21453,Voto Consulting LLC,http://www.votoconsulting.com/#
21454,ClearObject,http://www.clearobject.com/
21455,Abercrombie & Fitch Co.,http://corporate.abercrombie.com/
21456,"onXmaps, Inc.",https://www.onxmaps.com/careers
21457,Brain Bee LLC,http://www.brainbeeus.com/
21458,Agilious,http://www.agilious.com
21459,Triple Whale 🐳,https://trytriplewhale.com/
21460,NEWNESS,https://newness.com/
21461,ExtrasJar,http://extrasjar.com
21462,Körber Supply Chain APAC,https://www.koerber-supplychain.com/
21463,ConsultXperts,http://www.consultxperts.com
21464,Sirius People,https://www.siriuspeople.com.au/
21465,NovaWorks® Australia,https://www.novaworks.com.au
21466,Ommi Solutions,http://www.ommisolutions.com.au/
21467,Learnosity,https://learnosity.com/
21468,Lantek,https://www.lantek.com
21469,Stone Door Group,http://www.stonedoorgroup.com/
21470,Art Processors,https://artprocessors.net/
21471,EO Consulting,http://www.eoconsulting.com.au
21472,Signagelive - Digital Signage Software and Headless API-first Platform,https://www.signagelive.com/
21473,2XM Technology Pty Ltd,http://www.2xmtechnology.com.au
21474,APWireless Australia,https://www.apwireless.com.au/
21475,Nimble,https://nimblehq.co
21476,Crew Talent Advisory ,https://wearecrew.io
21477,Binance Australia,https://www.binance.com/en-AU
21478,Priority Crypto Jobs,http://prioritycrypto.jobs
21479,Carrington Associates Asia Pacific,http://www.caap.com.au
21480,idiom australia pty ltd,http://www.idiom.guru
21481,Albemarle Corporation,http://www.albemarle.com
21482,humm UK & Ireland,http://shophumm.com
21483,Eden Recruitment,http://www.edenrecruitment.ie
21484,DVT,https://www.dvtsoftware.com
21485,Sobi Analytics,http://www.sobianalytics.com/
21486,Showoff.ie,http://showoff.ie/
21487,Veritek Global Ltd,http://www.veritekglobal.com
21488,Afiniti,https://www.afiniti.com/
21489,N3,http://www.n3results.com
21490,Connexus Recruit,https://www.connexusrecruit.com/
21491,X Display Company (XDC),https://www.xdisplay.com/
21492,eHealth Innovation @ UHN ,http://www.ehealthinnovation.org/
21493,KNS IT GROUP,https://knsitgroup.com/
21494,Yookute,https://www.yookute.com
21495,Netlift,https://www.netlift.me/
21496,Battlefy,https://battlefy.com
21497,MaxSys Staffing & Consulting,http://www.maxsys.ca
21498,Disco,http://disco.co/
21499,Noibu,http://noibu.com
21500,Solutions XPR,#
21501,Yoush Consulting,http://www.yoush.com
21502,Evertz,http://www.evertz.com/
21503,MyFO-Tech,http://www.myfo.tech
21504,Experis Canada,http://www.experis.ca
21505,CHRONOMED,#
21506,Aethon Aerial Solutions,http://www.aethonaerial.com
21507,Whitecap Scientific Corporation,http://rov3d.com
21508,Pare,https://pare.pro?utm_source=linkedin&utm_medium=social&utm_campaign=always-on+-+pare+social+media+utm+planner&utm_content=profile+-+linkedin+profile+traffic
21509,Dc clientech solution Inc,http://www.dccts.com
21510,Meta IT North America,https://www.metait.ca
21511,Pettable,http://pettable.com
21512,Atimi Software,http://www.atimi.com
21513,Limeade,https://www.limeade.com
21514,Bonitasoft,https://www.bonitasoft.com
21515,PRA Canada,http://www.pragroup.ca
21516,TuGo Insurance,https://www.tugo.com/
21517,Speridian Technologies,https://www.speridian.com/
21518,Integrate 2 Cloud Apps,http://www.integrate2cloud.com
21519,"Stealth Monitoring, Inc.",http://www.stealthmonitoring.com/?utm_source=linkedin&utm_medium=post&utm_campaign=custom-button
21520,iVedha Inc.,http://www.ivedha.com/
21521,Transatlantic Business Consulting,http://www.tbconsulting.ca
21522,AirOps Database & Automation Consulting,http://airopsconsulting.org
21523,Collectio Inc.,http://collectio.ca
21524,Alrym Consulting,https://www.linkedin.com/company/421906/admin/
21525,Carta Worldwide,http://www.cartaworldwide.com/
21526,Square One Insurance Services,https://www.squareone.ca/careers
21527,Myant Inc.,http://www.myant.ca/
21528,SGB IT Services,https://sgbitservices.com/
21529,Air Transat,http://www.airtransat.com
21530,OneOcean Group,http://www.oneocean.com
21531,Maple Media,http://www.maplemedia.io/
21532,WorkAxle,https://workaxle.com/
21533,ImageX,https://imagexmedia.com
21534,MarketMuse,https://www.marketmuse.com/
21535,Gologic Inc.,http://www.gologic.ca/
21536,Combyne Ag,https://welcome.combyne.ag/
21537,BorderlessHR Inc.,https://www.borderlesshr.com
21538,Handa Travel Group,http://www.handatravelgroup.com
21539,Solvera Solutions,http://www.solvera.ca/
21540,SoundHound ,https://soundhound.com/?utm_source=linkedin&utm_medium=social&utm_campaign=linkedIn%20cta
21541,Datamatics,https://www.datamatics.com
21542,Optovia,http://www.optovia.com
21543,Discovered Intelligence Inc.,https://DiscoveredIntelligence.ca
21544,NexJ Systems,http://www.nexj.com/
21545,FH Health,https://www.fhhealth.com
21546,Sultans,http://www.sultans.co
21547,Loblaw Digital,http://loblawdigital.co/
21548,Valence Discovery,http://www.valencediscovery.com/
21549,ELEKS,https://eleks.com/
21550,Mighty,https://mightyapp.com
21551,Brainhunter Systems Ltd,https://www.brainhunter.com/EN/Home.html
21552,Kitty's Co.,http://kittys.co
21553,"Gaming Laboratories International, LLC",http://www.gaminglabs.com
21554,La Presse,#
21555,1perTInent,https://www.1pertinent.com/
21556,KLAVAN Physical and Cyber Security Services,http://klavansecurity.com/
21557,Condominium Authority of Ontario,http://www.condoauthorityontario.ca
21558,Striven Consulting,http://www.strivenconsulting.com/
21559,Savant Recruitment,http://savantrecruitment.ca
21560,Velveteen Music,http://www.velveteenaudio.com
21561,ACDI,https://www.acd-inc.com/
21562,Basetwo AI,https://www.basetwo.ai/
21563,Broker Launch,https://brokerlaunch.co.uk/
21564,Ukrainians in Wandsworth,https://www.justgiving.com/crowdfunding/ukrainians-in-wandsworth?utm_term=xqYKvgQjp
21565,OuiTrust,https://ouitrust.com/home
21566,Workwell,https://workwellsolutions.com/
21567,Love Care Recruitment,https://www.lovecarerecruitment.com/
21568,Templegate Recruitment,http://www.templegaterecruitment.com
21569,Modulaire Group,http://www.modulairegroup.com
21570,Astrum Search,http://www.astrumsearch.com/
21571,WildBrain,https://www.wildbrain.com/
21572,AG Barr,https://www.agbarr.co.uk/
21574,Making Tax Work Ltd,https://makingtax.work/
21575,Critical Software,http://www.criticalsoftware.com
21576,OSI Systems,http://www.osi-systems.com/
21577,Empiric Student Property plc,http://www.empiric.co.uk
21578,Wills Consultants Ltd,https://www.willsconsultants.com/
21579,International Youth Federation (IYF),http://www.iyfweb.org
