,company_name,company_url
26928,Kennelpak,http://www.kennelgate.co.uk
26929,TUSHY: For People Who Poop,http://hellotushy.com
26930,Freelance Design / Marketing Cosultant,http://www.sambatursourcing.com
26931,Green River,http://www.greenriver.com
26932,TRL,http://www.trl.co.uk
26933,Mayvenn,http://www.mayvenn.com
26934,Pear Therapeutics,http://www.peartherapeutics.com
26935,"MedImpact Healthcare Systems, Inc.",http://www.medimpact.com/
26936,Solvaria,http://www.solvaria.com
26937,Flex Technology Group,https://www.flextg.com
26938,1871,http://www.1871.com/
26939,IT Recruitment Solutions,https://itrecruitmentsolutions.co/
26940,LigoLab Information System,http://www.ligolab.com/
26941,Ace Technologies,http://www.acetechnologies.com/
26942,4Leisure Recruitment,http://www.4leisurerecruitment.co.uk/
26943,Norima Consulting Inc.,http://www.NorimaConsulting.com
26944,CET UK,http://www.cet-uk.com
26945,Abtran,http://www.abtran.com/
26946,Empowered Brands,https://www.empoweredbrands.co.uk/
26947,OGC Global,http://www.ogcglobal.com
26948,Foothold Technology,https://footholdtechnology.com/
26949,Sunrise Group Inc.,http://www.sunrisegroupinc.com/
26950,Hypernet Labs,https://hypernetlabs.io/
26951,Gambling.com Group,https://www.gambling.com/corporate
26952,Intelematics,https://www.intelematics.com/
26953,Defiant Digital,http://www.defiantdigital.com.au
26954,We The Protesters - Campaign Zero,https://www.joincampaignzero.org/
26955,Qumu Corporation,https://qumu.com/
26956,Outrider,http://www.outrider.ai
26957,Business Integra Inc,http://www.businessintegra.com
26958,"Schuback Search Associates, Ltd.",http://www.schubacksearch.com
26959,Genex Services,http://www.genexservices.com
26960,Avail,http://www.availcarsharing.com
26961,Key Infotek LLC,http://www.keyinfotek.com
26962,UnifyCloud LLC,http://www.unifycloud.com
26963,VIP Wireless,https://www.vipwireless.com/
26964,"TechLink Systems, Inc.",http://www.techlinksystems.com
26965,Findora Foundation,http://www.findora.org
26966,United Software Group Inc,http://www.usgrpinc.com
26967,TOP TECH CONSULTING INC,http://toptechconsulting.us/
26968,CartonCloud,https://www.cartoncloud.com
26969,KARL STORZ,http://www.karlstorz.com/
26970,Seminaut Inc,https://www.seminautdigital.com
26971,Microblink,https://microblink.com/?utm_source=linkedin&utm_medium=social&utm_campaign=linkedin-page-info&utm_content=web-site
26972,Buxton Consulting,http://www.buxtonconsulting.com/
26973,Lagom Technologies,http://lagomtechnologies.com/
26974,McGovern Outdoor,http://McGovernOutdoor.com
26975,NatCen Social Research,https://www.natcen.ac.uk
26976,West Shore Home,http://www.westshorehome.com
26977,Tandem Diabetes Care,http://www.tandemdiabetes.com
26978,Maddymoo Design,http://www.maddymoodesign.co.uk
26979,Sovereign Prime,http://Sovereignprime.com
26980,Kava Labs Inc,https://kava.io
26981,seoplus+,https://seoplus.com
26982,Care UK,https://www.careuk.com/
26983,Fluz,https://fluz.app/
26984,UFCU,http://www.ufcu.org
26985,DevReady,https://devready.io/
26986,Little Nudge,http://littlenudge.io/
26987,The Solicitors Group,https://thesolicitorsgroup.co.uk/
26988,ManoMano,http://www.manomano.fr/
26989,"M&M Custard, LLC dba Freddy's Frozen Custard & Steakburgers",http://www.scoopingsmiles.com
26990,Cloud Source Systems,https://cloudsourcesys.com
26991,DonorSearch,http://www.donorsearch.net/
26992,Metanomic™,http://metanomic.net/
26993,CloudZbridge USA,http://cloudzbridge.com
26994,ThinkHire LLC,http://www.thinkhire.net
26995,MotorK,https://www.motork.io/
26996,Diné Development Corporation,http://ddc-dine.com/
26997,LumiraDx,http://www.lumiradx.com
26998,MineralWare,http://www.MineralWare.com
26999,Advent Health Partners,https://AdventHP.com
27000,Pinch A Penny Pool Patio Spa,http://www.pinchapenny.com
27001,Spire Communications,http://www.spirecommunications.com
27002,Creative ITC,http://www.creative-itc.com
27003,Taleo Project Services Inc,http://www.taleoconnects.com/
27004,CrossBorder Solutions,https://crossborder.ai
27005,Guider,http://www.guider-ai.com
27006,TrustMeUp,http://www.trustmeup.com
27007,Team Odeon,https://www.odeonventures.com
27008,Trackunit,http://www.trackunit.com
27009,BookingLive,http://www.bookinglive.com/connect
27010,SM Recruitment Ltd,http://www.smrecruit.co.uk
27011,Mint Mobile,https://www.mintmobile.com/careers/
27012,Polarys,http://www.polarys.io
27013,Fluxtek Solutions Inc,http://www.fluxteksol.com/
27014,IXL Learning,https://www.ixl.com
27015,Logical ,http://www.logicalresources.com
27016,Yalo,http://yalo.com
27017,prAna,http://www.prana.com/
27018,Berger,http://www.berger.ca/
27019,Digital Masterplanning,http://digitalmasterplanning.com
27020,Consci,https://consci.com.au/
27021,HYR Global Source Inc,http://www.hyrglobalsource.com/
27022,Mode Mobile,https://www.modemobile.com
27023,IndeVets,http://www.indevets.com/
27024,"e&e IT Consulting Services, Inc.",http://www.ene-it-consulting.com
27025,Towne Park,http://www.townepark.com/
27026,Kollmorgen,http://www.kollmorgen.com/
27027,Clue,http://www.clue.co.uk/
27028,Fluid Branding,http://www.fluidbranding.com
27029,Riverside Health System,http://www.riversideonline.com
27030,SIFT Creative,http://www.siftcreative.com/
27031,HedgerWay: Senior Financial Recruitment,http://www.hedgerway.com
27032,Newton Colmore Consulting,http://www.newtoncolmore.com/
27033,Henry Ford Health,https://www.henryford.com/
27034,Guest Supply,http://www.guestsupply.com
27035,Eaglebrook Advisors,http://www.eaglebrookadvisors.com
27036,The Every Yoga Company,https://every.yoga/
27037,Red Acre Ltd,https://www.redacreltd.com/
27038,PatientPop Inc.,http://www.patientpop.com/
27039,DPD UK,http://www.dpd.co.uk
27040,Lanshore LLC,http://www.lanshore.com/
27041,National Association of Insurance Commissioners (NAIC),http://www.naic.org
27042,LoyaltyLion,https://loyaltylion.com
27043,Roblox,https://careers.roblox.com/
27044,"Kuali, Inc.",http://www.kuali.co
27045,Direct Speech,http://www.directspeech.com.au
27046,Vimeo,http://vimeo.com
27048,TITAN TECHNOLOGIES INC,http://www.titan-techs.com
27049,Buildout,http://buildout.com/
27050,KommForce Solutions Inc,http://www.kommforcesolutions.com/
27051,dotCMS,http://dotcms.com/
27052,DivIHN Integration Inc,http://www.divihn.com
27053,Progilisys Solutions,http://www.progilisys.com
27054,Hello Monday Club,https://community.hellomondayclub.com/
27055,CubeSmart,http://www.cubesmart.com
27056,TTA (The Training Associates),http://www.TheTrainingAssociates.com
27057,IMS Consulting,https://ims.consulting/
27058,Leica Geosystems part of Hexagon,http://www.leica-geosystems.it
27059,WithSecure,https://www.withsecure.com/en/about-us/careers-at-withsecure/open-jobs
27060,FreeWheel,http://www.freewheel.com
27061,MemberWise Jobs,https://membershipjobs.com
27062,MasterApp Labs,http://www.masterapplabs.com/
27063,STAT Revenue,http://www.statrevenue.com
27064,Royal BAM Group nv,https://www.bam.com
27065,Eden James Consulting,http://www.edenjames.co.uk
27066,TEECOM,http://teecom.com
27067,California Polytechnic State University-San Luis Obispo,http://www.calpoly.edu
27068,CorVel Corporation,https://www.corvel.com/
27069,Ambleglow,https://www.ambleglow.co.uk/?utm_source=LinkedIn&utm_medium=Social&utm_campaign=Page
27070,Aimpoint Digital,https://aimpointdigital.com/
27071,Allergy Therapeutics,http://www.allergytherapeutics.com
27072,Precise Solutions,http://www.precise-solutions.com/
27073,LineTen,http://www.lineten.com
27074,"Gateway Ticketing Systems, Inc.",http://www.gatewayticketing.com/
27075,Verisys Corporation,http://www.verisys.com
27076,Robinson & Birdsell Ltd,http://www.robinson-birdsell.co.uk
27077,BuzzRx,http://www.buzzrx.com
27078,itemis Inc. | Cybersecurity Solution for Automotive,https://www.itemis.us
27079,Nudj Life,https://www.nudj.life
27080,Pingboard,https://pingboard.com/
27081,SITA,https://www.sita.aero
27082,Catawiki,http://www.catawiki.com
27083,Innoflexion Technologies,http://www.Innoflexion.com
27084,Tapad,https://www.tapad.com
27085,Equilibrium Energy,https://boards.greenhouse.io/equilibriumenergy
27086,DAS Health,http://www.DAShealth.com
27087,GiftAFeeling Inc.,https://www.giftafeeling.com/
27088,Onebright,https://onebright.com/
27089,Alliance Benefit Group of Houston,http://www.abghouston.com
27090,Bernhard,http://www.bernhard.com
27091,U.S. Navy MWR,https://www.navymwr.org/
27092,60Hertz Energy,http://www.60hertzenergy.com/
27093,iQuasar Software Solutions,https://iquasarsolutions.com/
27094,"SE2, LLC",http://se2.com
27095,Storfund,https://www.storfund.com
27096,Ameriminds Solutions Inc,https://www.amerimindssol.com/
27097,HCL Australia Services Pty Limited,http://hclisd.com
27098,The Church of Jesus Christ of Latter-day Saints,http://careers.churchofjesuschrist.org
27099,LiveAction Software,https://www.liveaction.com/
27100,LACERA,http://www.lacera.com
27101,Outdoor Swimmer,http://www.outdoorswimmer.com/
27102,GreenLit Marketing,http://www.greenlitmarketing.com/
27103,InvestingChannel,http://www.InvestingChannel.com
27104,Blue Mountain,http://www.coolblue.com
27105,Spartronics,https://www.spartronics.com/
27106,P&O Cruises Careers,http://www.pocruisescareers.co.uk
27107,Qredo,https://www.qredo.com/
27108,Sewell Wallis,http://www.sewellwallis.co.uk
27109,"JM Family Enterprises, Inc.",http://www.jmfamily.com/careers
27110,CeresEd,http://www.ceres-ed.com
27111,Norsu Media Group,https://norsumediagroup.com
27112,Bettercast,http://bettercast.io/
27113,National Power,https://www.natpow.com
27114,Io,https://www.thrivewith.io/
27115,IAI Solutions,http://www.iaiitsolutions.com
27116,FAIRWINDS Credit Union,http://www.fairwinds.org/
27117,Huge,http://www.hugeinc.com
27118,Aspiranet,https://www.aspiranet.org/
27119,Cyber Legion,https://cyberlegion.io
27120,The Office of Experience,http://www.officeofexperience.com
27121,Mackenzie Jones,http://www.mackenziejones.co.uk
27122,Rapid Test & Trace Canada,https://rapidtestandtrace.ca/
27123,Faro Health Inc.,http://www.farohealth.com
27124,"Stride, Inc.",https://www.stridelearning.com/
27125,Walnut Coding,https://asia.walnut101.com/pc/
27126,Optimus - People. Solutions. Delivered.,http://optimus-us.com/
27127,State Farm ®,http://www.statefarm.com
27128,Utilligent,http://www.utilligent.com/
27129,Level 7 Search,http://www.level7search.com
27130,Publishers Clearing House,http://www.pchcareers.com/
27131,BAM,http://www.bamtheagency.com
27132,"Diversified Services Network, Inc.",http://www.dsnworldwide.com
27133,Mediant Health Resources,http://www.medianthealthcare.com
27134,Convergent Energy + Power,https://www.convergentep.com
27135,Humach,https://humach.com/
27136,RAAISE Staffing Solutions,https://raaisestaffingsolutions.com/
27137,FanTrade,https://fantrade.app/
27138,Eastman,http://www.eastman.com/
27139,HBR Consulting,http://www.hbrconsulting.com/
