,company_name,company_url
14094,Cargill,https://www.cargill.com/
14095,Haventree Bank,http://www.haventreebank.com
14096,Ezra Coaching,http://www.helloezra.com/
14097,Aurora Cannabis Inc.,http://auroramj.com
14098,Harley-Davidson Canada,https://www.harley-davidson.com/ca/en/index.html
14099,RenoRun,https://www.renorun.com
14100,Simplex Legal,http://www.simplexlegal.ca
14101,Carma Auto Finance Inc.,http://www.carmaautofinance.ca
14102,"Kelly Services (Canada), Ltd.",http://www.kellyservices.ca
14103,Dialogue,https://dialogue.co/
14104,O Strategies,https://www.ostrategies.ca/
14105,Clear Skies Investment Management,https://clearskiesinvest.com/
14106,Open Door Technology,https://www.opendoorerp.com/
14107,Scribd,http://www.scribd.com/
14108,Startup Canada,http://www.startupcan.ca/
14109,HR Associates,http://www.hrassociates.ca/
14110,Ruckus,http://BringRuckus.com
14111,SharpLight Technologies,http://www.sharplightech.com
14112,OpenTrust Consulting Inc.,http://www.opentrustconsulting.com
14113,Equitable Bank,http://www.equitablebank.ca
14114,Teach Away,http://www.teachaway.com
14115,Jonah Group,http://www.jonahgroup.com/
14116,VetCare Canada,https://vet-care.ca/
14117,Kabrita USA - The Gentle Goat Milk Foods,http://www.kabritaUSA.com
14118,"Canadian Bank Note Company, Limited",http://www.cbnco.com
14119,fabriik,https://www.fabriik.com/?utm_source=referral&utm_medium=organic&utm_campaign=linked_corp_page
14120,Meridian OneCap Credit Corp.,https://www.meridiancu.ca/OneCap/OneCapHome.aspx
14121,DUCA Financial Services Credit Union Ltd.,http://duca.com/
14122,Coty,https://www.coty.com/join-us
14123,Zensurance,https://www.zensurance.com
14124,British Columbia Construction Association (BCCA),http://www.bccassn.com
14125,Egale Canada ,http://www.egale.ca
14126,CooperVision,http://www.coopervision.com
14127,CellCarta,https://cellcarta.com/
14128,PaceZero Capital Partners Ltd.,https://www.pacezero.com/
14129,TForce Logistics,https://www.tforcelogistics.com/
14130,Vecima Networks Inc.,http://www.vecima.com
14131,Bonnefield,http://www.bonnefield.com
14132,Morson Canada,http://www.morsoncanada.com/
14133,Game Hive,http://www.gamehive.com
14134,RÀ,https://rasanctuaries.com/
14135,Lionhart Capital Ltd,http://www.lionhartcapital.com
14136,DTC Newsletter,https://dtcnews.link/linkedin
14137,Top of Mind,https://www.topofmind.work
14138,Business in the Streets,http://www.businessinthestreets.com/
14139,Fiserv,http://www.fiserv.com
14140,AstroPay,http://www.astropay.com/
14141,CAPSLOCK,https://capslock.ac
14142,Valutico,http://www.valutico.com/
14143,Alquilamicasa.com.ar,http://www.alquilamicasa.com.ar
14144,Sqope S.A.,http://www.sqope.lu/
14145,THC Recruitment Ltd,http://www.thcrecruitment.co.uk
14146,Eames Consulting,http://www.eamesconsulting.com
14147,Moneyhub,https://www.moneyhub.com/
14148,W1TTY,http://w1tty.com
14149,Quantum World Technologies Inc,http://www.quantumworld.us/
14150,Freemarket,https://wearefreemarket.com
14151,Octopus MoneyCoach,http://www.octopusmoneycoach.com/
14152,Advantage Smollan,http://www.advantagesmollan.com/
14153,The Big Issue,https://www.bigissue.com
14154,New Street Consulting Group (NSCG),https://www.nscg.com
14155,Turn/River Capital,http://www.turnriver.com
14156,Pay.UK,http://www.wearepay.uk
14157,Ferz Global Bank,http://www.ferzglobalbank.com
14158,Tilney Smith & Williamson,http://www.tsandw.com/
14159,Credrails,http://www.credrails.com
14160,New Jersey Economic Development Authority (NJEDA),http://www.njeda.com/
14161,Lili Blanc ,https://www.liliblanc.com
14162,Kwik Mortgage Corporation,http://www.kwikmtg.com
14163,Siemens,http://www.siemens.com/
14164,Byline Bank,https://www.bylinebank.com
14165,Headhunters,http://www.headhunt.co.za
14166,Avanta Ventures,http://www.avantaventures.com
14167,Oscar Health,https://www.hioscar.com/careers
14168,Hunter SF,http://www.hunter-sf.com
14169,"Rely Services, Inc.",https://www.relyservices.com
14170,Ascyndent,http://www.ascyndent.com
14171,"Flyp Financial, Inc.",http://www.flypmoney.com
14172,Wealth Without Wall Street,http://wealthwithoutwallstreet.com
14173,Alloya Corporate FCU,http://www.alloyacorp.org
14174,Happy Money,https://www.happymoney.com/?utm_source=linkedin-company-page
14175,P & C Ventures ,http://pandcventures.ca
14176,Policy Reporter,http://www.policyreporter.com
14177,HealthSherpa,https://www.healthsherpa.com/careers?utm_source=LinkedIn&utm_medium=Company%20Page&utm_campaign=HealthSherpa%20Research%3A%20LinkedIn&utm_term=Health%20Insurance
14178,PSG Global Solutions,http://www.psgglobal.com
14179,Resource Wranglers,https://www.resourcewranglers.com
14180,BlueOptima,https://www.blueoptima.com/careers
14181,Fruitful,http://www.fruitful.co
14182,"AMER Technology, Inc.",http://www.amersolutions.com/
14183,Tanu Infotech,http://www.tanuinfotech.com
14184,Firstsource,http://www.firstsource.com/
14185,Fortune,http://www.fortune.com/
14186,"ATD Technology LLC., a full-service Staffing & Recruiting Agency",http://www.atdtechnology.com
14187,ASSURANCE IQ,http://www.assurance.com/careers
14188,MetaSkills Consulting Group Inc.,http://metaskills.com
14189,The Dotcom Team,https://dotcom-team.com/
14190,"iServe Residential Lending, LLC NMLS #2914",http://www.iservelending.com/
14191,Evergreen Investments,http://www.evergreeninvestments.co
14192,CareerLearning,https://www.careerlearning.com/
14193,Corbin Advisors,https://corbinadvisors.com
14194,Sapiens,https://www.sapiens.com/
14195,Infotek Group of Companies,http://www.infotek-consulting.com
14196,Newgen Software,http://www.newgensoft.com/
14197,Edge Home Finance Corporation,http://www.edgehomefinance.com
14198,TVision,https://www.tvisioninsights.com/
14199,Bee Talent Solutions,http://www.beetalentsolutions.com
14200,Aperia Technologies,http://www.aperiatech.com
14201,"Relationship Velocity, LLC",https://relationshipvelocity.com/
14202,The Reserve Trust Company,https://www.reservetrust.com/
14203,AuthenticID,http://authenticid.com
14204,Babich & Associates,http://www.babich.com/
14205,Ramsey Solutions,http://www.RamseySolutions.com
14206,Atlantic Home Mortgage,https://atlantichm.com
14207,PPT Consulting | a Sia Partners Company,http://www.pptconsultants.com/
14208,Endeavor Agency,http://www.endeavorcre.com
14209,Premom - Now hiring!,http://premom.com
14210,TradeStation,https://www.TradeStation.com
14211,Matic,http://www.matic.com
14212,Fulton Bank,https://www.fultonbank.com/
14213,Wall Street Prep,http://www.wallstreetprep.com/
14214,Recruiter.com (Nasdaq:RCRT),https://www.recruiter.com/
14215,Hancock Whitney,http://www.hancockwhitney.com
14216,Eastern Bank,http://www.easternbank.com/
14217,Centercode,http://www.centercode.com
14218,Sundae,http://www.sundae.com
14219,Optizm Global,http://www.optizmglobal.com
14220,JBSA Career Development,http://www.jbsacareerdevelopment.com/
14221,Questpro,http://www.questpro.com/
14222,Gimmal,http://www.gimmal.com/
14223,Code3,http://www.code3.com/
14224,Signet Jewelers,http://www.signetjewelers.com/
14225,Baselane,http://www.baselane.com/
14226,JG Wentworth,http://www.jgwentworth.com
14227,Creative Circle,https://www.creativecircle.com/
14228,Guaranteed Rate Affinity,http://www.grarate.com/
14229,Weedmaps,http://weedmaps.com
14230,Wellfleet,https://wellfleetinsurance.com/
14231,Hourly,http://www.hourly.io/
14232,Mercy For Animals,http://www.mercyforanimals.org/
14233,Alegeus,https://www.alegeus.com/?utm_medium=social&utm_source=linkedin&utm_content=profile
14234,CITYMD,http://www.citymd.com
14235,First Community Mortgage,https://human.firstcommunitymortgage.com/
14236,Mockingbird,https://www.hellomockingbird.com
14237,Accutive,https://accutive.com/
14238,UProfit,https://uprofittrader.com/
14239,Madison Street Search,http://www.madisonstreetsearch.com
14240,Palm Ridge Capital,http://palmridgecapital.com
14241,Winston Staffing,http://www.winstonresources.com
14242,Bi3 Careers ,http://www.Bi3Careers.com
14243,Truehold,https://www.truehold.com/
14244,Truebill,https://www.truebill.com/
14245,TMC Financing,http://www.tmcfinancing.com
14246,The Cervantes Group,http://www.thecervantesgroup.com/
14247,Norton Rose Fulbright,http://www.nortonrosefulbright.com
14248,Meduvi,http://www.meduvi.com/
14249,Mars Veterinary Health,https://www.mars.com/made-by-mars/petcare
14250,GOAT Group,https://goatgroup.com
14251,AMN Healthcare,https://bit.ly/3oe35NU
14252,Altus Recruiting,http://www.altusrecruiting.com
14253,Diode Ventures | A Black & Veatch Company ,http://www.diodeventures.com
14254,"Fulling Management & Accounting, Inc.",http://www.fullingmgmt.com
14255,Oregon Lottery,http://www.oregonlottery.org
14256,Manpower San Diego,http://www.manpowersandiego.com/
14257,Crux Capital Partners,http://www.cruxcapitalpartners.com/
14258,Rush Gold,http://www.rush.gold/
14259,AutoLeap,https://autoleap.com/?utm_source=LinkedIn&utm_campaign=Linkedin%20Profile&utm_medium=social
14260,Lactalis Canada,http://www.lactalis.ca
14261,Essex Lake Group,http://www.essexlg.com
14262,SALT Lending,https://www.saltlending.com?utm_term=linkedin-companypage
14263,Veriday,http://www.veriday.com
14264,Arrow Workforce Solutions,http://www.arrowworkforce.com
14265,CILT (UK),http://www.ciltuk.org.uk
14266,Mind Over Mountains,http://www.mindovermountains.org.uk/
14267,Hilltop ,http://www.lovehilltop.com
14268,Extech 2000 Recruitment Limited,http://www.extech2000.co.uk
14269,Certus Graduate,https://www.certusgraduate.com
14270,Falanx Cyber,http://www.falanxcyber.com
14271,Beam,http://www.beam.org/
14272,Twenty One Twelve Marketing,http://2112.marketing/
14273,Fusion Professional Ltd,http://www.insightprofessional.co.uk
14274,Peppermint Soda,http://www.peppermintsoda.co.uk
14275,eXpresso PLUS ,https://www.expressoplus.com
14276,Buzmavi Logistics ,http://www.buzmavi.com
14277,Emu Electric Bikes,https://www.emubikes.com
14278,Hofy,https://www.hofy.co.uk
14279,Manchester Staff - The Manchester Recruitment Agency,https://www.manchesterstaff.com
14280,Utilita Energy,http://www.utilita.co.uk/
14281,Global Executive VA Ltd.,http://www.globalexecva.co.uk
14282,Gleanin,https://gleanin.com/
14283,Battalion,https://www.wearebattalion.com/
14284,Care Management Systems Ltd (CareDocs),http://www.caredocs.co.uk
14285,EBI,http://www.ebip.co.uk/
14286,Executive Partners Network,http://www.epnleads.com/
14287,Parkwood Leisure,http://www.parkwoodleisure.co.uk/
14288,Evsell,https://www.evsellltd.com/
14289,CloudPlexo,https://cloudplexo.com
14290,Kaiterra,https://www.kaiterra.com/en/index/
14291,Kiffgo | Autonomous Dispatch and Routing ,https://www.kiffgo.com/
14292,Gravicus,http://www.gravicus.com
14293,Elevate Field Marketing,http://www.elevate.uk.com/
14294,Dojo,https://dojo.tech
14295,CPM UK,http://www.uk.cpm-int.com
14296,Kairos Recruitment Group (Digital & Tech),http://www.krg.co.uk
14297,Constructor,https://bit.ly/39JOodR
14298,EdCast,https://www.edcast.com/
14299,Irwin Mitchell,http://www.irwinmitchell.com
14300,The Classification Guru Ltd,https://www.theclassificationguru.com/
14301,Listgrove Ltd,http://www.listgrove.com
14302,Argon Security,https://argon.io
14303,Bray Leino,https://www.brayleino.co.uk/
14304,SearchD,https://www.searchd.io
