,company_name,company_url
40695,LXT Works,http://lxtworks.com
40696,Smoothstack,http://www.smoothstack.com/
40697,NinjaCat,https://www.ninjacat.io/
40698,ExpertConnect Asia,http://www.expertconnect.asia
40699,Centre de maternité Mère et Monde,#
40700,Southern Veterinary Partners,http://www.svp.vet
40701,ABSC (Absolute Business Solutions Corp.),http://www.absc-us.com/
40702,Lexicon Solutions,https://lexiconsolutions.com/jobs/
40703,Vivent Health ,https://www.viventhealth.org
40704,Vee Technologies,http://www.veetechnologies.com/
40705,DevGrabr,http://www.devgrabr.com
40706,Ripple Effect,http://www.rippleeffect.com
40707,BodiGuard,https://www.bodiguard.io/
40708,iRacing.com,http://www.iRacing.com
40709,Cavnue,https://cavnue.com
40710,The Voleon Group,http://voleon.com/
40711,BravoTECH,https://www.bravotech.com
40712,Bouygues Construction Matériel,#
40713,Mavensoft Technologies,http://www.mavensoft.com
40714,Kinly ,http://www.bekinly.com
40715,imgix,http://www.imgix.com
40716,SAVVY Technology Solutions LLC,http://www.savvy-ts.com
40717,Vori,https://www.vori.com/about
40718,Afterman Software,http://www.aftermansoftware.com
40719,Madison Square Garden Entertainment Corp.,http://www.msgentertainment.com
40720,Pathfinders Advertising,http://www.pathfind.com
40721,Boomerang. Part of Publicis Groupe,https://boomerangagency.com/
40722,Allitix,https://www.allitix.com/
40723,Comcentric Inc.,http://www.comcentric.com/
40724,Retail Control Systems,https://www.retailcontrolsystems.com
40725,Amazon Usa Alexa,https://amazon-usa-alexa.com
40726,Wynmore Media,https://www.wynmoremedia.com/
40727,StellarFi 🚀,https://www.stellarfi.com/
40729,UNTUCKit,https://www.untuckit.com/?utm_source=OrganicSocial&utm_medium=LinkedIn&utm_campaign=VisitWebsite
40730,CybrSchools LLC,https://www.cybrschools.com/
40731,Go Testify Ltd,https://www.gotestify.com
40732,Webistry,http://www.webistry.com
40733,"Ascend Staffing Resources, LLC",http://www.ascendsr.com/
40734,Hoverstate,https://www.hoverstate.com
40735,HelmsBriscoe,http://www.helmsbriscoe.com
40736,Away,http://www.awaytravel.com
40737,New Visions for Public Schools,http://www.newvisions.org/
40738,Ejam Inc,http://ejam.com
40739,Portfolio T,https://www.portfoliot.com/
40740,Spade,http://www.spade.dev/
40741,REVOLVE,http://www.REVOLVE.com
40742,Babson Diagnostics,http://www.babsondx.com/
40744,Havens Group ,http://www.havensgroupkc.com
40745,Focus on Life Science,http://www.focusonlifescience.org/
40746,"Mungomash, LLC",http://mungomash.com
40748,Alera Group | Relph Benefit Advisors,http://www.rba.aleragroup.com.com/
40749,Veo,http://www.veoride.com
40750,Tech Holding,https://www.techholding.co
40751,Avive Solutions Inc.,http://www.avive.life
40752,Wenco International Mining Systems,http://www.wencomine.com
40753,Dasera,http://www.dasera.com
40754,Apploi,http://www.apploi.com/
40755,GoodLeap LLC,https://www.goodleap.com/
40756,Saratech,https://www.saratech.com/
40757,Lucasfilm,http://www.lucasfilm.com
40758,"Samirian Chemicals, Inc.",http://www.samirian.com/
40759,StackPath,https://www.stackpath.com
40760,Telos Gifting,https://www.telosgifting.com/
40761,X-Force,http://www.force-x.net
40762,Flexsin,http://www.flexsin.com/
40763,Lateetud,http://www.lateetud.com
40764,KOR Financial,http://www.korfinancial.com/
40765,MavenNext,http://www.mavennext.com
40766,"Infinite Resource Solutions, LLC",http://infiniters.com
40767,Defy Security,https://www.defysecurity.com
40768,Hinge,http://hinge.co
40769,"Anzu Global, LLC",http://www.anzuglobal.com
40770,RLA Engineering LLC,http://www.rlaengineers.com
40771,WeCloudData,https://weclouddata.com
40772,BlueVolt,https://www.bluevolt.com/
40773,MinterEllison,https://linktr.ee/MinterEllison
40775,Saxon Global,https://saxonglobal.com/
40776,Vocantas,https://www.vocantas.com
40777,Inperium Corp.,https://inperium.com
40778,Logient,#
40779,Towne & Locke,http://www.towneandlocke.com
40780,Signal Mutual,https://www.signalmutual.com/
40781,Curaytor,https://www.curaytor.com
40782,"Zymr, Inc.",https://www.zymr.com/
40783,V Group Inc.,https://www.vgroupinc.com
40784,ITTStar Consulting LLC,https://www.ittstar.com/index.html
40785,WeQual,https://www.wequal.com/
40786,"Global KTech Inc.,",http://www.GlobalKTech.com
40787,Plat4mation,https://www.plat4mation.com
40788,Primo Foods ,https://www.primo.com.au
40789,Whitridge Associates,http://www.whitridge.com
40791,Zen Ventures,https://zenventures.carrd.co/
40792,Technology Credit Union (Tech CU),https://www.techcu.com/
40793,ONEST,http://www.onesthealth.com
40794,BAS Services Australia Pty Ltd,http://www.sbfo.com.au/
40795,Elite TechSources,http://www.elitetechsources.com
40796,ngrok,https://ngrok.com/
40797,Xinnovit,http://www.xinnovit.com
40798,Centeva,https://www.centeva.com/
40799,Orion Financial Planning,http://www.orionfp.com.au
40800,"Medifast, Inc",https://medifastinc.com/careers/
40801,TechNix LLC,http://www.technixonline.com
40802,Labelmaster,http://www.labelmaster.com
40803,Vaadin,https://vaadin.com/
40804,Northbound Consulting,http://www.noboconsulting.com
40805,Reqsta,https://www.reqsta.com/
40806,SWIVEL,https://www.getswivel.io/index.html
40807,eInfochips (An Arrow Company),http://www.einfochips.com
40808,20Fathoms,http://www.20fathoms.org
40809,RSM Australia,http://www.rsm.com.au/
40811,Token Metrics,https://tokenmetrics.com
40812,Receipt.eco,https://www.receipt.eco/
40813,Vhigna Corporate,https://vhigna.com/
40814,KPI Integrated Solutions,http://www.kpisolutions.com
40815,Apiture,http://www.apiture.com
40816,CS GROUP,http://www.csgroup.eu
40817,Aegis Worldwide,http://www.teamaegis.com
40818,"BiologyWorks, Inc.",http://biologyworks.com/
40819,Clarus Group,http://www.clarusgroup.com
40820,BETTER LIFESTYLE GROUP,https://tripgift.com/b2b-bulk-custom-orders.aspx
40821,Gremlin,http://www.gremlin.com
40822,Australian BPD Foundation,https://bpdfoundation.org.au/
40823,Lumos Labs (Lumosity),http://www.lumosity.com
40824,Preston Harris Group,http://www.prestonharrisgroup.com/
40825,TripleLift,http://www.triplelift.com
40826,Toon Boom Animation,http://toonboom.com/
40827,Marie Lawrence Associates,https://mlasearch.com/
40828,The Connors Group,http://www.theconnorsgroup.com
40829,Locusview,http://www.locusview.com
40830,Wildcat Gear,http://www.wildcat.cc
40831,"Sysazzle, Inc.",http://www.sysazzle.com
40832,Cummins Inc.,http://www.cummins.com/
40833,Campfire Interactive,https://cfi2.com/
40834,Vivid Technologies Inc,http://www.vivid-technologies.com
40835,"Logix Guru, LLC",http://www.logixguru.com/
40836,American HealthCare Academy,http://cpraedcourse.com
40837,Janea Systems,http://www.janeasystems.com/
40838,Techniglobe inc,#
40839,emocha Health,http://www.emocha.com/
40840,Volterra Energy Marketplace Inc.,http://www.vem.energy
40841,"DVI Technologies, Inc.",http://www.dvitechnologies.com
40842,Geometric Wealth Advisors,http://www.geometricadvisors.com
40843,IntraHealth International,https://www.intrahealth.org/about-intrahealth-international
40844,AIS Software,https://www.aissoftware.com.mt
40845,Commonwealth of Massachusetts,http://www.mass.gov/jobs
40846,Arcadia Financial,https://arcadia.financial/
40847,Optivent Group Inc.,https://optiventgroup.com/
40848,Allied Solutions LLC,http://www.alliedsolutions.net/
40849,UCLA Health,https://www.uclahealth.org/coronavirus
40850,Mobile Impact,http://www.mobileimpactgroup.com
40851,Kaboodle,https://www.kaboodleit.com
40852,CHEMINTECH LLC,http://www.chemintech.com/
40853,"Silotech Group, Inc",https://silotechgroup.com
40854,Genisis Technology Solutions,http://genisistechnologysolutions.com/
40855,Simmons Foods,http://simmonsfoods.com/
40856,ATG Travel Worldwide,https://atgglobaltravel.com/
40857,CUMULUS MEDIA,http://www.cumulus.com
40858,"Profound Financial, PLLC",http://www.profoundfinancial.com
40859,Ingrain Systems Inc,http://www.ingrain.us
40860,Southern Cross Care Queensland,http://www.sccqld.com.au
40861,Reliance Connects,https://relianceconnects.com/
40862,Silver Lake Resources,http://www.silverlakeresources.com.au
40863,"MSM - Medical Specialties Managers, Inc.",http://www.msmhealth.com
40864,"MaxVal Group, Inc.",https://www.maxval.com
40865,"PAR Western Line Contractors, LLC",https://parwlc.com/
40866,NDH ,http://www.ndhcpa.com
40867,blimpp,http://www.blimpp.com
40868,Mindray Animal Medical,http://www.mindrayanimal.com/
40869,"George Consulting, LTD",http://www.georgeconsulting.com
40870,Technologent,https://www.technologent.com/
40871,"Vaught & Associates, Inc.",http://www.vaughtandassociates.com
40872,World Class Integration,http://www.worldclassintegration.com
40873,"TEAM, Inc.",http://www.teaminc.com
40874,On-Board Companies,http://www.onboardcompanies.com
40875,Cortex génie humain,#
40876,MECCA Brands,http://www.mecca.com.au/careers
40877,Markraft Cabinets,https://bit.ly/markraft-cabinets
40878,R3 Solutions llc,http://www.r3solutionsllc.com
40879,"Stellar Innovations & Solutions, Inc.",http://www.stellar-innovations.com/
40880,Vertex Professional Services (VPS),https://vps.vtxco.com/
40881,Kerr Wood Leidal Associates Ltd.,http://www.kwl.ca/
40882,Cultura Technologies,https://culturatech.com/
40883,Chenega Corporation,http://www.chenega.com
40884,Podfront UK,http://www.podfront.co.uk/
40885,Jam,https://jam.ai/
40886,Tech Soft Inc.,http://www.techsoft-inc.com/
40887,Kesem,http://kesem.org/
40888,mXa ,http://consultmxa.com
40889,Rx Return Services (RxRS),http://www.rxrs.com/
40890,ChristianaCare,http://careers.christianacare.org
40891,Myrge,https://www.myrged.com/
40892,Rocket Homes,https://www.rockethomes.com/
40893,Veyron Technologies Pvt Ltd,http://veyrontechnologies.com
40894,SRC,http://www.srcinc.com/careers
40895,GSS Infotech,http://www.gssinfotech.com/
40896,LogiCoy Inc.,http://www.logicoy.com
40897,Pixability,https://www.pixability.com
40898,Sycomp,http://www.sycomp.com
40899,Alara Imaging,https://www.alaracare.com/
40900,Verdugo Testing Co. Inc,http://www.verdugotesting.com
40901,JB Consulting Systems,http://jbconsultingsystems.com/
40902,GrayHair Software,http://www.grayhairsoftware.com/
40903,United Educators,https://www.ue.org/?linkedin-button
40904,Pinpoint Applicant Tracking System,https://www.pinpointhq.com/
40905,"CDS Global, Inc.",https://www.cds-global.com
40906,"Kinney Group, Inc.",https://www.kinneygroup.com
40907,"Elite Consulting, P.C.",https://elitetaxcut.com/
40908,Talk Recruitment,http://www.talkrecruitment.co.nz
40909,Axim Geospatial,http://www.aximgeo.com
40910,Elite Innovative Solutions Inc,http://www.eliteisinc.com
40911,Bath Fitter,https://www.bathfitter.com/career-home
