,company_name,company_url
27998,Karamba Security,http://www.karambasecurity.com/
27999,Jaxfo Apparel,https://www.jaxfoapparel.com/
28000,NHS Professionals,http://nhsprofessionals.nhs.uk/
28001,Tegus,https://www.tegus.co/careers
28002,Net at Work Inc.,http://netatwork.com
28003,Astroscale,http://www.astroscale.com/
28004,W3 Affinity,https://www.w3affinity.com/
28005,Selvita,http://www.selvita.com
28006,Sydney Web3 Community (NextGenius),https://www.twitter.com/sydney_web3
28007,The College of Saint Rose,http://www.strose.edu
28008,LubeCon USA,http://www.lubecon.com
28009,Formation Ventures,https://formation.ventures/
28010,Beacon Communities LLC,http://www.beaconcommunitiesllc.com
28011,Discovered People,http://www.discoveredpeople.com.au
28012,Ingram Micro Cloud,http://www.ingrammicrocloud.com/
28013,Holistic Project Management Consulting,http://www.holisticPMC.com
28014,The Artisan Drinks Co,https://www.artisandrinks.com/
28015,Freenome,http://www.freenome.com
28016,Boolean UK,https://www.boolean.co.uk
28017,"Mission Technologies, a division of HII",https://tsd.huntingtoningalls.com/
28018,"Berry Global, Inc.",http://www.berryglobal.com/
28019,Aareon UK,http://www.aareon.co.uk
28020,The Mortgage Recruiter,http://www.themtgrecruiter.com/
28021,TSI Incorporated,http://www.tsi.com
28022,Into Film,http://www.intofilm.org/
28023,Impact Partners Group Inc. Executive Search,http://impactpartners.com/
28024,TELUS International Europe,http://www.telusinternational.com/
28025,Pandasaurus Games,http://www.pandasaurusgames.com
28026,Vijilan Security,https://www.vijilan.com/
28027,UpSellit | Managed Conversion Optimization,http://www.upsellit.com/
28028,Odyssey Systems,http://www.odysseyconsult.com
28029,MicroStrategy,https://www.microstrategy.com/en/
28030,decent packaging,http://www.decentpackaging.co.uk
28031,ShipHawk,http://shiphawk.com
28032,Revegy,https://www.revegy.com/?utm_source=linkedin.com&utm_medium=social&utm_content=cta_button
28033,chloédigital,https://www.chloedigital.com/
28034,Firefish Software®,http://www.firefishsoftware.com
28035,Moston ,https://mostonconsultants.co.uk/
28036,Lime Talent,http://www.limetalentgroup.com
28037,Federal Reserve Bank of San Francisco,http://www.frbsf.org/
28038,Phase1 Recruitment,http://www.phase1recruitment.com
28039,Journey Hospitality,http://journey.travel/
28040,Skechers,http://about.skechers.com/careers/
28041,ZEISS Vision Care UK,https://www.zeiss.co.uk/vision-care/eye-care-professionals.html
28042,IntrinsiQ Specialty Solutions,http://www.intrinsiq.com
28043,Mirador Analytics,http://miradoranalytics.com
28044,"All Seasons Placement, Inc.",http://allseasonsplacement.com/
28045,Unity & Motion,http://unityandmotion.com
28046,Onco360 Oncology Pharmacy,https://www.Onco360.com
28047,Optimum Medical,http://www.optimummedical.co.uk/
28048,Moonraker Search,https://www.moonraker.io/
28049,Fortis,http://www.fortispay.com/
28050,Jourls Press,https://jourls.wordpress.com/
28051,White Coat Waste Project,http://www.whitecoatwaste.org/
28052,XB Consultants,http://www.xbconsultants.com
28053,CyberSafe Lab LTD,https://cybersafe.ltd
28054,Artisan Creative,http://www.artisancreative.com
28055,Cornwallis Elt,https://www.cornwalliselt.com
28056,Worldspark Studios,http://worldsparkstudios.com
28057,Bravo Sports,https://www.bravosportscorp.com/
28058,Forum Brands,https://www.forumbrands.com
28059,BluMint,http://blumint.io
28060,Go Maverick Group,http://www.gomaverickgroup.com
28061,Practical Islamic Finance,https://practicalislamicfinance.com
28062,New Age Software Services,http://www.newagesoft.com/
28063,The Resolute Group,http://www.resolutegrp.co.uk
28064,Essendant,http://www.essendant.com/
28065,dotSolved Systems Inc.,http://www.dotsolved.com/
28067,ProSearch,http://www.prosearchmaine.com
28068,PressPlay,https://www.pressplay.cc/
28069,USK Technologies ,http://www.usktechs.com
28070,Evernow,https://evernow.com/
28071,Houst,http://www.houst.com/
28073,Proximate Technologies Inc,https://proximatetech.com/
28074,WillScot,http://www.willscot.com
28075,Advana,https://advana.io/
28076,NISA Staffing Solutions,http://www.nisastaffingsolutions.com
28077,MGT,http://www.mgtconsulting.com/
28078,Reach Financial,http://www.reach.com
28079,Givelify,https://givelify.com/
28080,Saint-Gobain Weber UK & Ireland,http://www.uk.weber
28081,Agile Sourcing Partners,http://www.agilesourcingpartners.com
28082,"Robert Michael Communications, Inc.",http://www.rmcom.net/
28083,NASCO,http://nasco.com/
28084,Concept Services,https://conceptltd.com/
28085,Liberty Interactive Marketing,https://www.libertyinteractivemarketing.com
28086,Hospitality Energy Saving,http://www.hospitalityenergysaving.com
28087,Unishippers - Creative Control,https://www.unishippers.com/creativecontrol/
28088,Cultural Intelligence Center,http://www.culturalq.com
28089,Lucid Consulting Group,https://lucidconsulting.co/
28090,FinTrU,http://www.fintru.com/
28091,"Acumen, LLC",http://www.acumenllc.com/
28092,"Audacy, Inc.",http://www.audacyinc.com
28093,Zinier,https://www.zinier.com/
28094,Planned Parenthood Federation of America,http://www.plannedparenthood.org/
28095,Beyond Campus Innovations,https://beyondcampus.com/
28096,MA (Montreal Associates),https://www.montrealassociates.com
28097,ChenMed,https://www.chenmed.com/?utm_source=linkedin&utm_medium=social&utm_campaign=social_cta_button&utm_content=company_page
28099,Ghurka,http://ghurka.com
28100,TuSimple,https://www.tusimple.com/
28101,Sero,http://www.sero.life
28102,"AespaTech, LLC",http://www.aespatech.com
28104,Central Okanagan Divisions of Family Practice,https://www.divisionsbc.ca/central-okanagan
28105,TSSI Ltd,http://www.tssirecruit.com
28106,Vortex Consulting,https://www.vortexconsulting.net
28107,New York Life Insurance Company,http://www.newyorklife.com?cmpid=osm_Bd_na_lnkdin
28108,Sonny's Enterprises Inc. - Conveyorized Car Wash Equipment Leader,http://www.sonnysdirect.com
28109,VBA,http://www.vbasoftware.com
28110,DEFINITION 6,https://bit.ly/2G0ghB9
28111,MUSÉE MAGAZINE,http://museemagazine.com
28112,Colburn Financial,http://www.colburnfinancial.com
28113,R&S Robertson Lighting,http://www.rs-robertson.co.uk/
28114,Forsys Inc,https://forsysinc.com/
28115,Bodwé Professional Services Group,http://www.bodwegroup.com
28116,Stonewater,http://www.stonewater.org
28117,Lindt & Sprüngli (USA) Inc.,http://jobs.lindtusa.com
28118,Damo Consulting Inc.,https://www.damoconsulting.net/
28119,AIDA Healthcare,https://www.aidahealthcare.com/
28120,Proofpoint Marketing,http://www.proofpoint.marketing
28121,Valorem Reply,http://www.valoremreply.com
28122,activpayroll,http://www.activpayroll.com
28123,CASCO Pet,https://go.cascopet.com/l/876851/2021-09-08/l1pqzp
28124,Encore Information Systems Inc.,http://www.encoreinfosys.com
28125,SM2 Consulting,http://www.sm2-consulting.com
28126,FMC Corporation,http://www.fmc.com
28127,LAVORO,https://thelavoro.com/
28128,Harley-Davidson Financial Services,http://www.hdfsi.com
28129,Schroders Personal Wealth,http://www.spw.com
28130,Kyros AI,https://www.kyros.ai/
28131,Apptad Inc.,https://apptad.com
28132,WAE,http://waeapp.com
28133,Uncommon Marketing Works,http://www.uncommonmarketingworks.com
28134,Credit Master,https://mycreditmaster.net/
28135,Allvue Systems,http://www.allvuesystems.com
28136,White Rose Financial Services,https://www.tfaconnect.com/
28137,"AQUAOSO Technologies, PBC",https://www.AQUAOSO.com
28138,At Home Group Inc.,http://www.athome.com
28139,idyl,http://www.idyl.com
28140,"Marketing Access Services, Inc",http://www.marketingaccessservices.com
28141,Verz Design Pte Ltd,https://www.verzdesign.com
28142,British Pet Insurance,http://britishpetinsurance.co.uk
28143,NAG,http://www.nag.com
28144,Zappar,http://www.zappar.com/
28145,Smart Wires Inc.,http://www.smartwires.com/
28146,Equipt,https://www.joinequipt.com
28147,Globhunter,https://globhunter.com/
28148,Laureus Sport for Good Foundation USA (Laureus USA),http://www.LaureusUSA.com
28149,Luminex Corporation - A DiaSorin Company,https://www.luminexcorp.com/
28150,WFG/TFA,https://agents.worldfinancialgroup.com/benjamin-moore-85fte
28151,Crown Equipment Corporation,http://www.crown.com
28152,Flylance,http://flylance.com/
28153,Hydroviv,http://www.hydroviv.com
28154,PrimeGlobal - An Association of Independent Accounting Firms,http://www.primeglobal.net
28155,CB&S Bank,http://www.cbsbank.com
28156,Anthem,http://www.anthem.com/
28157,Grocery Outlet,http://www.groceryoutlet.com
28158,Blue Cross and Blue Shield of Nebraska,http://nebraskablue.com
28159,GetSales,http://getsales.team
28160,General Collaboration,http://www.generalcollaboration.com
28161,Emerging Search Consultants,http://www.emergingsc.com
28162,Maze,https://maze.co/
28163,itison,http://www.itison.com
28164,E78 FP&A Services (Formerly Cadilus Inc.),http://www.cadilus.com/contact/?utm_source=Linkedin&utm_medium=parked&utm_campaign=Leads
28165,Sterling Trading Tech,http://www.sterlingtradingtech.com
28166,Samba TV,https://samba.tv/
28167,SVAM International Inc.,https://svam.com/
28169,GatherVacations,https://www.gathervacations.com
28170,LivaNova,https://www.livanova.com/
28171,Exclamation Labs,https://www.exclamationlabs.com
28172,Apple Growth Partners,http://www.applegrowth.com/
28173,NavigatorCRE,http://www.navigatorcre.com
28174,National Contracting Center,http://nccagent.com/
28175,Peas Recruitment,http://www.wearepeas.com
28176,Mentmore,http://www.mentmore.com
28177,Canopius Group,http://www.canopius.com/
28178,ConRes,http://www.conres.com
28179,Hamsa Corporation,https://hamsa.co
28180,Area 23,http://www.area23hc.com/
28181,Global Self Storage,http://ir.globalselfstorage.us
28182,Cœur Finances,https://coeurfinances.com/
28183,Clever Zebo,http://cleverzebo.com
28184,MoneySmart Group,http://www.moneysmart.com/
28185,Fintech News Singapore,http://fintechnews.sg/
28186,"iTalk Global Communications, Inc",http://www.iTalkBB.com
28187,"Agile Practitioners, LLC",http://www.apfederal.com/
28188,Connective Intelligence Inc.,http://www.connectiveintelligence.com
28189,Sofar Sounds,https://www.sofarsounds.com/private-virtual-concerts
28190,SELINSGROVE DENTAL & DENTURES INC,http://selinsgrovedentists.com
28191,Diverse Recruiting Experts,https://diverserecruitingexperts.com/
28192,The URL dr,http://www.theurldr.com
28193,Zetta Genomics Ltd,https://zettagenomics.com/
28194,VORT3CH,http://www.vort3ch.com/
28195,Apptek Solutions Group,http://www.appteksolutions.com/
28196,Q.ai - a Forbes company,https://tryq.ai/
28197,Cloud Nerd,http://www.cloudnerd.com
28198,Servita,https://bit.ly/2QEsqjc
28199,UniQuest Ltd.,https://www.uni-quest.co.uk/
28200,Comcast,https://corporate.comcast.com/
28201,"American Unit, Inc",http://www.americanunit.com
28203,1047 Games,https://www.1047games.com/
28204,Bob Woodruff Foundation,http://www.bobwoodrufffoundation.org
28205,WorkTrust Solutions,http://www.worktrustsolutions.com/
28206,New Academy of Finance (NAOF),https://newacademyoffinance.com/
28207,iSabel Health Tech,https://www.isabel.sg
28208,SRS Consulting Inc,http://www.srsconsultinginc.com
28209,Digital Prospectors,http://www.loveyourjob.com
28210,Ferocious Media,http://ferociousmedia.com/
28211,National Indemnity Company,http://www.nationalindemnity.com/
28212,"ECMD, Inc.",http://www.ecmd.com
28213,LFG Sports,http://lfgsport.com
28214,Coda Payments,http://www.codapayments.com
