,company_name,company_url
36786,BYJU'S,https://www.byjus.com/
36787,Hunter Chase Consultants,http://www.hunterchaseconsultants.co.uk/
36788,InfoTrack UK,http://www.infotrack.co.uk/
36789,Weidert Group,https://www.weidert.com
36790,Kansas State University,http://www.k-state.edu
36791,DataMax System Solutions,http://www.datamaxsys.com
36792,Reyes Beer Division,https://reyesbeerdivision.com/
36793,"DroneSense, Inc.",http://www.dronesense.com
36794,GrowTal,http://growtal.com/
36795,Tablz,https://www.tablz.com/
36796,Strata Creative Communications Ltd,https://www.stratacreate.com/
36797,Iveco Group,https://www.ivecogroup.com
36798,My Health Forward,https://discord.gg/gVYu3Gxa5h
36799,pebble magazine,https://pebble.mn.co
36800,Excellerate Consulting,http://www.excellerate-consulting.com
36801,iQuanti,https://www.iquanti.com
36802,Invisibly,https://www.invisibly.com
36803,We and AI,https://weandai.org/
36804,"Atlantic Data Security, LLC",https://atlanticdatasecurity.com/
36805,"SPX Cooling Technologies, Inc.",http://www.spxcooling.com
36806,Abbott Lyon,https://www.abbottlyon.com
36807,Sansotti Technologies,https://sansotti.com
36808,KVRA Tech Inc,http://www.kvratech.com/
36809,Linical,http://www.linical.com/
36810,AKTON Recruitment Group,http://www.aktonrecruitment.com
36811,National Organization on Disability,http://www.nod.org/
36812,Modulek LTD,http://www.modulek.co.uk/
36813,Advent Talent Group,https://www.adventtalentgroup.com
36814,Sundial AI,https://www.sundial.ai/
36815,Spot & Felix,https://spotandfelix.com/
36816,Qualibar,https://qualibar.com
36817,Battenhall,http://www.battenhall.com/
36818,Chowbus,https://chowbus.app.link/XcnjMv7I97
36819,JLS Automation,http://www.jlsautomation.com
36820,Ethos Group,http://ethosgroup.com/
36821,Edge Solutions & Consulting Inc.,http://www.edgesolutionsandconsulting.com
36822,Famous Smoke Shop,https://www.famous-smoke.com/
36823,DNA Payments Group,https://dnapayments.com/
36824,PPLSI,https://www.pplsi.com/
36825,Lumin,http://luminsmart.com/
36826,Nētly AI,https://netly.ai/
36827,Footprint Digital,https://www.footprintdigital.co.uk
36828,Tremend Software Consulting,https://www.tremend.com
36829,DataStream,http://datastream.org
36830,Bulbshare,https://www.bulbshare.com
36831,1nHealth,https://1nhealth.com/
36832,"Beaullieu & Associates, Inc.- IT & Cyber Recruiting",https://www.beaullieu.com
36833,"GE Lighting, a Savant company",http://www.gelighting.com/
36834,AccelNorth Partners,https://accelnorthpartners.com/
36835,FPT Software,http://www.fpt-software.com/
36836,Gyve,http://gyve.com
36837,Rompa,http://www.rompa.com
36838,The Condor Collective,http://www.thecondorcollective.com/
36839,Leonard Buildings & Truck Accessories,http://www.leonardusa.com
36840,RoslinCT,http://www.roslinct.com
36841,Germantown Technologies,https://www.germantowntech.com/
36842,e-merge,http://www.e-merge.biz
36843,Berean Group,http://www.bereangroup.com/
36844,MakeUp in,https://makeup-in.com/en/
36845,Seekers Media,http://www.seekers-media.com
36846,Finli ,http://www.finli.com/
36848,Ignite Growth,https://www.ignitegrowth.io
36849,Alira Health,http://www.alirahealth.com
36850,"Treadwell Therapeutics, Inc.",http://www.treadwelltx.com
36851,Fruition,https://fruition.net
36852,Hypertel Group,http://hypertelgroup.com
36853,Stonepath,http://www.stonepath.com
36854,GO2 Partners,http://go2partners.com
36855,Envision Digital - App Marketing Experts,http://www.envisiondigital.media/
36857,BayInfotech,https://www.bay-infotech.com/
36858,Georgian Bay Spirit Co.,https://www.georgianbayspiritco.com/
36859,Supply Chain Now,https://supplychainnow.com/sponsor/
36860,Collinear Group,http://www.collineargroup.com
36861,"WEBAPPZ Systems, Inc.",http://www.webappz.com
36862, Discerning Search,https://www.discerningsearch.com
36863,Seal Shield™,http://sealshield.com
36864,Trident Group – UK,http://www.tridentgroup.org.uk
36865,The New Homes Group,http://www.thenewhomesgroup.co.uk/
36866,WSN,https://www.wsngc.com
36867,ElementIQ (Digital Marketing Agency),http://www.elementiq.com/
36868,Art de Vivre,https://www.artdevivre.com/
36869,Neko London,http://www.nekolondon.com
36870,TVSquared by Innovid,https://tvsquared.com
36871,Formulate Global,http://www.formulateglobal.com
36872,"DesignNBuy, INC. Web-To-Print Solution",https://www.designnbuy.com/
36873,CybeRim,http://www.cyberim.co.uk
36874,Countrywide Healthcare,https://www.countrywidehealthcare.co.uk/
36875,Vegpal,https://vegpalapp.com
36876,Zipcar,https://www.zipcar.com
36877,"Quardev, Inc.",http://www.quardev.com
36878,SAS ENERGY,https://www.sas-energy.co.uk/
36879,USIM,http://www.theusim.com/
36880,UlrichSavaryMortgage.com,https://www.ulrichsavarymortgage.com/
36881,Bold Group,http://www.boldgroup.com
36882,SimFit.app,https://simfit.app/
36883,Vynamic,http://www.vynamic.com
36884,JT Group Limited,https://www.jtglobal.com
36885,Webase.Global,https://webase.global/
36886,Canadian Rheumatology Association,http://www.rheum.ca
36887,Everflow,http://www.everflowgroup.co.uk
36888,Moloco,http://www.moloco.com/
36889,"D. Brooks and Associates CPAs, P.A.",http://www.dbrookscpa.com
36890,FreedomCare,https://www.freedomcareny.com/hhacareers
36891,Learner-Centered Collaborative,https://learnercentered.org
36892,800.com,https://800.com/
36893,Walgreens Boots Alliance,https://www.walgreensbootsalliance.com
36894,American Natural Gas,http://www.americannaturalgas.com
36895,Spacecare Ltd,http://www.spacecare.co.uk/
36896,Life Science Talent,http://www.lifesciencetalent.co.uk
36897,CenTrak,https://www.centrak.com/
36898,Peacock Boutique Bungalows,https://www.peacockboutiquebungalows.com/
36899,The Pew Charitable Trusts,http://www.pewtrusts.org
36900,Falcon Capital Investments LLC,https://falconcapllc.com/
36901,BOSS Professional Services,https://www.bossprofessional.com/
36902,CLÍNICA MADICA INTER LOMAS,https://www.doctoralia.com
36903,DataOps.live,http://www.dataops.live/
36904,Equality Health,https://www.equalityhealth.com
36906,Imagine Canada,http://www.imaginecanada.ca
36907,MECO,http://www.meco.com/
36908,Windstar Cruises,https://www.windstarcruises.com/our-company/careers/open-positions/
36909,Assured Relocation Inc.,http://www.assuredrelocation.com/
36910,FaithInvest,https://www.faithinvest.org
36911,LeftTurn Strategy,http://www.leftturnstrategy.com
36912,addONE Marketing Solutions,http://www.add1marketing.com
36913,Hedingham AI,https://hedingham.com/
36914,"Apeiron Systems, Inc.",https://apeiron.io
36915,TALSMART,http://www.talsmart.com/
36916,FINRA ODR Southeast Region,http://www.finra.org/careers
36917,ISERD,http://www.iserd.org.il
36918,FOSSA,https://fossa.com/
36919,Pinnacle Trust,http://www.pinntrust.com
36920,Equal Justice USA,http://ejusa.org
36921,Cult Drinks,http://www.cult-drinks.com/
36922,Genius Sports,https://www.geniussports.com/
36923,HMTX Industries,https://hmtx.global/contact/
36924,Paraclete Mission Group,http://www.paraclete.net/
36925,MasterBUILT Hotels,http://www.masterbuilthotels.com
36926,"Find Your Balance, Center for Growth & Change Inc",http://www.findyourbalancecenter.com
36927,Davis & Hodgdon Associates CPAs,http://www.dh-cpa.com
36928,Door 417 Consulting,http://www.door417.com/
36929,MMT Digital,http://www.mmtdigital.co.uk
36930,Mobile Citizen,http://www.mobilecitizen.org
36931,Transcat,https://www.transcat.com/
36932,Miestro,http://miestro.com
36933,Absoft Limited,https://www.absoft.co.uk/
36934,n8n,https://n8n.io
36935,Repit,https://www.repit.uk/
36936,Lithic,http://lithic.com/
36939,Pilgrim's,http://www.pilgrims.com/
36940,Thomas Edwards Group,http://www.thomasedwards.com
36941,Optima Communications International,https://optima.hiringplatform.com/list/careers
36942,gorjana,http://www.gorjana.com/careers
36943,Hilton Lord,https://www.hiltonlord.co.uk
36944,"Advanced Systems Group, LLC",http://www.asgllc.com
36945,Weber | CFO,http://www.webercfo.com/
36946,PlaySide Studios,http://www.playsidestudios.com/
36947,Walker Cole International,http://www.walkercole.com
36948,Genesis Digital Assets,http://genesisdigitalassets.com
36949,PMG Inc.,https://www.pmgservices.com
36950,ThingTrax,https://www.thingtrax.com/
36951,AgencyFocus,http://agency-focus.com/
36952,Dwight School,http://www.dwight.edu
36953,LaCiura Consultants,http://www.LaCiuraConsultants.com
36954,Dragonfly Ventures,https://www.dragonflyventures.ca/
36955,The Lewis Group of Companies,http://www.lewiscareers.com/
36956,"Archipelago Strategies Group, (ASG)",http://www.DiscoverASG.com
36957,TransForce Group,https://transforce.com/
36959,Ensero Solutions,http://www.ensero.com
36960,Arden University,https://arden.ac.uk/
36961,Letsbesocial101 Disability Resource Website ,https://www.letsbesocial101.com/
36962,GRCI Group,https://www.grci.group
36963,Kaspersky,https://partners.kaspersky.com/s/
36964,ALM Translations,http://www.almtranslations.com/
36966,Mosaic Dental Collective,http://www.mosaicdentalcollective.com/
36967,Manulife,http://www.manulife.com
36968,Integrated Management Systems (IMS),https://www.imanagesystems.com/
36969,DUAL Asset,http://www.dualasset.com/
36970,Ontario Teachers'​ Pension Plan,https://www.otpp.com
36971,Frontier Food Group,http://frontierfoodgroup.com
36972,The Herring Group,http://herringgroup.net
36973,Retired,http://psypr.com/
36974,Roam Adventure Co.,http://www.roamadventureco.com
36975,ExcelRedstone,http://www.excelredstone.com/
36976,100Ninjas,https://100ninjas.io/
36977,"We Rise 4 Wellness, Inc",https://www.werise4wellness.com/
36978,n-Lorem Foundation,http://www.nLorem.org
36979,Elite Staffing Solutions (South West) Ltd,http://www.elitestaffingsolutions.co.uk/
36980,Bridgewater Associates,https://www.bridgewater.com/
36981,Boyce Recruitment,http://www.boycerecruitment.co.uk
36982,Santa Browser,https://santabrowser.com/
36983,"Uhnder, Inc.",http://www.uhnder.com/
36984,Honest Home Buyers Inc.,http://www.honesthomebuyers.ca/
36985,Eventible,http://www.eventible.com
36986,Crestchic Loadbanks,https://crestchicloadbanks.com/
36987,Alzheimer Society of Canada,http://www.alzheimer.ca/
36988,Engle Martin,http://www.englemartin.com/
36989,Leonardo English,http://www.leonardoenglish.com/
36990,Upflex,https://www.upflex.com
36991,Universally Speaking,http://www.usspeaking.com/
36992,RocketRez,http://www.rocketrez.com
36993,NRG.,http://www.nrgplc.com
36994,Myers and Stauffer LC,http://www.myersandstauffer.com
36995,Jefferson Wells USA,https://www.manpowergroupusa.com/jefferson-wells
36996,RJW Logistics Group,https://www.rjwgroup.com/
36997,TEN Healthcare,http://www.tenhealthcare.com
36998,Higharc,http://www.higharc.com/
36999,WorkMoney,http://workmoney.org
37000,GOOD PEOPLE RECRUITMENT ,http://good-people.co
37001,"The GSM Advisory Group, LLC",https://www.gsm.biz/
37002,"Global Staffing, LLC",http://globalstaffusa.com
37003,Safe Step Walk-In Tub,http://www.safesteptub.com
