,company_name,company_url
26075,PATH Physician Associates,http://www.our-path.co.uk
26076,4 Wheel Parts,http://www.4wheelparts.com
26077,"Beacon Data, Inc.",http://www.beacondata.com
26078,happyhour.io,https://www.happyhour.io
26079,Polished Man ,https://polishedman.com/
26080,Sekure Merchant Solutions,https://sekuremerchants.com
26081,IEHP,http://www.iehp.org
26082,M1,https://www.m1.com/
26084,CIC Plus,http://www.cicplus.com
26085,Brand New Job,http://www.brandnewjob.nl
26086,Infinity Group UK,https://www.infinitygroup.co.uk
26087,"NB Consulting Group, LLC",http://www.nbconsultingllc.com
26088,Fee Navigator,https://www.feenavigator.com
26089,Integrate.io,https://www.integrate.io/
26090,ENTITY Academy,http://www.entityacademy.com/
26091,MageMontreal - Adobe Solution Partner,https://www.magemontreal.com/
26092,"Global Data Consultants, LLC (GDC)",https://gdcitsolutions.com/
26093,Zitcha,http://www.zitcha.com/
26094,Regional One Health,http://www.regionalonehealth.org
26095,Datacenter People,http://www.datacenterpeople.com
26096,COMET 4 Children,http://www.comet4children.com/
26097,OSMEAC Solutions,http://www.osmeacsolutions.com
26098,Gesco Group of Companies,http://www.gesco.ca/
26099,Goodself,http://www.joingoodself.com
26100,"xo, Fetti",http://www.xofetti.com
26101,DBA Market (TechSpark Group),https://www.dba-market.com
26102,Painters On Demand,http://www.paintersondemand.com
26103,Outfusion,http://outfusion.com/index
26104,Vidi Corp,https://vidi-corp.com/
26106,SEVAmor Associates Ltd,http://www.sevamor.com
26107,Quit the 9 to 5 Life,https://www.quitthe9to5life.com/linkedin/
26108,AuditSoft,http://www.auditsoft.co/
26109,Volta Trucks,http://voltatrucks.com/
26110,US Surfaces,http://www.ussurfaces.com
26111,Greybridge Search & Selection,http://www.greybridge.co.uk/
26112,Schoen Clinic UK,https://www.schoen-clinic.co.uk
26113,AeroVironment,https://linktr.ee/aerovironment
26114,Aquinas Consulting,http://www.aquinasconsulting.com
26115,"Kontoor Brands, Inc.",http://www.kontoorbrands.com
26116,SaaSOptics,http://www.saasoptics.com/
26117,Casumo,http://www.casumocareers.com
26118,Beachbody,http://beachbodycareers.com
26119,Midwest Consulting Group,http://www.mcginfo.com
26120,Lucini&Lucini Communications Group,http://www.lucinilucini.com
26121,Zentek  Infosoft ,https://zentekinfosoft.com
26122,Prosperity Recruitment,https://www.prosperity.ie/
26123,FreightPath,https://freightpath.io/?utm_source=linkedin&utm_medium=social&utm_campaign=custom+button
26124,Thomson Reuters Elite,https://legal.thomsonreuters.com/en/solutions/legal-department-management
26125,Pan-American Life Insurance Group,http://www.palig.com
26126,StickerYou,http://www.stickeryou.com
26127,Tictrac,http://www.tictrac.com/
26128,Mark Bates Ltd,http://markbatesltd.com/
26129,ResortPass,https://www.resortpass.com/
26130,GirlSpace Coworking,http://GirlSpace.us
26131,myOrthos,http://www.myorthos.com
26132,Firstbase,https://www.FirstbaseHQ.com
26133,Better Days Recruitment,http://www.betterdaysrecruitment.com
26134,Energi People,https://energipeople.com
26135,Pierce Washington,http://piercewashington.com
26136,SPG Search,http://www.spgsearch.com/
26137,Carolina Biological Supply Company,http://www.carolina.com
26138,ConvexTech Inc.,https://www.convextech.com
26139,Global Force USA,http://www.globalforce-us.com
26140,Foster + Partners,http://www.fosterandpartners.com
26141,Hill Robinson Yacht Management,http://www.hillrobinson.com
26142,Saban Capital Group LLC,https://www.saban.com/
26143,"The SSI Group, LLC",https://go.ssigroup.com/LinkedInRedirect
26144,Youreka,https://youreka.io/
26145,MBS Professional Staffing,http://www.mbsassociates.com
26146,i-Protech Technology Ltd,http://www.i-protech.co.uk
26147,"Harry's, Inc.",http://www.harrys.com
26148,Pro Global,http://www.pro-global.com
26149,Ten Lifestyle Group,http://www.tenlifestylegroup.com/
26150,Next Level Recruiting Inc,https://www.nextlevelrecruitinginc.com/
26151,OTT HydroMet,http://www.otthydromet.com
26152,Appicon,https://appicon.in
26153,inTulsa Talent,https://talent.intulsa.com/
26154,The Burke Group: Human Resources Specialists,http://www.theburkegroup.com/
26155,Saxon-Global,http://www.saxon-global.com/
26156,Indiana University Health,http://iuhealth.org/
26157,Psychiatry-UK LLP,http://www.psychiatry-uk.com/
26158,Partners in Performance,https://www.pip.global/
26159,Harbourne Associates,http://www.harbourneassociates.com
26160,Wurkr®,https://bit.ly/3sFmYPA
26161,Skip,http://skip.com.au/
26162,Lucro Commercial Solutions,http://www.lucro.org/
26163,Greentube GmbH,http://www.greentube.com/
26164,O2E Brands,http://www.o2ebrands.com
26165,Apex Informatics,http://www.apexinformatics.com
26166,Allogene Therapeutics,http://allogene.com/
26167,ihateironing,https://www.ihateironing.com
26168,Lug,http://www.luglife.com/
26169,My Menopause Centre ,http://www.mymenopausecentre.com/
26170,CeQur,http://www.cequr.com
26171,"Arkus, Inc.",http://www.arkusinc.com/
26172,Concord,http://www.concordusa.com
26173,Moffitt Cancer Center,https://moffitt.org/
26174,Global Medical Response,https://www.globalmedicalresponse.com/home
26175,The Otaigbe Group,http://www.otaigbe.com/
26176,Ostara Australia,http://www.ostara.org.au/
26177,KGiSL,https://www.kgisl.com
26178,Comentec,https://www.comentec.com/
26179,"Solution IT, Inc.",http://Solutionit.com
26180,TigerBells LLC,http://www.tigerbells.com/
26181,Zest Scientific (division of Zest Business Group),http://www.zestscientific.com
26182,RSC Solutions,http://www.rscsolutions.com/
26183,Ecoplexus Inc.,http://www.ecoplexus.com
26184,"CareMetx, LLC",http://www.caremetx.com
26185,Realty Connect USA,http://www.realtyconnectusa.com/
26186,Lumino,https://www.luminorecruit.com/
26188,MRK Associates,http://www.mrkassociates.co.uk/
26189,Insurance Hero,http://insurancehero.ca/
26190,Better Place Forests,http://www.betterplaceforests.com
26191,Create Your Vision Online,https://www.create-yourvision.com/abundantliving/
26192,HydraFacial,http://www.hydrafacial.com/
26193,Flexon Technologies Inc.,https://www.flexontechnologies.com/
26194,DiviPay,http://www.divipay.com
26195,Impel Talent ,http://www.impeltalent.com
26196,Wake County,http://www.wakegov.com
26197,"Pennsylvania Office of the Budget, Comptroller Operations",http://www.budget.pa.gov
26199,Multifamily Asset Managers,http://www.mamhousing.com
26200,Red Planet Travel Recruitment Limited,http://www.redplanetrecruitment.co.uk
26201,Axia CPQ,https://axiacpq.com/
26202,Essentia Health,http://essentiahealth.org
26203,Succeed Recruitment Solutions,http://www.succeed-recruitment.com
26204,Talent- Hue,http://www.talent-hue.net/
26205,FNBC Bank & Trust,http://www.fnbcbt.com
26206,Legal Eye Ltd,http://www.legal-eye.co.uk/
26207,Iron Mountain ANZ,http://www.ironmtn.com.au
26208,Accu,https://www.accu.co.uk/
26209,Hubcom,https://hubcom.co
26210,United IT Solutions Inc.,https://uniteditinc.com/
26211,Ryman Healthcare,https://careers.rymanhealthcare.com/home
26212,The Goal,https://www.thegoalinc.com
26213,Markem-Imaje,http://www.markem-imaje.com/
26214,"Saggi Solutions, Inc",http://saggisolutions.net/
26215,Aristotle,https://www.aristotlecap.com
26216,MCD Partners,http://www.mcdpartners.com
26217,Cynara USA Inc.,http://cynara.net
26218,imidia  ,http://www.imidia.us/
26219,Nelson Staffing,http://www.nelsonjobs.com/
26220,Bayyinah LLC,http://www.bayyinah.com
26221,Bowman Williams,http://www.bowmanwilliams.com/
26222,Titan Change,http://www.titanchange.com
26223,Invictus Infotech,http://www.invictusinfotech.com
26224,Endeavor Staffing / The Salesforce Recruiter,http://thesalesforcerecruiter.com
26225,KM Data Strategists,http://KMDataStrategists.com
26226,Potential Motors,http://www.potentialmotors.com/
26227,LGC,http://www.lgcgroup.com
26228,Jetabroad,http://www.jetabroad.com
26229,Continuo Foundation,http://www.continuofoundation.co.uk
26230,REEF,http://bit.ly/37cl7Gx
26231,Mojiworks,https://www.mojiworks.com/
26232,Wacom Technology Corp.,http://www.wacom.com/
26233,Logisoft Technologies Inc.,http://www.logisofttechinc.com
26234,eduCLaaS,https://bit.ly/EDUCLAAS_LI
26235,Defence Bank,http://www.defencebank.com.au/
26236,Universal Furniture,http://www.universalfurniture.com
26237,High Country Tech Search,https://highcountrysearch.com/division-high-country-tech-search/
26238,Playson,http://www.playson.com
26239,Harvard Business Publishing,http://hbr.org/corporate/about
26240,Live Oak Bank,http://www.liveoakbank.com
26241,Apex IT,http://www.apexit.com
26242,mOm Incubators,http://www.momincubators.com/
26243,GrahmSain,https://grahmsain.com
26244,OmniLink Corporation,http://www.omnilinkcorp.com
26245,HAN Staffing,https://hanstaffing.com
26246,Penny AI,http://www.getpenny.com/
26247,Disasters Emergency Committee,http://www.dec.org.uk/
26249,Generation UK & Ireland,https://uk.generation.org
26250,Sanford Barrows Group,http://www.sbghealthcare.com/
26251,Panasonic Avionics Corporation,http://www.panasonic.aero
26252,3Gem Research & Insights,https://3gem.com/
26253,Redifcard Technologies LLC,http://www.redifcard.com
26254,ABR Talent l Digital Tech l SaaS l Customer Success l Sales l Marketing ,http://www.abrtalent.co.uk
26255,Pall Corporation,https://www.pall.com/
26256,Bastion Amplify,http://www.bastionamplify.com
26257,Pollen Store,http://www.pollen.store
26258,RutterKey Solutions,https://rutterkey.com/
26259,Top Edge Technology Inc.,http://topedgetechnology.com/
26260,Thesis,http://www.thesiscloud.com
26261,OTSI - Object Technology Solutions Inc.,http://www.otsi-usa.com
26262,Barclay Simpson,http://www.barclaysimpson.com/
26263,Optimum Life Reinsurance (United States),https://www.optimumre.com
26264,Graduate Recruitment Bureau (GRB),https://www.grb.uk.com/
26265,Red Oak Technologies,http://www.redoaktech.com
26266,K2Share,https://www.k2share.com/
26267,Talent Ferret,http://www.talentferret.com/
26268,Winland Academy,http://www.winlandedu.com
26269,Deutsch NY,http://deutschny.com
26270,Umaneo,https://www.umaneo.com
26271,Hazel Health,http://hazel.co/
26272,Macro Solutions,http://www.macrosolutions.com
26273,Van Kaizen,http://vankaizen.com
26274,DHire,http://dhires.website2.me/
26275,Ontario Trillium Foundation,https://www.otf.ca/
26276,"The ProSource Group, Inc.",http://www.theprosourcegroup.com
26277,TestingXperts,http://www.testingxperts.com/
26278,Keyline Civils Specialist,http://www.keyline.co.uk
26279,The Travel Corporation,https://ttc.com
26280,"Barnes & Noble Education, Inc.",http://www.bned.com
26281,SIA Innovations Inc.,http://www.siainnovations.com/
26282,Mint Accounting,http://www.mintaccounting.co.uk
26283,Arvato CRM Solutions,https://www.arvato.co.uk
26284,Fairfield Care,http://www.fairfieldcare.co.uk
26285,VERO,https://withvero.com/
26286,Trail Blazer Consulting LLC,http://www.trailblazerit.com
26287,Cerebra IT Services Private Limited,http://www.cerebrainfotech.com/
26288,Enova International,http://www.enova.com
26289,Kellton Tech,http://www.kelltontech.com/
26290,Hello Coach,https://www.hello-coach.com/enterprise
