,company_name,company_url
22010,UpKeep,http://www.upkeep.com
22011,Kat Burki Skincare ,http://www.katburki.com
22012,Cogent,https://www.cogent.co.uk/
22013,INSKA | B2B Digital Growth Agency,https://inska.com.au/
22014,Free To Prosper,https://www.freetoprosper.com.au/
22015,Prosper EX ,http://www.prosperex.com.au/
22016,Karina Kiely - Dream to Prosper,https://www.karinakiely.com/linkedin/
22017,The Royal Australian College of General Practitioners (RACGP),http://www.racgp.org.au
22018,IoT Alliance Australia,http://www.iot.org.au
22019,Mindstar,http://www.mindstar.com.au
22020,Vista Executive Search,https://www.vistasearch.ie/
22021,Packed.House,http://www.packed.house
22022,CW8 Communications,http://www.Cw8communications.com
22023,Reach Supreme,http://www.reachsupreme.com
22024,Spirit Executive,http://www.spiritexec.com
22025,SHERPANY,https://www.sherpany.com?utm_source=linkedin&utm_medium=social&utm_campaign=sherpany-company-page&utm_term=linkedin-profile-cta
22026,Property Vista,http://www.propertyvista.com/
22027,SUPANOTCH.,http://www.supanotch.com
22028,PRAXIS,http://www.praxispr.ca
22029,Take It Easy Group,http://www.takeiteasygroup.com
22030,Shorefast,https://shorefast.org/
22031,Gilmore Partners,http://www.gilmorepartners.com/
22032,EMPREINTE,#
22033,CleanAir ALVI,https://www.cleanairai.us/
22034,TetraNoodle Technologies,http://www.tetranoodle.com
22035,Carestream Dental,http://www.carestreamdental.com
22036,PayShepherd ,https://www.payshepherd.com
22037,Spinify,https://spinify.com/
22038,Your Dream Lifestyle,http://www.your-dream-lifestyle.com/linkedin
22039,HirePower Inc.,http://wearehirepower.ca/project/covid-19-support
22040,Search Project,https://searchproject.com/
22041,The Sales Group,http://www.salesgroup-global.com
22042,SoftwareReviews,https://www.softwarereviews.com/
22043,lululemon Mall of America Experiential,https://shop.lululemon.com/stores/us/bloomington/mall-of-america
22044,Skills For Life Inc,http://www.theskills4life.ca
22045,Knighthunter.com,http://www.knighthunter.com
22046,Impetus Digital,https://www.impetusdigital.com/
22047,Uncork Capital,http://www.uncorkcapital.com
22048,SearchSmart,https://searchsmartconnect.com/
22049,Brightlights,http://www.brightlightsinc.com
22050,Burrard Physiotherapy,http://burrardphysiotherapy.com
22051,Diabsolut Inc,https://diabsolutinc.com/
22052,Acosys Consulting Services Inc.,http://www.acosysconsulting.com
22053,Red Executive Services Inc.,https://www.redexec.ca/
22054,Global Jet Luxembourg,http://jobs-globaljet.com/
22055,Cystic Fibrosis Canada / Fibrose kystique Canada,http://www.cysticfibrosis.ca
22056,Vision Intelligence ,https://www.visionintelligence.com
22057,The Bioinformatics CRO,https://www.bioinformaticscro.com/
22058,DatamaticsUK Ltd,http://www.datamaticsuk.com
22059,Arnold Ash Group,http://www.arnoldash.com
22060,Beautyk Creative,http://butikecriativa.com
22061,Dropacode,https://www.dropacode.com/
22062,Dada Consultants,https://www.dadaconsultants.com/
22063,McLarens,http://www.mclarens.com
22064,KMK Consulting Inc.,http://www.kmkconsultinginc.com/
22065,Resilinc,http://www.resilinc.com/
22066,The Open University,http://www.open.ac.uk/
22067,Trupanion,http://trupanion.com/
22068,Luke Recruitment,http://www.luke.nl
22069,DSW Designer Shoe Warehouse,http://www.dsw.com
22070,Biofourmis,http://www.biofourmis.com
22071,E15 Group,http://e15group.com/
22072,Magic Eden,http://www.magiceden.io
22073,adQuadrant,http://www.adquadrant.com
22074,BOLD PENGUIN,https://www.boldpenguin.com
22075,Aceolution,https://www.aceolution.com/
22076,eSolutionsFirst,http://www.eSolutionsFirst.com
22077,RallyPoint,http://www.RallyPoint.com
22078,Madden Media,http://www.maddenmedia.com
22079,Tombras,http://www.tombras.com
22080,Travelers Haven,http://www.TravelersHaven.com
22081,Gtmhub | For Missions that Matter,https://gtmhub.com/
22082,Sage SEO,https://www.sageseo.ai/
22083,Quantium,http://www.quantium.com/
22084,sourcemantra,http://sourcemantra.com/
22085,TekAck Consulting LLC,https://tekack.org/
22086,Emerging Tech,https://emergingtech.co/
22087,Landing Point,http://www.landingpoint.com
22088,Abridge,https://abridge.com/
22089,Waymark,http://www.waymarkcare.com
22090,Reflexion,https://www.reflexion.co/
22091,Career Opportunities International,http://www.coiexecutives.com
22092,MorphWorks,http://morphworks.com
22094,Starbridge Partners,http://www.starbridgepartners.com/
22095,Monument Consulting,http://www.monumentconsulting.com
22096,ampliFI Loyalty Solutions,http://www.amplifiloyalty.com
22097,Huma,http://www.huma.com
22098,RiverPoint Group,http://www.riverpoint.com/
22099,nitruc,http://www.nitruc.io
22100,SoluStaff,http://www.solustaff.com
22101,PowerAdvocate - now part of Wood Mackenzie,http://www.poweradvocate.com/
22102,Cogito Corp,https://www.cogitocorp.com
22103,"Hired by Matrix, Inc",http://www.hiredbymatrix.com/
22104,Nextogen,http://www.nextogen.com
22105,Swiss School of Business and Management,https://www.ssbm.ch/
22106,GoGuardian,http://www.goguardian.com
22107,Betting Connections,http://www.bettingconnections.com/
22108,Ipsos,https://www.ipsos.com
22109,"X2 Logics Staffing Solution, Inc.",https://x2logicsstaffingsolution.com/
22110,GCI Communication Corp.,http://www.gci.com
22111,Fusion Business Solutions (P) Limited,https://www.fusionfirst.com/
22112,Carfeine,http://www.carfeine.com
22113,Adstra,http://www.adstradata.com
22114,Acterys  |  Next Level Planning & Analytics,https://www.acterys.com/
22115,Include Software,http://www.include.com
22116,Stori,http://www.storicard.com/
22117,O'Fallon Labs LLC,https://ofallonlabs.square.site/
22118,Clinical ink,http://www.clinicalink.com
22119,Copyright Clearance Center (CCC),http://www.copyright.com
22120,Gambit Technologies,http://www.gambitny.com
22121,Google Fiber,http://g.co/fiber/careers
22122,PRECISIONxtract,http://PrecisionXtract.com
22123,GNRSystems Inc,http://www.gnrsystems.com
22124,Spin,https://www.spin.app
22125,NFI,http://www.nfiindustries.com
22126,Yaggle IT Corp,http://www.yaggleit.com
22127,"Vertek Solutions, Inc.",http://www.vertekstaffing.com
22128,vRad (Virtual Radiologic),http://www.vrad.com/
22129,Oxford Road,http://oxfordroad.com/
22130,Alcor Solutions Inc.,http://www.alcortech.com/
22131,"JGA Partners, LLC.",http://www.jgapartners.com
22132,Octave,http://www.findoctave.com
22133,The Tolan Group,http://www.thetolangroup.com
22134,Prescriptive Data,http://www.prescriptivedata.io
22135,Pandata LLC,http://pandata.co
22136,Alexander Technology Group,http://www.alexandertg.com
22137,BlueLabs,https://bluelabs.com
22138,Origins Analytics,http://originsnft.io
22139,Sutoer Solutions,http://www.sutoer.com
22140,Aeyon,https://aeyon.us
22141,Manpower Ireland,http://www.manpower.ie
22142,York University - Environmental & Urban Change,http://euc.yorku.ca
22143,Hitachi Solutions Canada,https://global.hitachi-solutions.com/
22144,TMX Group,http://www.tmx.com
22145,ChemTreat,https://www.chemtreat.com/
22146,Mistplay,http://www.mistplay.com/
22147,GECA Environnement,http://www.gecaenviro.com
22148,National Housing Federation,http://www.housing.org.uk
22149,SRM Recruitment,http://www.srmrecruitment.com
22150,Good Catch,http://goodcatchfoods.com
22151,East Coast Concepts ,https://www.eastcoastconcepts.co.uk/
22152,Wolfgang Capital LLP,http://www.wolfgangcapital.co.uk/
22153,HBSUK,http://www.hbsuk.co.uk
22154,Midas ,https://www.midas-selection.com/
22155,CSCI Consulting,http://www.csciconsulting.com/
22156,OneSparQ,http://www.onesparq.com/
22157,SecondSight,http://www.secondsight.ai
22158,Apple Leisure Group,https://www.appleleisuregroup.com/
22159,Intelligent Audit,http://www.intelligentaudit.com
22160,McDermott Will & Emery,https://www.mwe.com
22161,Equity Staffing Group,https://www.equitystaffing.com
22162,cPort Credit Union,http://www.cportcu.org
22163,Mindbloom,https://mindbloom.co
22164,"Walker Capital Preservation Group, Inc.",http://www.walkercpg.com
22165,EDF Renewables North America,http://www.edf-re.com
22166,"CBI, A Converge Company",https://cbisecure.com/
22167,Upwell Water,http://www.water.llc
22168,"CrossCountry Mortgage, LLC",http://CrossCountryMortgage.com
22169,"Auditing for Compliance and Education, Inc. (ACE)",http://www.aceanesthesiapain.com/
22170,TruGreen,http://www.trugreenjobs.com
22171,Jericho HR Group,http://www.jerichohr.com
22172,Inframark,http://www.inframark.com
22173,Magenta Care Continuum,http://www.magentacc.com
22174,"Core Business Solutions, Inc.",https://www.thecoresolution.com
22175,University of Iowa,http://jobs.uiowa.edu
22176,ThriveDX (formerly HackerU),https://thrivedx.com/
22177,Harvest Sherwood Food Distributors,https://harvestsherwood.com
22178,Nexant,https://www.resource-innovations.com/
22179,RPC Solutions,http://www.rpc-solutions.com
22180,Lost Boys Interactive,http://www.lostboysinteractive.com
22181,FreshRealm,https://freshrealm.com/
22182,Respondus,http://www.respondus.com/
22183,HireBetter,http://hirebetter.com/
22184,"A-STAFFING, INC.",http://www.a-staffinginc.com
22185,Kaye/Bassman International,http://www.kbic.com/
22186,UFC GYM,http://www.ufcgym.com/
22187,Inclusive Legal Search LLC,http://www.inclusivelegal.com
22188,Adasina Social Capital,http://adasina.com
22189,Financial Additions,http://financialadditions.com
22190,Lender Price,http://LenderPrice.com
22191,Freedom CAD Services,https://www.freedomcad.com
22192,Xpanxion,http://www.xpanxion.com/
22193,Decent,http://decent.com
22194,Fidelis Care,http://www.fideliscare.org
22195,CornerStone Medical,http://www.csmedicalpro.com
22196,apexanalytix,https://www.apexanalytix.com
22197,Sterling Analytics,https://www.sterlinganalytics.com/
22198,Commfinity Technologies,http://www.commfinitytech.com/
22199,Home Alliance,http://homealliance.com/
22200,CAA South Central Ontario,http://www.caasco.com
22201,MPC VFX,http://www.mpcvfx.com
22202,Baker Tilly Canada,http://www.bakertilly.ca
22203,Octopus Electric Vehicles,https://www.octopusev.com/
22204,Radiology Partners,https://www.radpartners.com/
22205,RAYUS Radiology,https://www.rayusradiology.com
22206,AMS Staffing Inc.,http://www.ams-staff.com
22207,"TRACE International, Inc.",http://www.traceinternational.org
22208,Matrix Finance and Accounting,http://www.matrix-fa.com
22209,Enchanted Fairies,http://Enchanted-Fairies.com
22210,AMR Management Services,http://www.AMRms.com
22211,RealJoy Vacations,https://realjoy.prevueaps.com/jobs/
22212,Acrolinx,https://bit.ly/3kNVFPP
22213,Latham & Watkins,http://www.lw.com/
22214,Wyyerd Group,https://wyyerd.com
22215,Century Group,http://www.century-group.com
22216,MSI Recruiting,http://www.msirecruiting.com/
22217,Birch Gold Group,https://www.birchgold.com
22218,TopBuild,http://www.topbuild.com
22219,Credit Acceptance,http://www.creditacceptance.com/
22220,Energy Resourcing Group,http://www.energyresourcing.com
22221,JX Truck Center,http://www.JXE.com
