,company_name,company_url
29284,FARM Rio,http://www.farmrio.com
29285,Response Mine Interactive,http://www.responsemine.com/
29286,Jump Human Capital,http://www.makethejump.com
29287,Ohza,http://www.ohzamimosas.com
29288,Contis,http://www.contis.com/
29289,L'Arche USA,http://www.larcheusa.org
29290,Lakeshore Learning Materials,http://www.lakeshorelearning.com/?utm_source=linkedin&utm_medium=social_media&utm_campaign=button
29291,Gerber Life Insurance Company,https://www.gerberlife.com
29292,Mondo,https://mondo.com
29293,CoreLogic,http://www.corelogic.com/
29294,H&H Consulting,http://www.hhconsulting.io
29295,North Peak,https://www.northpeak.com/
29296,Rancher,http://www.rancher.com/
29297,"Forest2Market, Inc.",http://www.forest2market.com
29298,Vista Projects,https://www.vistaprojects.com/
29299,Ambient Consulting,http://www.ambientconsulting.com
29300,Talution Group,http://www.talution.com/
29301,Azra Games,https://go.azragames.com/linkedin
29302,Digital Time Capture,http://www.digitaltimecapture.com
29303,ADS-TEC Energy,https://www.ads-tec-energy.com
29304,Northern Illinois University,http://niu.edu
29305,RF Connect,http://www.rfconnect.com
29306,Hennepin County,http://www.hennepin.us
29307,Cortex,https://www.cortex.io
29308,Lotus Technologies Agency,http://www.lotustechnologies.us
29309,SponsorUnited,http://sponsorunited.com/
29310,Citizens Property Insurance Corporation,https://www.citizensfla.com/careers
29311,Citibank,http://www.smbc.co.jp
29312,Ask Media Group,http://www.askmediagroup.com/
29313,Bluetree Network,https://www.bluetreenetwork.com/
29314,Mercury Insurance,http://www.mercuryinsurance.com/
29315,ZWILLING J.A. Henckels LLC,https://www.zwilling.com/us/
29316,AccountAbility Staffing (A Division of Taylor White),http://www.accountabilitytemps.com
29317,Avison Young,http://www.avisonyoung.com/
29318,Norgren,http://www.norgren.com
29319,CarePoint Health,http://www.carepointhc.com
29320,Extra Nerds,https://www.extranerds.com
29321,Because Market,http://becausemarket.com
29322,XPHERA,https://www.xphera.earth
29323,Magnious Solutions Inc,http://magnious.com
29324,hi5.agency,http://hi5.agency
29325,Tarteel AI,https://www.tarteel.ai/
29326,Werner Enterprises,http://www.drivewerner.com
29327,HJW Executive Search LLC,http://www.ronharrington.com
29328,Goldthread Plant-Based Tonics,http://www.drinkgoldthread.com
29329,Hire With Jarvis,https://hirewithjarvis.com/
29330,Surber Roustabout.  A Division of Primoris Energy Services.,http://www.prim.com
29331,Red Rover,https://www.redroverk12.com/
29332,Rexel USA,https://www.rexelusa.com/usr/
29333,Hectic People Limited,http://www.hectic-people.com
29334,Attane,http://www.attaneresults.com
29335,Advantage Resourcing,http://www.advantageresourcing.com
29336,AmeriMark Direct,http://www.amerimarkcareers.com
29337,Good People Finish First,http://www.goodpeoplefinishfirst.com
29338,Prime Time Mega Job Network,https://www.linkedin.com/company/prime-time-mega-job-network/?viewAsMember=true
29339,Source Infotech Inc.,https://www.sourceinfotech.com/
29340,Chever Technology,http://www.chevertechnology.com
29341,"Dayrise Residential, LLC",http://www.dayriseresidential.com/
29342,Marine Conservation Society,http://www.mcsuk.org
29343,Wild Alaskan Company,https://wildalaskancompany.com
29344,Altrata,http://www.altrata.com/
29345,Tanteo Spirits LLC,http://www.tanteotequila.com
29346,Nicholas Howard Ltd,http://www.nicholashoward.co.uk/
29347,"OneSpace, An Ascential Company",http://www.onespace.com/
29348,STEM Xpert,http://www.stemxpert.com
29349,Sovereign & Bale,http://www.sovereignandbale.co.uk/
29350,USG,http://www.usg.com
29351,Crossroads Staffing,http://www.crossroadsstaffing.com/index.html
29352,Garver,http://www.garverusa.com/
29353,Slate Technologies Inc.,http://www.slate.ai
29354,Pinpoint Partners,http://www.pinpoint-partners.com
29355,CSI Healthcare IT,https://thecsicompanies.com/divisions/healthcare-it/
29356,MixMob,http://www.mixmob.io/
29357,"Touchstone Solutions, Inc.",https://touchstonesolutions.com
29358,TreeCareLA,http://www.treecarela.com
29359,GoodPop,http://GoodPops.com
29360,BBL Property Recruitment,https://www.bblproperty.co.uk/
29361,VideoAmp,https://videoamp.com/
29362,Grid Dynamics,http://www.griddynamics.com
29363,Thrive Homes UK,http://www.thrivehomes.org.uk/
29364,THE THAMES VALLEY PARTNERSHIP,https://thamesvalleypartnership.org.uk/
29365,Syren Technologies,https://syrencloud.com
29366,Rue Gilt Groupe,http://www.ruegiltgroupe.com/
29367,Abidi Solutions,https://abidisolutions.com/
29368,DevRank,http://www.devrank.co
29369,Virtual Internships,https://www.virtualinternships.com/
29370,EstateSpace,https://estatespace.com/
29371,AJACE INC,http://www.ajace.com/
29372,DPP Tech,http://www.dpptech.com
29373,inVia Robotics,http://www.inviarobotics.com
29374,Minster Cleaning Hull North and East Yorkshire,https://www.minstercleaning.co.uk/uk/hull-north-east-yorkshire-cleaning-services/
29375,NHS,http://www.nhs.uk/
29376,Dexter Magnetic Technologies,https://www.dextermag.com
29377,Finesse Models UK,http://www.finessemodels.co.uk
29378,IRMS - Information and Records Management Society,http://www.irms.org.uk/
29379,Lifesight,https://www.lifesight.io
29380,Arkatechture,http://www.arkatechture.com
29381,Ancient Ritual,http://www.ancientritual.com
29382,Cambridge Rare Disease Network (CRDN),http://www.camraredisease.org
29383,Ontrak Health,https://ontrakhealth.com/
29384,Florida Venture Forum,https://flventure.org
29385,Rapptr Labs,https://www.RapptrLabs.com
29386,"Remediant, Inc.",https://www.remediant.com
29387,"Tivix, Inc.",https://www.tivix.com
29388,Atrius Health,https://www.atriushealth.org
29389,Sibros,http://www.sibros.com
29390,Contax Law,http://www.contaxlaw.com
29391,"Homebridge Financial Services, Inc.",http://www.Homebridge.com
29392,Orchid Orthopedic Solutions,http://www.orchid-ortho.com
29393,Earnix,http://earnix.com/
29394,ECRM,http://ecrm.marketgate.com/
29395,Scubyt,http://www.scubyt.com
29396,V&B Fliesen GmbH,https://www.fliesen-villeroy-boch.de/ueber-uns
29397,Chamberlain Group,http://www.chamberlaingroup.com/
29398,Awakened Ambition,https://www.awakenedambition.com/
29399,Illuminos Academic Coaching & Tutoring,http://www.illuminos.co/apply
29400,Atlas Systems,http://www.atlassystems.com
29401,Ezoic,https://www.ezoic.com
29402,Connections in Mind,http://www.connectionsinmind.co.uk
29403,TS Banking Group,https://www.tsbg.com/ts-banking-group/careers.html
29404,Heartland Dental,https://heartland.com/
29405,Segra,http://segra.com
29407,Surge Technology Solutions ,https://www.surgetechinc.com/
29408,Bitcoin IRA,https://bitcoinira.com/?AID=1167
29409,Allworth Financial,https://allworthfinancial.com/
29410,SamCart,https://www.samcart.com
29411,My Amazon Guy,https://myamazonguy.com/
29412,ASSA ABLOY Global Solutions,https://www.assaabloyglobalsolutions.com/en/
29413,Child Care Resource Center,https://www.ccrcca.org
29414,Merit America,https://www.meritamerica.org/
29415,Adaptron Inc.,http://www.adaptroninc.com
29416,Orora Packaging Solutions,https://ororapackagingsolutions.com/
29417,Long Finch Technologies LLC,http://www.longfinch.com
29418,BāKIT Box,http://www.bakitbox.com
29419,Blaize,http://www.blaize.com
29420,SnapStrat,http://www.snapstrat.com
29421,Whitesmith,http://www.whitesmith.co/
29422,Renaissance,http://www.RenComGroup.com
29423,Staff Partners Primary Care,https://www.staffpartnershealthcare.com
29424,Savanty,http://www.savanty.com
29425,August United,http://www.augustunited.com/
29426,Inventive Search,http://www.inventivesearch.co.uk
29427,METKON USA,http://www.metkon.us
29428,Upflow,http://www.upflow.io
29429,Mount Sinai Health System,http://www.mountsinai.org/
29430,American Humane,http://www.americanhumane.org
29431,Tripod Networking,https://www.tripodnetworking.com/
29432,"Mirigos, Inc",http://mirigos.com
29433,Breyta.io,https://breyta.io/
29434,Fromm International,http://www.frommbeauty.com
29435,The Cambridge Tutor Group,https://www.cambridgetutorgroup.co.uk/
29436,Chilli Pepper | Redefining Loyalty,http://www.chillipepper.ie
29437,Neurocrine Biosciences,http://www.neurocrine.com
29438,Constru,http://www.constru.ai/
29439,SAINT VITUS LTD,https://www.saintvitusbar.com/
29440,Heard,https://www.joinheard.com/
29441,Systalex,http://www.systalex.com
29442,Madison Core Laboratories,https://www.madisoncorelabs.com
29443,Multilingo Recruitment,http://www.multilingorecruitment.com
29444,The Services Group,http://www.tsg-fl.com
29445,Recycle Track Systems,http://www.rts.com
29446,"Fort Hill Associates, LLC",http://www.forthillassociates.com/
29447,National CineMedia (NCM),http://www.ncm.com
29448,HSI,http://www.hsi.com
29449,The E.W. Scripps Company,http://scripps.com/
29450,Monday Talent,http://www.monday-talent.com
29451,HonorVet Technologies,https://HonorVetTech.com
29452,PulteGroup,http://www.pultegroup.com
29453,Net32 Inc,http://www.net32.com/
29454,Antage,https://antage.net/
29455,Zen Ecosystems,https://zenecosystems.com/
29456,"Staff Smart, Inc.",http://www.staffsmart.net/
29457,Dall Engineering,http://www.deltd.co.uk
29458,Habinteg,http://www.habinteg.org.uk/
29459,Isotope Capital,https://www.isotopecapital.co.uk/contact-us/
29460,Recruitment Solutions (NW) Ltd,http://www.rsnwltd.com/
29461,Biofidelity,http://www.biofidelity.com
29462,Pencilwrench LLC,https://www.pencilwrench.com/
29463,The Noel Group,http://www.noelgroup.ie
29464,Bluetooth SIG,http://www.bluetooth.com/
29465,Tredegar Corporation,http://www.tredegar.com
29466,Flipside Crypto,https://flipsidecrypto.xyz/
29467,"Saebo, Inc.",https://www.saebo.com/
29468,Jabra,http://www.jabra.com/
29469,Evapo,https://evapo.co.uk/
29470,Florida Virtual School,https://www.flvs.net
29471,Clark Schaefer Consulting,http://www.clarkschaefer.com
29472,Gravy Analytics - Real-World Location Intelligence,http://www.gravyanalytics.com/
29473,T2 Flex,https://t2flex.us
29474,"Closed Loop, Inc",http://www.closedloop.com/
29475,Maroo,https://maroo.us
29476,Lucid Games Ltd,http://www.lucidgames.co.uk/
29477,Sage Dental,http://www.mysagedental.com/careers/
29478,Tencent,https://www.tencent.com/en-us/index.html
29479,YellowDog,https://yellowdog.co/
29480,The Dental A Team,http://thedentalateam.com/
29481,HG Insights,https://hginsights.com/
29482,SciPlay,https://www.sciplay.com/
29483,Artel,https://www.artel.co
29484,Petram Search Group ,http://www.petramsearchgroup.com/
29485,Lacure Villas,http://www.lacurevillas.com/
29486,"ISF, Inc.",http://www.isf.com
29487,"LendKey Technologies, Inc.",http://lendkey.com/lend
29488,Trinity Technology Solutions LLC,http://www.trinitetech.com/
29489,Topfolio,http://topfolio.co/
29490,HomeLister,http://www.homelister.com
29491,OBSIDI By BPTN,http://Obsidi.com
29492,CARMERA,http://www.carmera.com
29493,The Arc of Plymouth and Upper Cape Cod,http://www.PlymouthCapeArc.org
29494,Blue Cross and Blue Shield of Louisiana,http://www.bcbsla.com/
29495,Denver Health,https://den.health/careers
