,company_name,company_url
20507,7startup.vc,https://www.7startup.vc
20508,Qonto,http://qonto.com/en
20509,Refeyn,https://www.refeyn.com
20510,Ciklum,http://www.ciklum.com
20511,Siteimprove,https://siteimprove.com/en/
20512,Ex-Mil Recruitment Ltd #exmil UK's leading Specialist Recruiter for Ex-Military Personnel ,http://www.ex-mil.co.uk/
20513,Horizon Discovery,https://horizondiscovery.com
20514,Adelphi Communications,http://www.adelphicommunications.com
20515,The Rivers Trust,http://www.theriverstrust.org/
20516,Valuefinex,http://www.valuefinex.com/
20517,MeiXter LTD,http://www.meixter.com
20518,Yell,https://business.yell.com/
20519,School of International Futures (SOIF),https://www.soif.org.uk/
20520,Quilter,https://www.quilter.com
20521,Corgee,http://www.corgee.co
20522,Avidity,http://www.weareavidity.com
20523,AD Energy Recruitment,http://www.energy-recruitment.com
20524,Macmillan Cancer Support,http://www.macmillan.org.uk/
20525,Lutine Bell,http://www.lutinebell.com
20526,Alcove Ridge Consulting,http://www.alcoveridge.com/
20527,Opus Advisors,http://www.opusadvisors.com
20528,Kent Lake Capital LLC ,http://kentlakecap.com
20529,For Our Future,https://www.forourfuturefund.org/
20530,"OSS Capital, L.P.",https://oss.capital/
20533,Seattle Cancer Care Alliance,http://www.seattlecca.org
20534,"MBL Risk Analytics, LLC",http://www.mblriskanalytics.com/
20535,"CNG Holdings, Inc",https://www.cng.com
20536,Aduro,http://www.adurolife.com/
20537,East West Hospitality,http://eastwest.com/
20538,Chicken of the Sea,http://chickenofthesea.com/company
20539,Tillman Networks,https://www.tillmannetworks.com/
20540,BOSS ,http://bossbank.io/
20541,Legacy M ,https://www.facebook.com/LegacyMProServices
20542,ReneSola Ltd.,http://www.renesolapower.com/
20543,LDR Growth Partners,http://www.ldrgp.com
20545,Tropic,https://tropicapp.io/
20546,CFO Simplified,https://cfosimplified.com/
20547,Funding U,https://www.funding-u.com
20548,Trusted Faith Financial,https://trustedfaithfinancial.com/
20549,Trevian Wealth Management,http://www.trevianwealth.com/
20550,Nijex Consulting,https://agents.worldfinancialgroup.com/rasean-crawley
20552,TruGrit Partners,https://www.trugritpartners.com
20553,Tracksmith,http://www.tracksmith.com
20554,"LIU Actuarial Consulting Services, Inc.",http://www.liuacs.com
20555,Plastiq,http://www.plastiq.com/
20556,Crunchfirm,http://crunchfirm.com/
20557,CAROLINA PRG,http://www.carolinaprg.com
20558,"eHealth, Inc.",http://www.ehealth.com/
20559,Societal™ CDMO (formerly Recro),https://www.recrocdmo.com
20560,Wild Moose Ventures,https://wildmooseventures.com/
20561,Verveba Telecom,http://www.verveba.com
20562,Conversio Health,https://conversiohealth.com/
20563,Dfns,https://dfns.co/
20564,10T Holdings,https://10tfund.com
20565,GEICO,http://www.geico.jobs
20566,Midwest Secure Retirement,http://www.midwestsecureretirement.com/
20567,HealthTech,http://www.healthtechholdings.com
20568,Rechat,https://rechat.com/
20569,Imagen Dental Partners,http://www.imagendentalpartners.com/
20570,Draper James,http://www.draperjames.com/
20571,Monterey Bay Economic Partnership (MBEP),http://mbep.biz
20572,"Mason & Blair, LLC",http://www.masonblair.com
20573,TEN35,http://ten35.com
20574,RWS Entertainment Group,https://www.experiencerws.com/
20575,BTR,http://www.bostontr.com
20576,Schultz Financial Planning at Transamerica,https://www.worldfinancialgroup.com/
20577,Omni Logistics,http://www.omnilogistics.com
20578,BEST Human Capital & Advisory Group,https://bhcagroup.com/
20579,Tycoon Venture Partners,https://www.tycoonvp.com
20580,"Adeptus Partners, LLC",https://www.adeptuscpas.com/
20581,WealthMore,http://www.wealthmore.net/
20582,Lash Group,http://www.lashgroup.com/
20583,QC Ware Corp.,http://www.qcware.com
20584,DXA Group,https://dxagroup.com/
20585,AmpUp,https://ampup.io/
20586,Macmillan Learning,http://www.macmillanlearning.com/
20587,Blueprint CFO | Future Focused Accounting,http://blueprintcfo.com/
20588,Capital+,https://capitalplusconsulting.com/
20589,MLK Real Estate Capital,http://www.mlkrecapital.com/
20590,SuperOrdinary,https://www.superordinary.co/
20591,Keya Medical,https://www.keyamedical.com/
20593,RentRedi,http://rentredi.com
20594,SIRVA Worldwide Relocation & Moving,https://www.sirva.com/
20595,Airful,https://www.airful.io
20596,IA Interior Architects,http://www.interiorarchitects.com/
20597,Venteon,http://www.venteon.us.com
20598,Dormify,http://www.dormify.com
20599,Disney Cruise Line,https://jobs.disneycareers.com/disney-cruise-line/?cid=19325
20600,ADT Solar,http://goadtsolar.com/
20601,USDA Rural Development,https://www.rd.usda.gov/about-rd/careers-rural-development
20602,Insight Financial Staffing & Search Group,https://insightfinancialstaffing.com
20603,"Mindful Consulting, LLC",https://agents.worldfinancialgroup.com/brennen-brown
20604,Ambry Genetics,https://www.ambrygen.com
20605,Component Control - a CAMP Company,http://www.componentcontrol.com/
20606,H.W. Kaufman Group,http://www.hwkaufman.com
20607,Ascen,https://ascen.com
20609,National Co+op Grocers,http://www.ncg.coop
20610,Lighthouse Lab Services,https://www.lighthouselabservices.com/
20611,Ideal Image,http://www.idealimage.com/
20612,Devana Solutions,http://www.devanasolutions.com
20613,Global Pharma Tek,https://www.globalpharmatek.com/
20614,H.B. Fuller,http://www.hbfuller.com/
20615,Authorify,https://authorify.com/
20616,hireLander,https://www.hirelander.com/
20617,"International Staffing Consultants, Inc",http://www.iscworld.com
20618,Pinpoint Talent,https://pinpointtalent.com/
20619,FinClusive,http://www.finclusive.com
20620,Bohan & Bradstreet,http://www.bohanbradstreet.com
20621,Silicon Valley Recruiting LLC,http://www.siliconvalleyrecruiting.net/
20622,Enchant,https://www.enchantmagic.com/
20623,DJO,http://www.djoglobal.com/
20624,BrightView Landscapes,http://www.brightview.com
20625,Warner Music Group,http://www.wmg.com/
20626,Brimstone ,http://www.brimstone.energy
20628,Global Upside,https://www.globalupside.com/
20629,Cashfx GROUP ,http://www.shammypee.cashfxgroup.com
20630,Riverway Business Services,http://www.riverway.jobs/
20631,Dew Wealth Management,https://www.dewwealth.com
20632,Parallel Finance,http://parallel.fi
20633,ProcureAbility,http://www.procureability.com/
20634,"Envestnet, Inc",http://www.envestnet.com/
20635,Blingy,http://www.blingyte.com/
20636,Transamerica Financial,https://www.tfaconnect.com/
20637,Ratio,https://www.ratiotech.com/
20638,Raistone,http://www.raistonecapital.com
20639,"APCO Holdings, LLC",http://www.apcoholdings.com
20640,Ignite Spot Accounting Services,http://ignitespot.com
20641,"ChaseSource, LP",http://www.chasesource.com
20642,BrandSafway,http://www.brandsafway.com/
20643,Prestige Staffing,http://www.prestigestaffing.com/
20644,Charter Diligence Consulting and Recruitment,https://www.charterdiligence.com.au/
20645,Ecotone Partners,https://www.ecotonepartners.com.au/
20646,Conservation Volunteers Australia,https://conservationvolunteers.com.au/
20647,ALRA Recruitment,http://www.alra.com.au
20648,Bondi Sands,https://www.bondisands.com.au
20649,Creo Legal,https://creolegal.com.au/
20650,Darwin Hawkins,http://www.darwinhawkins.com
20651,Optily,https://www.optily.com/
20652,Kare Cosmetics Ltd,https://www.karecosmetics.ie/
20653,Radio Systems PetSafe Europe Ltd,http://www.radiosystemscorporation.com/
20654,Climeaction,https://www.climeaction.com/
20655,Green Team Solutions Inc.,http://www.greenteamcannabis.com
20656,Mosander,http://www.mosander.com
20657,Rosedale International Education,http://rosedaleacademy.com
20658,Distributel,http://www.distributel.ca
20659,Traders Central,https://www.traderscentral.com/
20660,Corza Medical,http://corza.com
20661,Blockchain Company,https://www.blockchaincompany.info/
20662,AI Redefined (AIR),http://ai-r.com
20663,Fleurs de Villes,http://www.fleursdevilles.com/
20664,Brainrider,http://www.brainrider.com/
20665,VON Canada,http://www.von.ca/
20666,Breakthru Beverage Group,http://www.BreakthruBev.com
20667,The Canadian Real Estate Association | L'Association canadienne de l'immeuble,http://www.crea.ca/
20668,OMERS,http://www.omers.com
20669,Investinu Cyber,http://www.investinugroup.com/cyber
20670,Horizon Recruitment Inc,http://www.horizonrecruit.com/
20671,MCAN Financial Group,http://www.mcanmortgage.com
20672,VIVO Cannabis Inc.,http://www.vivocannabis.com
20673,FINCA Canada,https://fincacanada.org/
20674,Lumas HRaaS,https://lumasinc.com/
20675,IFG,http://ifg.world/index.php
20676,Ebiquity plc,https://www.ebiquity.com/
20677,Investinu Green,http://www.investinugroup.com/green
20678,Mitacs,http://www.mitacs.ca/
20679,Hyper Hippo Entertainment,http://www.hyperhippo.com
20680,Capital Methods,http://capitalmethods.io
20681,Centre De Solidarité Internationale Du Saguenay-Lac-Saint-Jean,http://www.centresolidarite.ca
20682,nVent,https://www.nvent.com/
20683,Board International,http://www.board.com/
20684,International Conference Services (ICS),https://www.icsevents.com
20685,Breathe Life,http://www.breathelife.com/
20686,The Salvation Army in Canada,http://www.salvationarmy.ca/
20687,Epoch Recruiters Inc.,http://www.epochrecruiters.com/
20688,MobilityData,#
20689,Cinnabon,http://www.cinnabon.com
20690,Accor - North & Central America,https://group.accor.com/en/hotel-development/Contact-a-local-developer/North-Central-Amercia-and-Canada
20691,Lexxic,http://www.lexxic.com
20692,RiskSTOP Group Ltd,http://www.riskstopgroup.co.uk
20693,Matt Essam,http://mattessam.co.uk
20694,Klippa Relocation ,http://www.klippa-relo.com
20695,Cover-More Group,http://www.covermoregroup.com
20696,Catheon Gaming,https://catheongaming.com/
20697,3Search,http://www.3search.co.uk/
20698,Associazione Aracne,http://aracneassociazione.wordpress.com
20699,TalentintheCloud,https://talentinthecloud.io
20700,Berkeley Square IT,http://www.bsqit.com/
20701,Bound,https://bound.co
20702,Wedo,https://getwedo.today
20703,Hope Macy,http://www.hopemacy.com
20704,DigiDoe,https://digidoe.com
20705,XP Inc.,https://www.xpinc.com/carreiras/#/
20707,Sezzle,https://sezzle.com
20708,Realize Capital,http://www.realizecapital.com/
20709,ManageArtworks,http://www.manageartworks.com/
20710,McDonald's,https://corporate.mcdonalds.com/
20711,IT KeySource,http://www.itkeysource.com
20712,Chimney,https://www.chimney.io/
20713,Evolve Bank & Trust,http://www.getevolved.com
20714,Pacific Premier Bank,https://www.ppbi.com/
20715,Mamsys World,https://www.mamsys.com
20716,VaultLink,http://www.vault.link
20717,Decentral Park Capital,http://decentralpark.io
20718,Accion Opportunity Fund,https://aofund.org/
20719,ITC Group France,http://www.itc-france-traduction.com/
20720,Seven Hills Group Technologies Inc.,www.sevenhillsgrouptech.com
20721,Concero,http://www.getconcero.com
20722,Life Made to Order (LMTO) Financial,http://lmtofinancial.com/
20723,Mbanq,https://www.mbanq.com
20724,Camino Financial,http://www.caminofinancial.com
20725,Clean Energy Credit Union,http://www.cleanenergycu.org/
