,company_name,company_url
43928,Connected Capital,https://www.connectedrealestatecapital.com/
43929,Rako Controls Ltd,http://www.rakocontrols.com
43930,NorthRow,http://www.northrow.com/
43931,"Extol, Inc.",https://www.extolinc.com/
43932,ADESA,http://www.adesa.com
43933,AirMason,https://www.airmason.com
43934,Vispera,https://vispera.co/
43935,Andy's Web Kitchen,http://andys-webkitchen.co.uk
43936,uxlivinglab,http://www.uxlivinglab.com
43937,Inde Technology,http://inde.nz
43938,Creative Niche,http://www.creativeniche.com
43939,fundii,http://www.fund-ii.com
43940,Blue / Green Training,https://www.linkedin.com/company/bgtrng/about/bluegreentraining.com
43941,"Click n' Close, Inc",http://www.clicknclose.com
43942,SYNKii,https://synkii.com/
43943,Costco Wholesale,http://www.costco.com
43944,Time Recruitment Solutions Ltd,http://www.time-recruitment.com/about-us/
43945,Lucid Services Group,http://www.lucidservicesgroup.com
43946,Heat Free Hair,http://www.heatfreehair.com
43947,Innovations for Learning,http://www.innovationsforlearning.org/
43948,NDC Tek,https://www.ndctek.com/
43949,Buildots,http://buildots.com/?utm_source=linkedin&utm_medium=social&utm_campaign=companypage&
43950,TrueNorth,https://truenorth.co/
43951,Clover,https://www.clover.com
43952,Vooks,https://www.vooks.com
43953,The Appellate Project (TAP),http://www.theappellateproject.org
43954,American Society of the University of Haifa,http://www.asuh.org
43955,Nova Scotia Community College - NSCC,http://www.nscc.ca/
43956,eBuyNow,https://ebuynow.com/
43957,LAIIER,https://www.laiier.io/
43958,WFG - World Financial Group Daytona Beach,https://wealthwave.com/billbarnett
43959,Skillsbay Limited,http://www.skillsbay.com
43960,onefinestay,http://www.onefinestay.com
43961,JAB Associates Ltd,http://www.jabgroup.co.uk
43962,Beacon Building Products,https://www.becn.com/
43963,MASS-ED,http://www.mass-ed.com/
43964,"StatsLateral, Inc.",http://www.statslateral.com
43965,Creative Advanced Technologies,https://www.creativeadvtech.com/
43966,Aaqua,http://www.aaqua.live
43967,djr,http://www.wearedjr.com
43968,Reveel,http://www.reveelgroup.com/
43969,Rapaport,http://diamonds.net
43970,Fundamentia,https://www.fundamentia.com
43971,Eurofins CML,https://www.cmlex.com
43972,Relias,http://www.relias.com/
43973,Lex Academic,https://www.lexacademic.com
43974,MoneyNext,https://moneynext.tv
43975,"InGenesis, Inc.",http://www.ingenesis.com
43976,White Recruitment,https://www.whiterecruitment.com/
43977,Northern Exposure Sporting Group Inc.,http://www.northernsporting.com
43978,Chemical Concepts,https://www.chemical-concepts.com
43979,Nielsen Associates,http://www.nielsenstaffing.com/
43980,arionkoder,https://www.arionkoder.com/
43981,Red Embedded,http://www.consult.red
43982,National Day Nurseries Association (NDNA),http://www.ndna.org.uk
43983,Socios.com,http://www.socios.com/
43984,EMMA International,http://www.emmainternational.com/
43985,Pinnacle Way of Life,http://www.pinnaclewayoflife.com
43986,Grand River Insurance,http://www.grandriverinsurance.com
43987,Pack Up + Go,http://www.packupgo.com/
43988,Descartes Underwriting,https://descartesunderwriting.com/
43989,Ground News,https://ground.news/
43990,CJA Group Ltd,https://cjagroup.com/
43991,Blue Beam Marketing,https://www.bluebeammarketing.com/
43992,Cardinal Health Canada,http://www.cardinalhealth.ca
43993,Jewish Funders Network,http://www.jfunders.org/
43994,Cobra Structures,https://www.cobrastructures.ca
43995,Intsys UK Ltd,http://www.intsysuk.com
43996,All Inclusive Marketing Inc.,http://www.allinclusivemarketing.com/
43997,MagnaFlow,http://www.magnaflow.com
43998,MYNDUP,https://www.myndup.com
43999,Seesy,http://seesy.co
44000,United Staff Source,https://www.unitedstaffsource.com/
44001,Seating Matters,http://www.seatingmatters.com/
44002,Inteligex Inc.,https://inteligex.ca/
44003,Transportation Insight,https://www.transportationinsight.com/
44004,ASC WebCoach Automotive,http://www.ascwebcoach.co.uk
44006,Germania Insurance,http://www.germaniainsurance.com/
44007,Aglet Studio,http://www.agletstudio.com
44008,Elemental CoSec,http://www.elementalcosec.com
44009,Adjust Your Set,http://www.adjustyourset.com
44010,Atema,http://www.atema.com
44011,Netsynk Inc,https://www.netsynkinc.com
44012,ManyPets,https://manypets.com/
44013,Timely Recruit Ltd,http://www.timelyrecruit.co.uk/
44014,American Jewish World Service (AJWS),https://ajws.org/jobs
44015,Coinstore.com,https://www.coinstore.com/
44016,Taking Root,http://www.takingroot.org
44017,Take Back Your Mind UK,http://takebackyourminduk.com
44018,YLabs,http://www.ylabsglobal.org
44019,Day Trade The World™,http://www.daytradetheworld.com/
44020,FOXES Magazine,http://www.foxesmagazine.com
44021,Thrive Themes,https://thrivethemes.com/
44022,Herschel Supply Company,http://www.herschelsupply.com
44023,Reality+,http://www.realityplus.com
44024,The Skinny Food Co,http://www.skinnyfoodco.com/
44025,Soutien Infotech,http://soutien.org.in/
44026,Mastercam,http://www.mastercam.com
44027,Koncepted,https://koncepted.com/
44028,Serenity Law LLP,http://www.serenitylaw.co.uk/
44029,SOAP Health,https://soap.health/
44030,flatfair,http://flatfair.co.uk
44031,The Lifestyle Hospitality Group Ltd,http://www.thelifestylegroup.co.uk
44032,Vauth-Sagel,https://vauth-sagel.de/gb/en/link-tree
44033,Engage Squared,https://engagesq.com
44035,Lowe's Pro Supply,http://www.lowesprosupply.com
44036,Skilledd,https://www.skilledd.com/talents/
44037,Fūsus,https://www.fusus.com
44038,Uniqual,https://uniqual.io
44041,360 OM,http://www.360om.agency
44042,Compass Health Center,http://compasshealthcenter.net
44043,Grizzly Force,http://www.grizzlyforce.ca
44044,EduNav,http://www.edunav.com/
44045,Smart Advice Financial Solutions Ltd ,https://www.smartadvicefs.co.uk/
44047,ULTAINFINITY GLOBAL GROUP,ultainfinityglobalgroup.com
44048,"Sisters of Notre Dame, Chardon Province",http://www.sndchardon.org
44049,Seager,http://seager.aero/
44050,British Assessment Bureau,http://www.british-assessment.co.uk
44051,Blazeclan Technologies,https://blazeclan.com/
44052,MUBI,http://mubi.com/
44053,Jordan Disposal Service/Gator Industrial,http://www.jordandisposal.com
44054,MyPass Global,http://mypassglobal.com/
44055,Mortgage Experience,http://www.mortgage-experience.com
44056,ENG Infotech Corp.,http://www.enginfotech.com
44057,Exponent Health (formerly HRGi),https://exponenthealth.com/
44058,Brightmark,http://www.brightmark.ca
44059,Lintbells | Home of YuMOVE,http://www.yumove.co.uk/
44060,BitMEX,http://www.bitmex.com
44061,Digital Social Care,http://www.digitalsocialcare.co.uk/
44062,Controlled Contamination Services,http://www.cleanroomcleaning.com
44063,Gauge,http://www.gauge.ai
44064,McCall Ltd (Rec2Rec),https://www.mccall.co.uk/
44065,The Rhonda Lemoine,https://www.therhondalemoine.com/
44066,Fanaverse,http://www.myfana.com
44067,Alcion,https://alcion.ai
44068,Yuno,http://www.goyuno.com
44069,BEKHealth,http://www.bekhealth.com
44070,Panorama Logistics,http://www.panorama-logistics.com
44071,PDT Global,http://www.pdtglobal.com
44072,Vega Cloud,https://www.vegacloud.io/
44073,Wise Men Consultants,http://www.wisemen.com
44074,"Klass Time, LTD",http://www.klasstime.com
44075,Victorian Mortgage Group,http://vicgroup.com.au/
44076,Neogen Recruitment,http://www.neogen-recruitment.co.uk
44077,"Automation Hero, Inc",https://automationhero.ai/
44078,RYZE Claim Solutions,https://ryzeclaims.com/
44079,Elgebra,https://elgebra.com/
44080,HR Solutions Pty Ltd,http://hrsolutions.com.au/
44081,Humanitarian OpenStreetMap Team,http://www.hotosm.org
44082,Farmworker Justice,http://www.farmworkerjustice.org
44083,Alex and Yuan Partners,https://alexyuan-partners.com/
44084,CtrlStack,https://www.ctrlstack.com
44085,JetLearn,https://www.jetlearn.com/
44086,Caremark Ltd,http://www.caremark.co.uk
44087,Applied Medical,http://www.appliedmedical.com/
44088,Amplify Snack Brands,http://www.amplifysnackbrands.com/
44089,Canada Jobs | Canada PR | Canada Express Entry,https://ciglobal.online/
44090,Von Roll,http://www.vonroll.com
44091,IntelliStem Technologies Inc.,http://www.intellistemtech.com
44092,"The Randy Neuringer Co., LLC.",http://www.neuringerco.com
44093,Bright Horizon Institute,http://brighthorizoninstitute.com/
44094,Talentskowt,https://talentskowt.co.uk/candidates/entry-level-jobs/
44096,Laitram,http://www.laitram.com
44097,CGL Companies,https://www.cglcompanies.com
44098,Autozen,http://www.autozen.com
44099,Austal,http://www.austal.com/
44100,Sugarbud Craft Growers Corp.,http://www.sugarbud.ca
44101,Ignite Rec2Rec🔥,https://igniterec2rec.com/
44102,CloudCo Solutions Ltd,https://cloudcosolutions.com
44103,Adapt Health Care,http://www.adapthealthcare.com.au
44104,Amagi Corporation,http://www.amagi.com
44105,kipi.bi,http://www.kipi.bi/
44106,Charm Group,http://www.charmgroup.pt
44107,Youth Law Australia,https://yla.org.au/about-us/fund-justice-for-children-now/
44108,Albany Growth,http://www.albanygrowth.co.uk/
44109,Zero Surplus - Targeted Sales Recruitment,http://zerosurplus.com
44110,Award Force,https://www.awardforce.com/
44111,ThreatConnect,https://threatconnect.com/
44112,Coreio Inc.,https://www.coreio.com
44113,Kantan,https://kantan.co.uk
44114,American Hyperion Solar LLC,http://WWW.HYPERION-USA.COM
44115,poLight,https://www.polight.com
44116,Circufiber Inc.,https://www.circufiber.com/
44117,PureInterest Financial Group,https://www.tfaconnect.com
44118,Scispot (YC S21),https://www.scispot.com/
44119,Level Up Executive Branding,http://www.thrivoo.com/
44120,NetLync,https://www.netlync.com/
44121,Brooks & Associates Public Relations,http://www.brooksandassociatespr.com
44122,Flo. Marketing,http://flomktg.com
44123,Algorithmics School Central Malta,https://centralmalta.alg.academy/en
44124,CADJPro Payroll Solutions,http://www.cadjpro.com
44125,Trolley,http://www.trolley.com/
44126,Databuzzltd,https://databuzzltd.com/
44127,Miricyl,https://help.miricyl.org/
44128,Bloom Digital,http://bloomdigital.agency/
44129,Kaleidoscope XR,https://www.kaleidoscopexr.cloud
44130,Upwage,https://www.upwage.com/
44131,"eJangar, Inc.",http://www.ejamerica.com
44132,Paytrix,https://paytrix.io/
44133,Balchem Human Nutrition & Health,https://balchem.com/human-nutrition-health/
44134,Vivapub,http://www.newcomfrance.com
44135,myBasePay,https://www.mybasepay.com/
44136,Education Perfect,https://epforlearning.com/
44137,MYTONA ,http://mytona.com
44138,TrunkSpaces Inc.,http://www.trunkspaces.ca/
44139,Sabeo,https://www.sabeo.com
44140,RentMozart,http://www.rentmozart.com/
44141,Virtual Office Guy,https://virtualofficeguy.com/
44142,Jannine Abadi Associates,http://www.jabadiassoc.com
44143,The Canadian Resident Matching Service (CaRMS),https://www.carms.ca/
44144,Double Dutch Drinks,http://www.doubledutchdrinks.com
