,company_name,company_url
37004,Vable,http://www.vable.com
37005,Klient,https://klient.com
37006,Munk Pack,http://www.munkpack.com
37007,Health-E Commerce,http://health-ecommerce.com
37008,EQIFi,http://www.eqifi.com/
37009,2020,https://www.2020spaces.com/
37010,Schlesinger Group UK,https://www.schlesingergroup.com/en/
37011,Long Distance Movers,http://longdistancemovingcompanies.org/
37012,Truleo,http://www.truleo.co
37013,Chapter Aesthetic Studio,https://www.mychapter.com/
37014,Uniting Ambition Academy,https://academy.unitingambition.com/
37015,Freudenberg Filtration Technologies,http://www.freudenberg-filter.com
37016,"TestPros, Inc.",https://www.testpros.com
37017,Fuse Group ,http://www.fuse-group.com/
37018,HCML Rehabilitation Solutions,http://www.hcml.co.uk/
37019,Sigora Solar,http://www.sigorasolar.com/
37020,Pro College Wijchen,http://www.stichtingpro.nl
37021,Cluster POS,https://clusterPOS.com
37022,Cornerstone First Mortgage,http://www.cfmtg.com
37023,Tip a ScRxipt,http://www.tipascrxipt.com
37024,Public Employees for Environmental Responsibility,http://www.peer.org/
37025,Francis North Group,http://www.francisnorthgroup.com
37026,Synchronicity Technology Solutions LTD,http://www.synchronicity-systems.com/echo
37027,AMSURG,http://www.amsurg.com
37028,Ripjar,http://www.ripjar.com
37029,Standing on Giants,https://www.standingongiants.com/
37030,Explore Job Search,https://www.explorejobsearch.com
37031,Opportunity@Work,http://www.opportunityatwork.org
37032,Sainsbury's,https://sainsburys.jobs/
37033,NextGenFL Limited,https://nextgenflx.com/
37034,Water.org,http://water.org/
37036,ACE Sushi,http://www.acesushi.com
37037,WTFast,https://www.wtfast.com
37038,Iberian Media,#
37039,Platte River Home Inspection Services,http://platteriverhis.com
37040,4Patriots,http://www.4patriots.com/
37041,Common Energy,https://www.commonenergy.us/
37042,Folden Lane,http://www.foldenlane.com/
37043,Origin,http://useorigin.com/
37044,Macsym Tecnologia Eletronica Ltda,http://www.macsym.com.br
37046,Galaxy Hub22Hub,https://royalrecruiteragent.blogspot.com/
37047,Electica,http://www.electica.io
37048,Ripple Energy,http://www.rippleenergy.com/
37049,HITRUST,http://hitrustalliance.net/
37050,Protex AI,https://www.protex.ai/
37052,Enso Finance,https://www.enso.finance/
37053,cleverbridge,http://www.cleverbridge.com
37054,Trevisan (LinkedIn Training & Marketing),https://bit.ly/2XCR3BI
37055,EDC Corporation - AIMS Parking,http://aimsparking.com/
37056,"Stego Industries, LLC",https://www.stegoindustries.com/
37057,Viridian Staffing,http://www.ViridianStaffing.com
37058,Summerfield Browne Solicitors,http://www.summerfieldbrowne.com/
37059,Ingenii Search,http://www.ingeniisearch.com
37060,Rose Court Chambers,http://www.rosecourtchambers.com
37061,Crawford Packaging,https://crawfordpackaging.com
37062,Andron Facilities Management,http://www.andron.co.uk/
37063,The Agate Group,http://www.theagategroup.com/
37064,Spectrum Association Management,http://www.spectrumam.com/careers/
37065,Optimly,http://www.optim.ly
37066,Lovesac,http://www.lovesac.com
37067,The SAM Party,http://www.joinsam.org
37068,Watch Her Prosper,http://www.watchherprosper.com
37069,Justo Brokerage,http://www.justo.ca?campaign=linkedin_homepage
37071,MDE Group,http://www.mde-group.com/
37072,"Nisga'a Data Systems, LLC",http://www.ndsystems.com
37073,MD Cloud Practice Solutions,https://mdcloudps.com
37074,Mabey Inc.,http://www.mabey.com
37075,Reebelo,https://www.reebelo.com/
37076,Mantra Health,http://www.mantrahealth.com/
37077,NuFACE,http://www.mynuface.com
37078,Gotion Inc.,http://www.gotion.com/
37079,SK Physiotherapy,http://www.sk-physiotherapy.co.uk
37080,David Phillips,https://shop.davidphillips.com/
37081,Integrated Partners,https://integrated-partners.com
37082,Spearhead,http://www.spearheadhealthcare.com/
37083,Glowforge,http://glowforge.com/
37084,Van Cleef & Arpels,https://careers.vancleefarpels.com/
37085,Loudon County Schools,http://www.loudoncounty.org/
37086,Soup Agency,https://www.soupagency.com.au/
37087,Stone Soup Leadership Institute,https://stonesoupleadership.org/
37088,Otis Elevator Co.,http://www.otis.com
37089,Celerity Accounting LLC,http://celerity.io/
37090,Gloria Cleaning,https://gloriacleaning.com/
37091,Overtourism Solution,https://overtourismsolution.com/
37092,Terran Data Inc.,http://www.terran-data.com
37093,PCS Wireless,http://pcsww.com
37094,inPowered.ai,http://www.inpowered.ai/
37095,Bishop Fox,https://www.bishopfox.com
37096,Wiiks Transport AS,http://www.wiiks.no
37097,Chewie Labs,http://www.chewielabs.com
37098,BSN SPORTS,https://www.bsnsports.com
37099,Cure SMA,http://www.curesma.org/
37100,Permobil,http://www.permobil.com
37101,Jonas Construction Software,http://www.jonasconstruction.com/
37102,RealEstateAccounting.co - Experts In Real Estate,https://www.realestateaccounting.co/
37103,"BoxUp, Inc.",https://www.boxup.com/
37104,Ophelia,https://ophelia.com
37105,DFN Project SEARCH ,https://www.dfnprojectsearch.org
37106,Medical Revenue Cycle Specialists,https://www.medrevenuecycle.com/
37107,Remote Works,https://bit.ly/32G8B1Q
37108,Xanterra Travel Collection,http://bit.ly/xanterracareers
37109,S.L. Nusbaum Realty Co.,http://www.slnusbaum.com
37110,iDayDream Studios,http://www.idaydreamstudios.com
37111,TGG Accounting,http://www.tgg-accounting.com
37112,Hydrogen Health,https://hydrogenhealth.com/
37113,Article Group,http://www.articlegroup.com
37114,US Anesthesia Partners,http://www.usap.com
37115,"FemTec Health, Inc.",http://femtechealth.com
37116,Libro Credit Union,http://www.libro.ca/
37117,Leverage Marketing,https://leverageadvice.com/
37118,Big Planet Recruitment,http://www.big-planet.biz
37119,Amedisys,http://www.amedisys.com
37120,McLeod Health,http://www.mcleodhealth.org
37121,Atlas Copco,http://www.atlascopcogroup.com/
37122,CN,https://www.cn.ca
37123,LTS GIDA KONTROL LABORATUVARI ,http://www.lts.com.tr
37124,Xplorie,https://www.xplorie.com/
37125,Clarity Travel,http://www.claritybusinesstravel.com/
37126,Select Star,https://selectstar.com/
37127,FairWind,http://www.fairwind.com
37128,BES,http://www.bes.org
37129,Netsurion,https://www.netsurion.com/company/contact-us
37130,Website Energizers ,https://www.websiteenergizers.com/
37131,Deseret Book Company,https://deseretbook.com
37132,Bodhi Resourcing,https://www.bodhiresourcing.com/
37133,“INCLUCIVE” - Diversity and Inclusion Consultancy,http://www.inclucive.co.uk/
37134,BedWatch,https://www.bedwatch.com
37135,NextGear Capital UK & Ireland,http://www.nextgearcapital.co.uk
37136,"FIXD Automotive, Inc.",https://www.fixd.com/
37137,Beachcomber Tours,http://www.beachcombertours.uk
37138,Prime Motive˘,http://www.primemotive.com
37139,T. Baker Smith,http://www.tbsmith.com/
37140,Bar Code POS,https://www.barcodepos.app/
37141,Translation,http://www.translationllc.com
37142,AYMES,http://www.aymes.com
37143,Innovent Integrated Solutions,http://innoventintegrated.ca/
37144,Xpert Workforce,http://www.xpertworkforce.com.au
37145,MGI,https://en.mgi-tech.com/
37146,Rosslyn,https://www.rosslyn.ai/
37148,Rumby,http://rumby.co
37149,Haldi,http://www.haldi.com
37150,Elign Consulting,http://www.elignconsulting.com
37151,Lady Bird Talent,http://www.ladybirdtalent.com/
37152,undiscvered,http://www.undiscvered.com
37153,Make,https://make.com
37154,FaceFirst,http://www.FaceFirst.com
37155,Key Conservation,http://www.keyconservation.org/
37156,zujuDigital,https://www.zujugp.com/
37157,Discovery Life Sciences,http://www.dls.com/
37158,Frontrunner,https://getfrontrunner.com/
37159,AiTudier,http://aitudier.com
37160,Invictus,http://www.invictus.be
37161,Graham James Ltd ,https://www.grahamjames.com
37162,Trust Machines,https://www.trustmachines.co/
37163,"Spatial Front, Inc",http://www.spatialfront.com/
37164,Cleeve Partnership,http://www.cleevepartnership.com/
37165,e.surv Chartered Surveyors,http://www.esurv.co.uk
37166,Kind Consultancy Ltd,http://www.kindconsultancy.com/
37167,"VUI, Inc.",http://www.vui.com
37168,EG Life Sciences,http://www.eglifesciences.com
37169,GreenPath Financial Wellness,http://www.greenpath.org
37171,SomaLogic,http://www.somalogic.com
37172,Lorex Technology,https://www.lorex.com/
37173,Start Me Up (Careers),http://bit.ly/2OiQBmc
37174,Navitus Health Solutions,http://www.navitus.com
37175,Taulia,https://taulia.com
37176,Business House,http://hellobusinesshouse.com/
37177,Nucleus Healthcare,http://nucleushealthcare.com/
37178,SAI Digital,https://www.sai-digital.com/
37179,Battery Associates,https://battery.associates
37180,Vigna inc,http://vignaus.com
37181,Mav3rik,http://www.mav3rik.com
37182,Focused On Recruitment,http://www.focusedonrecruitment.com.au
37183,Wittix,https://www.wittix.com/
37185,Titania Ltd,http://www.titania.com
37186,"3Together, Inc.",https://3together.us
37187,isgSearch,http://www.isgsearch.ca
37188,Roll Application,https://roll-app.com/
37189,Allied World,http://www.alliedworldinsurance.com
37190,Harley Therapy Platform,http://www.harleytherapy.com
37191,Sliq Media Technologies,http://www.sliq.com
37192,Flybridge Staffing,http://www.flybridgestaffing.com
37193,Lasered Components Limited,http://www.lasered.co.uk/
37194,Allstate Identity Protection,https://www.infoarmor.com
37195,The Opportunity Hub UK,https://theopportunityhub.uk/
37196,HireKul,https://www.hirekul.com/
37197,SPECIALIST INSTRUMENT SERVICES,http://www.sis-calibration.co.uk
37198,Altitude Staffing,http://www.altitudestaffing.com
37199,Glassnode,https://glassnode.com/
37200,FREE BNK,http://www.freebnk.io
37201,Madrivo,http://www.madrivo.com/
37202,E-Cinch,https://e-cinch.com/
37203,Capital One,https://www.capitalonecareers.com
37204,Repassa,http://www.repassa.com.br
37205,Circular (YC W22),https://nowcircular.com
37206,Clear IT Recruitment Ltd,http://www.clearitrecruitment.co.uk
37207,Tudip Technologies,http://www.tudip.com/
37208,Arkhe Capital,http://www.arkhecapital.com
37209,Evoke MicroMass,https://www.evokegroup.com/evoke-micromass
37210,Chicory,http://chicory.co
37211,RaiseNow,https://www.raisenow.com
37212,Harmer,http://www.harmer.com
37213,Dura-Line,http://www.dura-line.com
37214,firstPRO 360,http://firstpro360.com
37215,Jenny Barbour IT and Project Recruitment,http://www.jennybarbour.com.au
37216,Bite Ninja (YC S21),http://www.biteninja.com
37217,Garmoza,http://www.garmoza.com
37218,Tundra Esports,http://www.tundraesport.com
37219,INTELLIGEN,http://www.intelligengroup.com/
37220,Pivot Industries Limited,http://www.pivotware360.com/
37221,Alaska Airlines,http://alaskaair.jobs/
