,company_name,company_url
40267,PowDevs,https://powdevs.com/
40268,Great Expressions Dental Centers,http://www.greatexpressions.com/
40269,Scenius,https://joinscenius.xyz
40270,Allocadia,http://www.allocadia.com/
40271,SilkFred.com,http://www.silkfred.com
40272,Digi International,http://www.digi.com/
40274,Relatus,https://relatus.com
40275,Editas Medicine,http://www.editasmedicine.com
40276,Producers National Corporation,http://producersnational.com/
40277,EN Engineering,http://www.enengineering.com
40278,ArcherGrey,http://www.archergrey.com
40279,Uplift Games,http://uplift.games/
40280,Kaleris,http://www.kaleris.com/
40281,Vizrt,http://www.vizrt.com
40282,Lotion Lounge,http://lotionlounge.com/
40283,Integral Education,https://www.integraltuition.com.au/selectiveentry
40284,Synapticon,http://www.synapticon.com/
40285,Executive Risk Solutions (ERS),http://executiverisksolutions.com.au
40286,X-1FBO Software,http://www.x1fbo.com/
40287,ASD Healthcare,http://www.asdhealthcare.com
40288,Yulu Public Relations,http://www.yulupr.com/
40289,Artisan Studios,https://www.artisan-studios.com
40290,Parlance AC,http://www.parlanceac.com
40291,"Streamax Technology Co., Ltd.",https://en.streamax.com/
40292,The EAC Agency,http://www.theeacagency.com/
40293,Arist,http://www.arist.co
40294,DSD Renewables,https://dsdrenewables.com/
40295,Bunge,https://www.bunge.com/
40296,Armstrong Craven,https://www.armstrongcraven.com/
40297,Independent Living Specialists,https://ilsau.com.au
40298,Sweetwater,http://www.sweetwater.com
40299,Michigan Health Information Network Shared Services (MiHIN),http://mihin.org/
40300,Capstone Technology,http://www.capstonetechnology.com
40301,InspireX,http://www.inspirex.io
40302,Rate Wise,https://www.rate-wise.com/
40303,Edenred Benefits,https://edenredbenefits.com/
40304,Amby,https://www.amby.com/?hsLang=en
40305,"Expo, Inc.",http://expopass.com
40306,Certino,http://www.certino.com/
40307,Shine! UK,https://www.shinerepair.com
40308,"Headfarmer, LLC",https://headfarmer.com/
40309,Catch Talent,http://www.catchtalent.com
40310,Stereotaxis,https://www.stereotaxis.com/
40311,Victorian Association of Performing Arts Centres,https://vapac.org.au/
40312,Diamond Marketing Group,http://www.experiencediamond.com
40313,Tolmar,http://www.tolmar.com
40314,Accubits Technologies Inc,https://www.accubits.com/
40315,Arkestro,https://arkestro.com/
40316,QBC.ai,http://www.qbc.ai
40317,ECSC Group plc,http://www.ecsc.co.uk/
40318,Eleos Compliance,http://www.eleoscompliance.com
40319,Enlace Health,http://www.enlacehealth.com
40320,Absolute Post,http://www.absolutepost.com/
40321,ABclonal Technology,http://www.abclonal.com
40322,Riyo Inc.,https://www.riyogames.com
40323,Hunters,https://www.hunters.ai/
40324,Salient Management Company,http://www.salient.com/
40325,Altera Digital Health,http://www.alterahealth.com
40326,Jackson Hogg Limited,http://www.jacksonhogg.com
40327,"NeuroVasc Technologies, Inc.",http://www.neurovasctechnologies.com
40328,Occlutech,http://www.occlutech.com/
40329,KiZAN Technologies,http://www.kizan.com
40330,Daikin UK,http://www.daikin.co.uk/
40331,SundaySky,http://www.sundaysky.com/
40332,Arcus Search,http://www.arcussearch.com
40333,We Are Copywriters,https://wearecopywriters.com/
40334,Cie,http://ciedigital.com/
40335,DCL Search - Cyber Security Talent Solutions,http://www.dclsearch.com/
40336,Hostaway,http://www.hostaway.com/?utm_source=linkedin
40337,Yordas Group,http://www.yordasgroup.com
40338,"ImmunityBio, Inc.",http://www.ImmunityBio.com
40339,Rewired.one,https://www.rewired.one/
40340,Manr,https://www.manr.ca/
40341,NationStaff,http://www.nationstaff.com
40342,Safeco Insurance,http://www.safeco.com
40343,CAYS Inc.,http://www.cayscorp.com
40344,SteriTech ,http://www.steritechprocesssolutions.com/
40345,Token Creative Services,https://tokencs.ca/
40346,Future Positive - Part of Emberson Group,https://www.emberson-brand.com/
40347,Royal Flying Doctor Service of Australia,http://www.flyingdoctor.org.au
40348,ProtoPie,https://bit.ly/3skRsa0
40349,Equiniti U.S.,https://equiniti.com/
40350,Spear Education,http://www.speareducation.com/
40351,The Loss Foundation,http://thelossfoundation.org/
40352,Photon Infotech Private Limited,http://www.photon.in/
40353,ArcTouch,https://arctouch.com/
40354,Devro,http://www.devro.com/
40355,"Aden & Anais, Inc.",http://www.adenandanais.com/
40356,cloudEQ,https://cloudeq.com
40357,Paralucent,https://www.paralucent.com
40358,Workable Middleware Test Company,http://example.com
40359,Get2Talent Diversity & Inclusion Recruitment,https://get2talent.com/
40360,Neoarchi,https://neoarchiinc.com/
40361,DigitalRadius,http://www.digitalradius.com
40362,Dalberg,http://www.dalberg.com/
40363,Copart UK Limited,http://remarketing.copart.co.uk
40364,TalentDesk.io,https://talentdesk.io/
40365,Fenergo,https://www.fenergo.com/
40366,Media Contacts Ltd,http://www.media-contacts.co.uk
40367,HelloSelf,http://www.HelloSelf.com
40368,Vertical Plus Ltd,http://www.verticalplus.co.uk/
40369,Frontline Performance Group,http://www.Frontlinepg.com
40370,Nova International Group ,http://www.novainternationalgroup.com/
40371,Stratia Cyber,http://www.stratiacyber.com
40372,EK Interactive Innovations Ltd,https://www.ekinteractive.co.uk/
40373,Kerecis,https://www.kerecis.com
40374,WPM Real Estate Management,http://www.wpmllc.com/
40375,San Digital,https://sandigital.uk
40376,This Is The Coast,https://www.thisisthecoast.co.uk/
40377,"A1 Driving School, Inc.",https://a1drivingschool.com
40378,Cherry Ventures,http://www.cherry.vc
40379,Crestwood Search,http://www.crestwoodsearch.com
40380,Hughston,https://hughston.com/
40381,Ross & Baruzzini,http://www.rossbar.com
40382,OnBuy.com,https://www.onbuy.com
40383,Salario,http://www.salario.co.uk
40384,LinQ Transport,http://www.linqtransport.com
40385,MedVet,http://www.medvet.com
40386,//SEIBERT/MEDIA,https://www.seibert-media.net/
40387,OASIS Ascent,https://oasisascent.com/
40388,AppLearn®,https://www.applearn.com/product/
40389,PBG Consulting,http://www.pbgconsult.com/
40390,"Kestra Medical Technologies, Inc.",http://www.kestramedical.com
40391,three&six,http://www.threeandsix.agency
40392,Vennersys,http://www.vennersys.co.uk/
40393,Avantix Limited,https://avantix.co.uk
40394,Pace Communications,http://www.paceco.com/
40395,Brand Champions,https://thebrandchampions.com/
40396,MyBubble Ltd,https://www.mybubbleapp.co.uk/
40397,"Vortex Biosciences, Inc.",https://vortexbiosciences.com/
40398,"Summit Financial Group, Inc.",http://www.yoursummit.com/
40399,Advocate-Art,http://www.advocate-art.com/
40400,Mountain Point,https://mountainpoint.com
40401,Payments Canada,http://www.payments.ca
40402,YSDS,http://www.ysds.com/
40403,First Mutual Holding Co.,https://firstmutualholding.com/
40404,"Modern Technology Solutions, Inc. (MTSI)",http://www.mtsi-va.com
40405,Big Brothers Big Sisters of Middle Tennessee,http://www.mentorakid.org
40406,Jobble,https://www.linkedin.com/company/jobble-inc-/about/www.jobble.com
40407,Adult Time,https://www.adulttime.com
40408,New Charter Technologies,https://newchartertech.com/
40409,Horizon Blue Talent Consulting,https://www.horizonbluetc.com/
40410,Orchard Therapeutics,http://www.orchard-tx.com
40411,Impact Upgrade,https://www.impactupgrade.com/
40412,Customs4trade,http://www.customs4trade.com
40413,Paradigm Consulting Group,http://www.paradigmconsulting.com/
40414,TD Group Limited,http://www.tdgroup.co.uk
40415,"SoftCorp International, Inc.",http://www.softcorpinc.com/
40416,Peridot,http://www.peridotfinancing.com
40417,Hearst Autos,http://www.hearstautos.com
40418,Destin Solutions Ltd,http://www.destin.co.uk
40419,Ramapo College of New Jersey,http://ramapo.edu/
40420,"Kilgore Industries, LP",http://kilgoreind.com
40421,Geoblink,http://www.geoblink.com
40422,RE•WORK,http://www.re-work.co/
40423,Insight Editions,http://www.insighteditions.com
40424,Leave Dates,https://www.leavedates.com
40425,BRITE Energy Innovators,http://brite.org
40426,Peoples Natural Gas,https://www.peoples-gas.com
40427,ENL Group,http://www.enl.co.uk/
40428,ExtensisHR,https://www.extensishr.com
40429,Universal-Investment,http://www.universal-investment.com/
40430,Vizniti Solutions Limited,https://www.vizniti.com/
40431,VASA (Virtual Assistant Staffing Agency),https://www.vastaffing.agency/
40432,Aspens Services Ltd,http://www.aspens-services.com
40433,"The Network Pro, Inc",http://www.thenetworkpro.net
40434,Doceo Group,http://www.doceo.tv/
40435,Rise Technical,http://www.risetechnical.co.uk
40436,Love Out Loud,http://www.love-outloud.com
40437,WT (UK & Europe),http://www.wtpartnership.com
40438,incite new business,http://www.incitenewbusiness.co.uk
40439,Asset Class,https://www.assetclass.com/
40440,Next,https://careers.next.co.uk/
40441,3D Systems Corporation,http://www.3dsystems.com/
40442,AltaBrio,https://altabrio.com/
40443,PizzaExpress,http://www.pizzaexpress.com/careers
40444,Care4Calais,https://care4calais.org/
40445,Zanovoy,https://zanovoy.com/contact/
40446,Smart eBill Team,http://www.smartebillteam.com
40447,CMV Recruitment Ltd,http://www.cmv.ie
40448,Twinview | Digital Twin Platform for the Property Sector,https://www.twinview.com
40449,WestCap,http://www.westcap.com
40450,Ohana Adventures and Travel,http://evotravelagent.com/ohanaadventuresandtravel
40451,Recruiter On Demand,http://www.recruiter-on-demand.com/
40452,Uncommonly Good People,http://www.uncommonlygoodpeople.com
40453,Zeem Solutions,http://zeemsolutions.com/
40454,Faris Team Real Estate Brokerage,https://www.FarisTeam.ca
40455,Price Jones Ltd,https://www.patprice.co.uk
40456,Oliver Sanderson Group PLC,http://www.oliversanderson.com
40457,RegGenome,http://www.reg-genome.com
40458,General System,https://generalsystem.com/
40459,ONE SEARCH,http://www.one-search.com
40460,PHMG,https://www.phmg.com/
40461,Boxxed Group,https://www.boxxed.com/
40462,HomeCU,http://www.homecu.com
40463,SixBySix,https://www.sixbysix.co.uk
40465,Redegal,http://www.redegal.com
40466,Nethone,https://nethone.com/
40467,Legacy Restoration LLC,http://www.legacyrestorationllc.com
40468,"OuterBox, Inc.",http://www.outerboxdesign.com/
40469,Ontario Education Services Corporation,https://oesc-cseo.org/
40470,Precious Moments,http://www.preciousmoments.com
40471,38 Degrees,https://38degrees.org.uk
40472,Darling Maria Travel,https://linktr.ee/darling_maria
40473,Torrent Consulting,http://torrentconsulting.com
40474,CodeScience,http://codescience.com/
40475,AAH Pharmaceuticals,http://www.AAH.co.uk
40476,Blackrose Pubs,http://www.blackrosepubs.com/gift
40477,NCube Ltd - software development outsourcing and outstaffing services,https://ncube.com/contact
40478,Rising Starlets,https://therisingstarlets.com/
40479,FinTech Recruitment Group LTD,http://www.fintechrg.com
