,company_name,company_url
37222,AE Talents group LLC,http://www.aetalentsgroup.com
37223,Connectly.ai,http://connectly.ai
37225,Starboard Ventures,https://www.starboard.ventures/
37226,nextgen,http://www.nextgen-is.com
37227,CFIReview,http://www.cfireview.com/
37228,Energy Saving Trust,http://www.energysavingtrust.org.uk/
37229,Terumo Europe,http://www.terumo-europe.com
37230,Genospace,http://www.genospace.com
37231,FinMango,http://draft.finmango.org/
37232,Hogrefe Publishing,https://www.hogrefe.com/us/
37233,We Are JOY,http://wearejoy.co/
37234,Carsfast,http://www.carsfast.com
37235,Sounds Space,https://soundsspace.com
37236,Tina Lacey Recruitment Ltd,http://www.tinalaceyrecruitment.com
37237,TRS Consulting,http://www.trsconsulting.co.uk
37238,M & M Contractors,http://www.mm-contractors.com
37239,Norris - Waste Management Services,http://www.norris.co.uk
37240,Consumer Search Partners Ltd,http://www.consumersp.com
37241,Spicerhaart,http://www.spicerhaart.co.uk
37242,Interpreting Matters Ltd,http://www.interpretingmatters.co.uk
37243,Qwikify,https://www.qwikify.com
37244,SS8 Networks,http://www.SS8.com/
37245,BELOVD Agency,http://www.belovd.agency/
37246,VIAS Campus Management ,https://www.viascampusmanagement.com/
37247,The Wyanoke Group,http://www.wyanokegroup.com/
37248,Kenos Technology,https://kenostechnology.com/
37249,Shannon Trust,http://www.shannontrust.org.uk/
37250,Albert | Learn By Doing,http://www.albert.io
37251,NuAxis Innovations,http://www.nuaxis.com
37252,BlackBox QA,http://www.blackboxqa.ca/
37253,CXT Software,https://cxtsoftware.com/
37254,Emerson Chase,http://www.emersonchaseprocess.com/
37255,District CMS,https://www.districtcms.com
37256,The Natasha Allergy Research Foundation,https://www.narf.org.uk/
37257,Civo,https://www.civo.com/
37258,Simply Wall St,http://simplywall.st/
37259,GosuRabbit,http://www.gosurabbit.com
37260,Atoa,http://www.paywithatoa.co.uk
37261,Oscar Technology,http://www.oscar-tech.com
37262,AllSquares,http://allsquares.com.au
37263,ProgressIQ,http://www.ProgressIQ.com
37264,Customer Whisperers Limited,http://customerwhisperers.com
37265,Delaney & Bourton,http://www.delaneybourton.com/
37266,SylphAI,https://sylphai.com
37267,Rev & Regs,http://www.revandregs.com
37268,Smart Monkey Marketing Ltd,https://www.smartmonkeymarketing.co.uk
37269,Parent Sense,http://www.parentsense.app
37270,CO-architecture,https://co-architecture.com
37272,LMNTRIX,https://www.lmntrix.com/
37273,"Arctic Grey, Ltd.",https://www.arcticgrey.com/
37274,Motivforce Marketing & Incentives,https://www.motivforce.com
37275,Wefunder,https://wefunder.com/
37276,Green Accountancy,http://www.greenaccountancy.com
37277,The Clear Company,http://www.theclearcompany.co.uk
37278,Rocketech Software Development,http://www.rocketech.it/
37279,Integreon,http://www.integreon.com/
37280,Inceptra Solutions LLC,http://inceptrasolutions.com/
37281,Shake Shack,http://shakeshack.com/
37282,"FXN Studio | A Technology, Design, & Marketing Agency",https://teamfunction.io
37283,CPA Engineered Solutions Ltd,https://www.cpa-group.com
37284,iLoy Group,https://www.iloy-group.com
37285,transparent,https://transparent.biz/
37286,Timeflyz,https://www.timeflyz.co/
37287,Infosoftllc,https://infosoftllc.com/
37288,Communicorp UK,http://www.communicorpuk.com
37289,Jonas Event Technology,http://jonas.events
37290,Smplrspace,https://www.smplrspace.com
37291,CMK Select,http://www.cmkselect.com
37292,OneEnergy,http://www.oneenergyrenewables.com
37293,eloomi,https://eloomi.com
37294,Mathspace,http://mathspace.co/
37295,simplypay,simply-pay.uk
37296,Project 99 | 项目99,https://www.project99.gg
37297,Deep Pharma Intelligence,https://www.deep-pharma.tech/
37298,conferenceemcees.com,https://www.conferenceemcees.com/
37299,blueskies,http://www.blueskiescareers.co.uk/
37300,Researchable,https://www.researchable.info
37301,Axelar Network,https://axelar.network
37302,U.S. Engineering,http://www.usengineering.com
37303,East Side Games,http://www.eastsidegames.com
37304,Avant Mutual,http://www.avant.org.au
37305,Rumble League Studios,http://rumblekongleague.com/
37306,Gridiron IT,http://www.gridironit.com
37307,Flavor.,http://www.flavorsampling.com
37308,LoveYourLife,http://love-yourlife.me/
37309,"TenStep, Inc.",http://www.TenStep.com
37310,Sounio.io,http://sounio.io
37311,ClearVUE,https://clearvue.business
37312,WP Obsessed,https://wpobsessed.com/
37313,Findr,https://xhv.short.gy/Findr
37315,Bridge IT Engineering,http://www.bridgeite.com
37316,Alta,https://www.alta.so/
37317,MR-Solutions Ltd,http://www.mr-solutionsltd.co.uk/
37318,GovFirst,http://www.govfirst.net
37319,BetterHelp.com,https://www.betterhelp.com
37320,Allovance,http://www.allovance.com
37321,Pocket Tutor,http://www.pockettutor.ie
37322,FASTER Asset Solutions,https://fasterasset.com/
37323,TALi,https://talihealth.com.au/
37324,Proqis,http://www.proqis.com
37325,Refactor Talent,http://www.refactortalent.com/
37326,DAS Business Furniture Ltd,https://dasbf.com
37327,"Rager Resources Group, LLC",http://www.ragerresources.com/
37328,franklin.ai,http://franklin.ai
37329,Digital Theatre,https://www.digitaltheatreplus.com/
37330,Kremesti Environmental Consulting Ltd,http://www.kremesti.com
37331,Talent Acquisition Limited,mytalentacquisitions.com
37332,Taskmount Pty Ltd,http://www.taskmount.com.au
37333,Videate,https://www.videate.io
37334,Diligent Staffing LLC,http://www.diligentstaffing.com/
37335,Nationwide Marketing Group,http://www.nationwidegroup.org
37336,Good Books,https://www.goodbooks.io
37337,Inked. Influencer Commerce.,http://www.inkedbrands.com
37338,"Platinum Enterprise Solutions, Inc.",http://www.platinumesol.com
37339,AceUp,https://www.aceup.com
37340,Squadgorecruitment,https://squadgorecruitments.com/jobs/
37341,Metropolitan Pub Company,https://www.metropolitanpubcompany.com
37342,Jelli Group,http://www.jelligroup.com
37343,LoveMyJob,http://www.lovemyjob.com/
37344,The Zen Project,http://www.t-z-p.com
37345,Mower Agency,http://www.mower.com
37346,BuildingReports,http://www.buildingreports.com
37347,Veris,https://www.veris.com.au
37348,Isometric Technologies (ISO),http://iso.io/
37349,Rabbet,https://rabbet.com
37350,Complete Home Surveys,http://www.completehomesurveys.co.uk
37351,BrightHire Search Partners,https://www.brighthiresp.com
37352,BCD Meetings & Events,http://www.bcdme.com
37353,Jigsaw Tree Ltd,https://www.jigsawtree.com/
37354,Anuvu,http://www.anuvu.com
37355,Quantum Lock Technologies,http://quantumlock.co
37356,Carbon Responsible,http://www.carbonresponsible.com
37357,Regrid,https://regrid.com/contact
37358,Cambridge City Council,http://www.cambridge.gov.uk
37359,Mobius,http://www.getmobius.io
37360,StayOnHire,http://www.stayonhire.com
37361,BRAINWAVE OPTIGRATORS,http://www.bw-og.com
37362,Appello Software,http://www.appello.com.au
37363,SchoolGrid,http://www.schoolgrid.co.uk
37364,Electro Optic Systems,http://www.eos-aus.com/
37365,Warm Commerce ,https://www.warmcommerce.com/
37366,eLogii,https://elogii.com/
37367,Rinnai America Corporation,http://www.rinnai.us
37368,Sutton Winson,http://www.suttonwinson.com/
37369,"RightsClick, Inc",http://www.rightsclick.com/
37370,LightRocket,https://www.lightrocket.com
37371,Revero,http://www.revero.com
37372,Bushel,http://www.bushelpowered.com/
37373,Lensrentals.com,http://www.lensrentals.com
37374,"The Computer Merchant, LTD (TCM)",http://www.itstaffing.com
37375,Rolf Berryman Consultancy,http://www.rolfberryman.com
37376,Cesanta,https://mongoose.ws/
37377,Analytiks,http://analytiks.co
37378,Hajra K Digital,https://www.hajrakdigital.co.uk/contact
37379,Act Digital Consulting,http://www.actdigitalconsulting.com
37380,EsperoTech GmbH & Co KG,#
37382,Stelling Properties,http://www.stellingproperties.com/
37383,TechWaves Recruitment,https://www.techwavesrecruitment.co.uk
37384,infogr8,https://www.infogr8.com/
37385,Brave Endeavours,https://stephgorton.com/
37386,Naturecan,https://uk.naturecan.com/
37387,Three Division,http://www.envadiv.com
37389,CardieX Limited,http://www.cardiex.com
37390,Growth Tribe,https://www.growthtribe.io/
37391,"Benecard Services, LLC",http://www.benecard.com
37392,"Iconic Infosys, Inc",https://www.iconicinfosys.com/
37393,Fascinate Productions,https://fascinateproductions.co.uk/
37394,Prime Light,http://www.primelight.co.uk
37395,Surcheon,http://www.surcheon.com
37396,Synergy 360,http://www.synergy360.co
37397,SoundMindsUK,https://linktr.ee/SoundmindsUK
37398,MEMX,http://www.memx.com
37399,Air Products,http://www.airproducts.com/
37400,Valenza Ltd,http://www.valenza-ltd.com
37401,Boston Research Journals,http://bostonresearch.org/
37402,The Network Technology Recruitment,http://www.thenetworkit.com
37403,Enelion,http://www.enelion.com/
37404,Chestnut Health Systems,https://www.chestnut.org
37405,Fluency Inc.,https://www.tryfluency.com/
37406,Blue Triangle,https://www.bluetriangle.com/?utm_source=linkedin&utm_medium=button
37407,Great Detail Ltd,https://www.greatdetail.com/
37408,Verditer Consulting,http://www.verditer.co.uk
37409,Watson Reynolds,http://www.watsonexec.com
37410,TEKWings LLC,http://www.tekwings.com
37411,Skills Provision Ltd,https://www.skills-provision.com/
37412,b3 jobs ltd,https://www.b3jobs.co.uk/?utm_source=LinkedIn&utm_medium=Company%20Page&utm_campaign=Visit%20Website%20Button
37413,Headhunt Ltd.,http://www.headhuntltd.com
37414,Glean (formerly Sonocent),http://glean.co
37415,AGI Global Logistics,https://www.agi.global/
37416,Crèdit Andorrà,http://www.creditandorragroup.com
37417,VisitorsCoverage Inc.,http://www.visitorscoverage.com
37418,"Zest Intelligence, Inc.",http://www.beyourzest.com
37420,Zoba,https://www.zoba.com/
37421,The Egoscue Method,http://www.painfree.com
37422,Onto - we are hiring  🚀 🚀,http://www.on.to
37423,Mason & Wake Global Sales Search,http://www.masonwake.com
37424,9cv9 Tech Hiring and Offshoring,https://9cv9.com/tech-offshoring/
37425,Surviving Economic Abuse (SEA),http://www.survivingeconomicabuse.org/
37426,The Bridgespan Group,https://bspan.org/LICareers
37427,BootstrapLabs,https://bootstraplabs.com/
37428,Apheta Data Solutions,http://www.apheta.com.au/
37429,GroTech Search,http://www.grotechsearch.com
37430,Creative Impact Agency,http://www.cia-adv.com
37431,Epicurate,http://www.epicurate.vip
37432,Lifetech Resources,http://www.lifetechresources.com
37433,SynapOne,http://www.synapteinsolutions.com
37434,Thryv Australia,http://www.thryv.com.au
37435,Assembler,https://assembler.app/
37436,Ploy,http://www.ploy.com.au
37437,Saddleback Solutions,http://www.saddlebacksolutions.com/
37438,Ludgate Search ,http://www.ludgatesearch.com
