,company_name,company_url
35497,Scaledesk IT,http://scaledesk.io
35498,BarNone Recruiting ,http://barnonerecruiting.com/
35499,Manu Forti Limited,http://www.manu-forti.co.uk/
35500,The Rebel School,http://www.therebelschool.com
35501,BondLink,https://www.bondlink.com
35502,Find.,https://www.linkedin.com/company/findtalentoperu
35503,9Dot ,http://www.hello9dot.com/
35504,Omnivo Digital,http://www.omnivodigital.com/
35505,The Carrera Agency,https://www.thecarreraagency.com/
35506,Nillion,http://www.nillion.com/
35507,Davitt Jones Bould (DJB),http://www.djblaw.co.uk
35508,"Moda Operandi, Inc",http://modaoperandi.com/
35509,Euronet Worldwide,https://www.euronetworldwide.com
35510,Agricultural Recruitment Specialists Ltd,https://www.agrirs.co.uk
35511,Empire Media Network,https://empire.media/
35513,Hunter & Bard - Account-Based Marketing Agency,http://hunterandbard.com/
35514,Synovos,http://www.synovos.com
35515,Pacific IT Support,http://www.pacificitsupport.com/
35516,Dam Digital,http://www.damdigital.com
35517,Adobe Commerce,https://adobe.ly/adobecommerce
35518,HealthHero,https://www.healthhero.com/
35519,Mattoboard (Techstars '22),http://www.mattoboard.com/
35520,OX Seven Talent Partners,http://www.ox-seven.com/
35521,Mavenwit,https://www.mavenwit.com/
35522,DataField Technology Services,http://www.datafieldusa.com
35523,Further Group,https://wegofurther.com/
35524,World Benchmarking Alliance,https://www.worldbenchmarkingalliance.org/
35525,"Kreig LLC, Attorneys at Law",https://kreiglaw.com
35526,YourParkingSpace,http://www.yourparkingspace.co.uk
35527,Highgate,http://www.highgate.com
35528,Altera Digital Health ANZ,http://www.alterahealth.com
35529,Ortus Professional Services Recruitment,http://www.ortuspsr.co.uk/
35530,Densify,https://www.densify.com/?utm_source=LinkedIn&utm_medium=Social&utm_campaign=FY19_SocialMedia
35531,Uncommon Schools,https://uncommonschools.org/careers/
35532,Key Training Limited,http://www.keytraining.co.uk/
35533,XDuce,http://www.xduce.com/
35534,"Connect Staffing, Inc.",http://www.connectstaffinginc.com/
35535,Penny Post Credit Union,https://www.pennypostcu.com/
35536,Paramount Business Jets,https://www.paramountbusinessjets.com/
35537,"Robertson, Anschutz, Schneid, Crane & Partners, PLLC",http://rasflaw.com
35538,Sidtech Ltd,https://www.linkedin.com/services/page/45471630b513047557
35539,JFrog,https://jfrog.com/
35540,TopDog Law,http://www.topdoglaw.com
35541,Headway Tek Inc,http://headwaytek.com/
35542,clockworkTalent,https://clockworktalent.com/
35543,Casbon & Associates LLC,http://casbonassociates.net/
35544,On Call Counsel,http://www.oncallcounsel.com
35545,Ziply Fiber,http://www.ziplyfiber.com/
35546,Budweiser Brewing Group UK&I,https://europecareers.ab-inbev.com/
35547,"Columbia Search Partners, Inc.",http://www.ColumbiaSearchPartners.com
35548,Apollo Strategic Communications,http://www.apollostrategiccomms.com
35549,Livesport,http://www.livesport.eu
35550,Atheria Law,https://atherialaw.com/
35551,Purple Square,http://www.purplesquareconsulting.com/
35552,QuickSort Consulting,http://quicksortconsulting.com
35553,Big Brothers Big Sisters of Canada,http://www.bigbrothersbigsisters.ca
35554,The Renaissaint,http://therenaissaint.com
35555,OneWall Communities,http://www.onewallcommunities.com
35556,William Blair,http://ow.ly/7jE930oTYN9
35557,SGTEK SYSTEMS,https://www.sgteksystems.com
35558,GARANTIS IT Solutions,http://garantis-solutions.com
35559,The US Sun ,https://www.the-sun.com/
35560,Joint Strategic Technologies,http://jstcorp.com/
35561,WCS Group,http://www.wcs-group.co.uk
35562,ALIGN Executive Search,http://www.alignexec.com/
35563,Auger Hollingsworth Professional Corporation (Ottawa and Toronto),http://www.ahinjurylaw.com/
35564,Hi-Spirits,http://www.hi-spirits.com
35565,GF Hotels & Resorts,http://www.gfhotels.com
35566,Alchemy Pay,http://www.alchemypay.org
35567,L7 Informatics,http://www.l7informatics.com/
35568,Murder 57 Ltd,http://www.murder57.com
35569,Honor,https://www.joinhonor.com
35570,PPHE Hotel Group,http://www.pphe.com/
35571,INSIGNIA GROUP UK,http://www.insignia-group.co.uk
35572,Adagio Therapeutics,http://www.adagiotx.com
35573,The DaVarsi Partnership,http://www.davarsi.com
35574,Telescope,https://gotelescope.ai/
35575,Zume IT,http://zumeit.com
35576,"True North Networks, Inc.",http://www.truenorthnetworks.com/
35577,wealthwellbeingwisdom,http://www.wealthwellbeingwisdom.com
35578,Arrow ECS United Kingdom,https://www.arrow.com/ecs/uk/
35579,CallisonRTKL,http://www.callisonrtkl.com
35580,Drinksology Kirker Greer,http://www.drinksology.com
35581,"e2f, inc. | Hiring Remotely",https://e2f.com
35582,"Avidity Biosciences, Inc.",http://www.aviditybiosciences.com/
35583,All American Moving Services,http://www.allamericanmoves.com
35584,AmiTina Hire Limited,http://www.amitina.com/
35585,TrustedSec,https://www.trustedsec.com/
35586,Strategic Technical Services LLC dba Strategic Tech Solutions LLC,http://www.stechservices.com
35587,Center for Reproductive Rights,http://reproductiverights.org/
35588,"Major, Lindsey & Africa",https://www.mlaglobal.com?ecid=sm_mla_n_gen_xx_linkedin_xx_xx_xx_20200512_0360544e
35589,NOBLE ISLE,http://nobleisle.com/
35590,Failbetter Games,http://www.failbettergames.com
35591,Everymile,https://everymilecommerce.com/
35592,The Consultus International Group,https://consultus.com/
35593,ALTEN Canada,#
35594,SoundWay Consulting Inc.,http://www.soundwayconsulting.com
35595,Turner Lovell,http://www.turnerlovell.com
35596,Earthjustice,https://earthjustice.org/about/jobs
35597,Slash,https://www.joinslash.com/
35598,Nisga'a Lisims Government,http://nisgaanation.ca
35599,Group-IB ,https://www.group-ib.com
35600,MAP Patient Access Limited,https://www.mappatientaccess.com/
35601,SymphonyAI Industrial,https://symphonyindustrial.ai/
35602,Waymark Tech,http://www.waymark.tech
35603,SUPERFUND,http://www.superfund.com
35605,Ford Fuels,http://www.fordfueloils.co.uk
35606,sedApta UK,https://www.sedapta.com/
35607,"Manning & Kass, Ellrod, Ramirez, Trester LLP",http://www.manningllp.com/
35608,GenGame Ltd,http://www.gengame.co.uk/
35609,Air Ambulance Charity Kent Surrey Sussex,http://www.aakss.org.uk/
35610,Hiring & Empowering Solutions,http://www.hiringandempowering.com/
35611,Staffing Venture Capital,http://www.staffingvc.com
35612,"Bremer Whyte Brown & O'Meara, LLP",http://www.bremerwhyte.com
35613,Prosper,https://weallprosper.co.uk
35614,FLEX by Fenwick,https://www.fenwick.com/flex
35615,Institute for Free Speech,http://www.ifs.org
35616,Peatix,https://peatix.com
35617,AXIOM Learning Solutions,https://axiomlearningsolutions.com
35618,Alex Partners,http://www.alexpartners-search.com
35619,"Insource Services, Inc.",http://www.insourceservices.com/
35620,Wunderdogs,http://www.wunderdogs.co/
35621,Child Brain Injury Trust,http://www.childbraininjurytrust.org.uk
35622,NuScale Power,http://www.nuscalepower.com
35623,Pro-Test Consultancy,http://www.bulats.com.my
35624,RightBound,https://rightbound.io/?utm_source=linkedin&utm_medium=button&utm_campaign=pagebutton
35625,Filmo,https://www.linkedin.com/company/filmo-australia/about/www.filmo.com.au
35626,The Country Trust,http://www.countrytrust.org.uk
35627,"The Climate Service, now a part of S&P Global",https://www.theclimateservice.com/
35628,FixedToday,http://www.fixedtoday.nl
35629,Sigma Polaris,http://www.sigmapolaris.com
35630,"Center for Disease Dynamics, Economics & Policy (CDDEP)",http://www.cddep.org
35631,MK Partners,https://www.mkpartners.com
35632,Biospark Intellectual Property Law,http://www.biospark-ip.com/
35633,ERM International,https://www.erminternational.com
35634,iNFiNiTi HR Company Limited,http://www.infiniti-bd.com
35635,"AgReserves, Inc.",http://www.agreserves.com/
35636,Xome,https://www.xome.com/
35637,"Keker, Van Nest & Peters LLP",http://www.keker.com
35638,OneBridge Search,http://www.onebridgesearch.com/
35639,S:CRAFT Plantation Shutters,https://www.s-craft.co.uk/
35640,Pharma Hermetic UK,http://www.pharmahermetic.co.uk
35641,ISQ Crowdfunding,http://www.isqcrowdfunding.com/
35642,Palico,https://www.palico.com/
35643,expondo,#
35644,Kloned | Executive Assistants,http://www.kloned.co
35645,"Frontline, LLC - Managed IT Services and IT Support",https://www.frontlineinc.com/
35646,Huntington's Disease Youth Organization (HDYO),https://en.hdyo.org/
35647,Bitget Group,http://www.bitget.com
35648,Geron Corporation,http://www.geron.com
35649,Mirati Therapeutics,http://www.mirati.com
35650,John Charcol - Independent Mortgage Expertise,https://www.charcol.co.uk
35651,ResourceKraft Energy Management Solutions,http://www.resourcekraft.com/
35652,Crunch,http://www.crunch.co.uk/
35653,Pathway Capital Management,http://www.pathwaycapital.com
35654,Claymatic Games,https://claymatic.games
35655,"Don Bivens, PLLC",https://www.donbivens.com
35656,DataTree,https://www.datatree.ai/
35657,Allen & York,http://www.allen-york.com
35658,Jones Day,http://www.jonesday.com
35659,CAS Holdings Pte. Ltd.,http://www.cas-1000.com
35660,Festivals and Events International Ltd (FEI),http://www.feiuk.com/
35661,MoonLanding Media,https://moonlanding.media
35662,"Michael E. Ross, DDS, Inc.",http://www.michaelrossdds.com
35663,Spectrotel,https://www.spectrotel.com
35664,Ocean Infinity,http://www.oceaninfinity.com
35665,Lemnisk,https://www.lemnisk.co/
35666,MPB,http://www.mpb.com
35667,TalenRec,https://saraaraby.wixsite.com/talenrec/blog
35668,Radiodetection Ltd,https://www.radiodetection.com
35669,Firntec,http://www.firntec.com
35670,Association for Cultural Enterprises,http://www.culturalenterprises.org.uk/
35671,Orion Electrotech,https://www.orionelectrotech.com/
35672,Hanson Australia,https://www.hanson.com.au/?utm_source=linkedin&utm_medium=main-btn&utm_campaign=showcase
35673,Boosey Wilson Group | Legal & Professional Talent,http://www.booseywilson.com
35674,Clock,https://www.clock.co.uk/
35676,TalentVanpe,https://www.talentvanpe.com/
35677,7EVEN OF Ni9E COD3X,https://www.7even9ine.com/
35678,Westpac Group,http://www.westpac.com.au/careers
35679,Zirrus One,http://zirrusone.com
35680,Oden Services UK Limited,http://www.odenservicesuk.co.uk
35681,Acorio,http://www.acorio.com
35682,Diona,http://www.diona.com
35683,MedSys Group,http://www.medsysgroup.com
35684,Bentek,https://www2.mybentek.com/
35685,Techfugees,http://www.techfugees.com/
35686,Achieve together,http://www.achievetogether.co.uk
35687,GeoComm,http://www.geo-comm.com
35688,Retinue Talent Solutions,http://www.retinuets.com
35689,Gabriel Horn Capital,https://www.gabrielhorncapital.com/
35690,Jagex,https://www.jagex.com/en-GB/careers
35691,Akebono Brake Corporation,http://www.akebonobrakes.com
35692,SevenSteps Recruitment,http://www.sevensteps-uk.com/
35693,Wayside Publishing,http://www.waysidepublishing.com/
35694,Kloves Inc.,https://www.klovesinc.com
35695,Kynd,https://kynd.com.au
35696,WEST OFFICE SUPPLIES,http://WWW.WESTOFFICESUPPLIES.COM
35697,Delta Ultraviolet Corporation,http://www.deltauv.com
35698,eCom Learning Solutions,https://www.ecomlearningsolutions.com
35699,"Apogee, Inc.",http://www.apogee.us
35700,Kryptos Technologies UK Limited,http://www.kryptosltd.co.uk/
35701,PT Executive ,https://www.ptexecutive.co.uk/
35702,Bicycle Therapeutics,https://www.bicycletherapeutics.com/careers/
35703,Dunelm,https://www.dunelmcareers.com/
35704,Bryant Law Firm,http://www.miamiprobatefirm.com
35705,Business HR Solutions (Consultancy) Limited,https://www.hrsolutions-uk.com/
35706,International Sales Team,https://internationalsalesteam.com/
35707,Fortis Recruitment,http://www.fortis.ie
35708,Inovus Medical,https://www.inovus.org/
35709,Adverity,https://www.adverity.com/
35710,IT Vision Group,http://www.itvisiongroup.com/
