,company_name,company_url
38976,Criticalcase,https://www.criticalcase.com/it/homepage
38977,The Lister Institute of Preventive Medicine,http://www.lister-institute.org.uk/
38978,Goodwill-Easter Seals Minnesota,http://www.gesmn.org
38980,Entelechy Academy,http://www.entelechy.academy
38981,Adapt,https://www.adaptworldwide.com/
38982,"RightSourcing, Inc.",http://www.rightsourcingusa.com
38983,SharkNinja,http://www.sharkninja.com
38984,Navitas Resourcing Group,http://www.navitas-nrg.com/
38985,Workhuman,http://www.workhuman.com
38986,"Eanet, PC",https://eanetpc.com
38987,Be The Match,http://www.bethematch.org/
38988,Bitcoin Magazine,https://www.bitcoinmagazine.com/
38989,TWL Global Services,https://talentwelove.com/
38990,"WiserCare, Inc.",http://www.wisercare.com
38991,MDSec,https://www.mdsec.co.uk
38992,Recruit.ie,http://www.recruit.ie
38993,Vallis Consulting,http://www.vallis-consulting.com
38994,Matomo,https://matomo.org/
38995,Velo3D,http://www.velo3d.com/
38996,Complete I.T. Ltd,http://www.complete-it.co.uk
38997,Cardel Ltd,http://www.cardel.co.uk
38998,Hyundai Capital America,https://www.hyundaicapitalamerica.com/
38999,Waste to Wonder Network Operations Ltd,http://www.wastetowonder.com/
39000,CPQ People,https://www.cpqpeople.com/
39001,Teamshares,http://www.teamshares.com
39002,"Farmers Financial Solutions, LLC",http://www.farmers.com/financial
39003,Rome2rio,http://www.rome2rio.com
39004,Forto,http://www.forto.com/
39005,Compex Legal Services,http://www.compexlegal.com/
39006,Evidence IQ,http://www.evidenceiq.com
39007,Claim Toolkit,http://www.claimtoolkit.com/
39008,Manhattan Associates,https://www.manh.com/?utm_campaign=21-01-global-all-nonproduct-organicmedia-visit-website&utm_content=Profile-Button&utm_source=linkedin&utm_medium=organic&utm_term=CTA
39009,HR Acuity,http://www.hracuity.com/
39010,Adaps,http://www.adaps.com.au
39011,biologit: from data to evidence,http://www.biologit.com/
39012,aptihealth,http://www.aptihealth.com
39013,MasTec,http://www.mastec.com
39014,DEEP ISOLATION,http://www.deepisolation.com/
39015,Lyda Group (Lyda Law Firm | Lyda Strategies),https://www.lydagroup.com
39017,noonssup,http://www.noonssup.io
39018,ECC Educational Competencies Consortium,http://ecc.ac.uk
39019,Spot On Talent,http://spotontalent.com/
39020,Encore Travel,https://www.encore.ca/
39021,Donna Cona,http://www.donnacona.com
39022,Liberty Towers,http://www.libertyresourcing.co.uk/
39023,ComplySci,http://www.complysci.com
39024,Public Allies,http://www.publicallies.org/
39025,"C. Handy Law, PLLC",http://www.chandylaw.com/
39026,Stemilt Growers,http://www.stemilt.com/
39027,The Bloom Firm,http://www.thebloomfirm.com
39028,"Homeowners Choice Property & Casualty Insurance Company, Inc.",http://www.hcpci.com
39029,Ashfield MedComms,https://www.ashfieldmedcomms.com
39030,Global Message Services,https://www.gms-worldwide.com/
39031,ITW Construction Products (UK & Nordics),https://itwcp.com
39032,Coyle Consulting,http://www.coyleconsulting.ie/
39033,Courtney Black App,https://www.courtneyblack.co.uk
39034,Knowable,https://www.knowable.com/
39035,ReferWell,https://referwell.com
39036,Blue Ridge,https://www.blueridgeglobal.com
39037,"Holland, L.P.",http://www.hollandco.com/
39038,Joorney Business Plans,https://www.joorney.com
39039,AimHi Earth,http://www.aimhi.earth
39040,ResourceWell,http://www.resourcewell.net
39041,Great Plains Institute,http://www.betterenergy.org/
39042,UE SYSTEMS,http://uesystems.com/
39043,Asendium,https://www.asendium.com/contact-us/
39045,Chaucer,http://www.chaucer.com/
39046,Skylight Law,http://www.skylightlaw.com
39047,Business Talent Group,https://businesstalentgroup.com/
39048,IT Weapons,https://www.itweapons.com/
39049,Earthli,http://www.earthli.world
39050,Partner Group,http://thepartnergroup.co.uk/
39051,McKinley Advisors,http://www.mckinley-advisors.com
39052,Perr&Knight,http://www.perrknight.com
39053,Ashling Partners,http://www.ashlingpartners.com/
39054,Domuso,http://domuso.com
39055,Edge Impulse,https://www.edgeimpulse.com/
39056,"Boyd & Jenerette, P.A.",http://www.boydjen.com
39057,The Freelance Firm,http://www.thefreelancefirm.com
39058,Comfort Keepers,http://www.comfortkeepers.com
39059,Process Metronome,http://process-metronome.com/
39060,Sapia.ai,https://sapia.ai
39061,Wren Healthcare,https://www.wrenhealthcare.co.uk
39062,Kinessor,https://www.kinessor.com/
39063,"Burlington Stores, Inc.",http://www.burlingtonstores.jobs
39064,Chamberlain Hrdlicka,http://www.chamberlainlaw.com
39065,ecosio,https://ecosio.com/
39066,Chemonics International,http://www.chemonics.com
39067,Panthera Marketing,https://pantheramarketing.co.uk
39068,Dunlap Bennett & Ludwig,http://www.dbllawyers.com/
39069,Idemitsu Lubricants America,https://www.idemitsulubricants.com/
39070,James Grace Associates Limited,http://www.jamesgraceassociates.co.uk/
39071,Onko,http://www.onkohealth.co.uk
39072,ODO Drive,http://www.ododrive.com/
39073,Spectrum Groupe,http://www.spectrumgroupe.fr
39074,Slingshot Aerospace,https://slingshotaerospace.com/
39075,Ephesoft,https://ephesoft.com/
39076,Bluewater Hayes Inc.,http://www.bluewaterhayes.com
39077,Agitech LLC,https://www.agitechllc.com/
39078,Movement Strategy,https://www.movementstrategy.com/?utm_source=linkedin&utm_medium=organic-social&utm_campaign=visitwebsitebutton
39079,M&M Food Market,http://www.mmfoodmarket.com
39080,The Aspen Institute,http://www.aspeninstitute.org/
39081,Transform,https://www.transformUK.com
39082,Cluster,http://www.datacluster.com
39083,percipio.london,http://percipio.london
39084,VISIONARY WOMEN,http://visionarywomen.com
39085,Davis Wright Tremaine LLP,http://www.dwt.com/
39086,MAK Financial CPA,http://www.makcpa.com
39087,Fixed-Fee Placements,http://www.fixedfeeplacements.co.uk/
39088,Hive Learning,https://www.hivelearning.com/site/
39089,tori belle cosmetics,http://www.toribellecosmetics.com
39090,Office Collective,http://www.officecollective.com/
39091,BrightPoint Infotech,http://www.brightpointinfotech.com/
39092,"Epividian, Inc.",http://www.epividian.com
39093,M3 Media Group,http://www.m3publishing.co.uk
39094,Inventum Group,http://www.inventum-group.com/
39095,Engaging Networks,http://www.engagingnetworks.net/
39096,Stink Studios,http://www.stinkstudios.com
39097,Baxi Heating,https://www.baxiheating.co.uk/
39098,"Halloran Consulting Group, Inc.",http://www.hallorancg.com
39099,Knowles Precision Devices,https://www.knowlescapacitors.com/
39100,Loving The Plant,http://www.lovingtheplant.com
39101,TEGNA,http://www.TEGNA.com
39102,Kalypso: A Rockwell Automation Business,https://kalypso.com/
39103,Candle Shack Limited,http://www.candle-shack.co.uk
39104,GLOBAL E - CONNECT,http://www.globale-connect.com
39105,Quantuma,https://www.quantuma.com/
39106,Voyage Advisory,http://www.voyageadvisory.com
39107,HIRO Trading Technology,http://hirotrading.io
39108,VPI UK Products Ltd,https://www.vpiuk.co.uk
39109,Carousel Consultancy Ltd,https://carousel.co.uk/
39110,Habitus Health,https://habitushealth.net/
39111,Empire Search Partners,https://empiresearchpartners.com/
39112,Above the Bar,http://www.atblr.com/
39113,Alamy,https://www.alamy.com
39114,Aetion,http://www.aetion.com
39115,PRS ,https://www.prsjobs.com/
39116,KineMatik,http://www.kinematik.com/
39117,National Car Parks Limited,https://www.ncp.co.uk/
39118,NUDESTIX,http://www.nudestix.com
39119,LaMont Law,http://www.lamont-law.com/
39120,The AMMIS Group,http://www.ammisgroup.com/
39121,TSC Subsea,https://www.tscsubsea.com/
39122,Fosroc,http://www.fosroc.com
39123,SIKLA UK & Ireland,https://blog.sikla.co.uk/
39124,Wheale Thomas Hodgins,http://www.wth.co.uk
39125,"WGA Consulting, LLC",https://www.wgaconsulting.com/
39126,Synergy Health Partners,http://www.synergy-hp.com
39127,AQCON,https://aqcon.co
39128,Freyr Solutions,https://www.freyrsolutions.com/
39129,e360,https://www.e360.com/
39130,"Provide, Inc.",http://www.providecare.org/
39132,Runagood®,http://www.runagood.com
39133,Margera,http://www.margera.co
39134,Pandemic Prevention Network,http://www.pandemicpreventionnetwork.org/
39135,SGI,http://sgi.sk.ca
39136,BOA Gaming,http://boa-gaming.com/
39137,Trusted Media,https://trustedmedia.co.uk
39138,The Site Doctor Ltd,https://thesitedoctor.co.uk
39139,Clarios,https://www.clarios.com/
39140,KinFitz & Co.,http://www.kinfitz.com
39141,Consilium,http://www.consiliumls.com
39142,My Healthcare Recruit,https://myhealthcarerecruit.com/
39143,Ultramed,https://www.ultramed.co
39144,"DigiDoc, Inc. dba Public Sector Solutions Group",http://ps2g.us/
39145,ClimateView,https://climateview.global/
39146,M Powered Strategies,http://www.mpoweredstrategies.com
39147,Studio Gobo,http://www.studiogobo.com
39148,Channel 3 Consulting,https://channel3consulting.co.uk/
39149,Wendy Winterburn,http://www.wendywinterburn.com
39150,Indielab ,http://www.weareindielab.co.uk
39151,Heels & Brogues Group,https://heelsandbroguesgroup.co.uk/
39152,Boston Environmental,http://www.tanksure.com
39153,Just Group plc,http://www.justgroupplc.co.uk
39154,Exelon,http://www.exeloncorp.com
39155,ZRS Management,http://www.zrsmanagement.com
39156,Tulsa Welding School-Jacksonville Campus,http://weldingschool.com
39157,ZeroEyes,https://www.zeroeyes.com/
39158,"Procopio, Cory, Hargreaves & Savitch LLP",http://www.procopio.com/
39159,Perplex Group,http://www.perplexlondon.com
39160,Lionrock Recovery,http://www.lionrockrecovery.com/
39161,Supporting Education Group,https://www.supportingeducation.com/?utm_medium=organic-social&utm_source=linkedin&utm_campaign=seg-linkedin-page&utm_content=visit-website-cta
39162,Agent Launch,https://agentlaunch.com
39163,Collegis Education,https://collegiseducation.com/?utm_source=LinkedIn&utm_medium=visitwebsitebutton&utm_campaign=Q3_2020
39164,Broadbean Technology,http://www.broadbean.com/
39165,insendi,https://www.insendi.com
39166,Exeevo,https://www.exeevo.com
39167,NET REPLY US,https://www.reply.com/net-reply/en/
39168,Zevo Health - Workplace Wellbeing,http://www.zevohealth.com
39169,Highrise Marketing,http://www.thisishighrise.com/
39171,Evolus,https://www.evolus.com/
39172,Reed - Technology,https://www.reed.com/employers/technology-recruitment
39173,One & All Agency,http://oneandall.com
39174,BMR Solutions Ltd,http://www.bmrsolutions.co.uk
39175,Atal UK,http://www.ataluk.com/
39176,Jones Mayer,http://www.jones-mayerblog.com/
39177,CMG Consulting,http://www.cmgconsulting.com/
39178,Susman Godfrey LLP,http://www.susmangodfrey.com
39179,Treliant,https://www.treliant.com
39180,Build A Spa- UK Spa Manufacturer,https://buildaspa.co.uk/
39181,Forensic Strategic Solutions,http://www.forensicstrategic.com
39182,Hope Enterprise Corporation,http://www.hope-ec.org
39183,"JBN & Associates, LLC",http://www.jbnassociates.com
39184,"Garcia Legal Search, LLC",http://www.garcialegalsearch.com
39185,Investors in People,http://www.investorsinpeople.com/
39186,Elliott Moss Consulting,http://www.elliottmoss.com
39187,SAT Microsystems,https://satmicrosystems.com
39188,Opportunity International EduFinance,https://edufinance.org
39189,Tribe Recruitment,http://www.tribegroup.com/jobs/
39190,Allume Energy,http://www.allumeenergy.com
39191,Leonardo247,https://leonardo247.com/
